# File exported by ZBrush version 2022
# www.zbrush.com
#Vertex Count 3506
#UV Vertex Count 3418
#Face Count 3486
#Auto scale x=1.001792 y=1.001792 z=1.001792
#Auto offset x=-0.000000 y=-0.077890 z=0.002965
mtllib Scar_early1.mtl
usemtl defaultMat
v -0.10565159 3.24578973 0.28715861
v -0.14893616 3.29352736 0.21382327
v -0.09638261 3.15830197 0.34708318
v -0.09691261 3.01769178 0.44719556
v -0.08849537 2.76624728 0.56746681
v -0.0866121 2.57628707 0.63289872
v -0.1006277 2.37774034 0.645725
v -0.08992645 2.20257609 0.63843221
v -0.04408648 1.85931713 0.70258278
v -0.02356239 1.49068978 0.75640931
v -0.12651529 0.91833801 -0.43043488
v -0.14957575 0.80178345 -0.40621363
v -0.02328911 1.60338185 -0.40020787
v -0.01909224 1.40000924 -0.32056724
v -0.00722825 1.92594799 -0.62929052
v -0.01073701 1.777847 -0.50690147
v 0.00979812 2.57215219 -0.78454466
v 0.0033586 2.28303737 -0.74475948
v 0.00874252 2.88636613 -0.78132564
v 0.00370208 3.19224177 -0.74629286
v -0.00492301 3.44036628 -0.65174352
v -0.00905955 3.65042539 -0.48390332
v -0.00492112 2.07478604 -0.69487945
v -0.06264528 2.03554652 0.68708361
v 0.00352323 3.99856984 -0.06920532
v 0.01644161 3.89808082 -0.13381977
v -0.05879581 3.81237847 0.03542898
v -0.07278948 3.85822977 0.067484
v -0.0758142 4.10708658 0.10687107
v -0.12950279 3.85265314 0.21031236
v -0.26300846 4.0131885 0.47164906
v -0.24113355 3.794154 0.42052971
v -0.1540457 3.47704989 0.12862377
v -0.14540571 3.35727494 0.1146265
v -0.32365766 3.90903749 0.60838667
v -0.32866861 3.88847665 0.61637725
v -0.17920242 3.70210036 0.27177261
v -0.16453618 3.63478956 0.22360496
v -0.32971622 3.77011157 0.59562501
v -0.32257444 3.72904391 0.57422738
v -0.34800124 4.00221065 0.64164784
v -0.3329431 3.97821772 0.60792449
v -0.32166751 3.80250989 0.58517787
v -0.38584202 4.04657854 0.72396297
v -0.36603288 4.00376331 0.67826565
v -0.35689648 4.20058221 0.68294124
v -0.37741267 4.10104634 0.71402269
v -0.16210552 3.5741223 0.17545253
v -0.35750006 4.31702551 0.70268398
v -0.35568457 4.24970947 0.68859259
v -0.31567264 3.83106941 0.57803424
v -0.32209209 3.86737652 0.59717279
v -0.33277302 3.93525802 0.60762611
v -0.23724642 3.70475373 0.40005556
v -0.19949985 3.71992239 0.32740678
v -0.31844153 3.92046444 0.59243347
v -0.3168236 3.91916596 0.59374909
v -0.2927978 4.67867434 0.62120522
v -0.33433291 4.56138617 0.68898439
v -0.25221368 4.7596773 0.55041682
v -0.20733784 4.82531263 0.46883147
v -0.15914402 4.87008083 0.37773795
v -0.07999473 4.89454736 0.22143342
v -0.11743597 4.89085277 0.29645035
v -0.04204796 4.88034114 0.14289057
v 0.00033911 4.84650439 0.05278352
v 0.04172309 4.77829684 -0.04000178
v 0.07354061 4.67926456 -0.11675374
v 0.09474441 4.57839022 -0.17276129
v 0.10511826 4.43869083 -0.21271986
v 0.09999728 4.30283452 -0.22087524
v 0.097783 4.20133569 -0.23025844
v 0.0966679 4.09269711 -0.26498103
v 0.072992 3.98579991 -0.31000323
v 0.02979075 3.86954605 -0.35780309
v -0.29988824 3.67813575 0.52010521
v -0.34925468 4.41471266 0.69931187
v 0.01113547 3.77936446 -0.41257031
v -0.32011928 3.88513881 0.59803706
v -0.31121475 3.92337294 0.56228947
v -0.04176741 1.18267114 -0.36189328
v -0.09572612 1.05840344 -0.42228047
v -0.01344843 1.29397083 0.78527315
v 0.02316562 1.08354961 0.83845021
v -0.08645118 -0.04024722 -0.17235022
v -0.05122725 -0.08885764 0.02116746
v -0.09416511 -0.00918989 -0.20171084
v -0.10825555 0.0330393 -0.22775868
v -0.02654588 -0.10623992 0.21491087
v -0.00375349 -0.07947623 0.379883
v 0.03205973 -0.00342363 0.58215258
v 0.06620479 0.15282845 0.74953318
v 0.07462567 0.35873528 0.79843762
v 0.05041305 0.63437898 0.80761555
v -0.14141715 0.14518133 -0.34760706
v -0.15610162 0.27363009 -0.4049775
v -0.16182602 0.52220532 -0.40597026
v -0.15905213 0.66876889 -0.40301338
v 0.03325522 0.89997175 0.82639103
v 0.99740798 2.77550874 0.30842977
v 0.88221985 2.45901698 0.18234453
v 0.67204745 2.36461532 0.48403746
v 0.67436186 2.49375549 0.65943263
v 0.9649426 2.29971894 -0.52858403
v 1.0037172 2.50557274 -0.60069049
v 0.80174583 2.45801004 -0.80636067
v 0.77748635 2.32679934 -0.73839456
v 0.96347776 2.55297575 -0.20980958
v 1.02404041 2.35350323 -0.23911765
v 0.97846191 2.4455126 0.00315738
v 0.94666118 2.70733355 0.0103114
v 0.81197003 2.22161759 0.18286092
v 0.66186467 2.14674816 0.4095742
v 0.73227115 2.18059538 -0.75623706
v 0.95836723 2.10783671 -0.54382783
v 0.99374171 2.1220315 -0.23519074
v 0.90787693 2.22069323 -0.02259103
v 0.70136455 3.51870491 -0.49026717
v 0.56183972 3.65849094 -0.40308338
v 0.49433969 3.4931153 -0.57835357
v 0.64153551 3.4324966 -0.5993923
v 1.12237038 3.36161116 0.08025617
v 1.25330025 3.25888381 0.06964289
v 1.20763648 3.20187164 0.19372515
v 1.11442799 3.311025 0.16849782
v 0.70092927 3.21151032 0.34445709
v 0.7317268 3.25047984 0.29255963
v 0.84894649 3.1050753 0.35836356
v 0.85472963 3.0287853 0.41297558
v 0.5581214 3.42218845 0.08153721
v 0.7013971 3.40193628 0.092613
v 0.76785149 3.31231563 0.23998757
v 0.58402772 3.38903783 0.16740153
v 0.5615267 3.66799634 -0.16467886
v 0.72000671 3.58335615 -0.26144426
v 0.97142681 2.71889306 -0.00443469
v 0.99760337 2.5740102 -0.17035104
v 0.96946254 2.48715287 -0.47606411
v 1.34681753 2.70823483 -0.68010544
v 1.20536199 2.80601931 -0.65081976
v 1.5089209 2.93017522 -0.06202275
v 1.58334624 2.723314 -0.11442564
v 1.474396 2.7535228 0.07474211
v 1.42321773 2.90220735 0.11543983
v 1.24699167 2.86265546 0.22147233
v 1.24888323 2.8081898 0.18634263
v 1.0711708 2.80609714 0.16093512
v 0.43759264 3.78310807 -0.28753535
v 0.31943651 3.73490327 -0.44972074
v 0.25289315 3.37215158 0.18511929
v 0.38938388 3.39601813 0.13721483
v 0.59243455 3.35937117 0.21227322
v 0.52454209 3.32172512 0.24137386
v 0.46781628 3.39735565 0.10798808
v 0.39324375 3.4927269 0.06559503
v 1.40814117 2.93213984 -0.44920266
v 1.50839125 2.82530428 -0.35780386
v 1.57791669 2.74813918 -0.2047868
v 1.50344685 2.9486403 -0.24576368
v 1.08165351 3.44362367 -0.29686666
v 1.20524621 3.3229108 -0.42610956
v 1.27012045 3.30824097 -0.13350122
v 1.1174468 3.4191124 -0.0840921
v 0.67317767 3.46879942 -0.05487243
v 0.53228968 3.54061636 -0.01729566
v 0.41272994 3.612147 0.01825403
v 0.44602383 3.74075644 -0.06945823
v 0.99125684 3.31821284 0.23008237
v 1.09111144 3.15788763 0.30147523
v 0.9262974 3.41424927 0.10450413
v 0.93674602 3.46886177 -0.39376448
v 0.86469394 3.48001455 -0.05881738
v 1.03651036 3.27254479 -0.60517093
v 0.54787429 3.17650836 0.40502433
v 0.45289094 2.99997684 0.56544536
v 0.2078515 3.0190657 0.60096537
v 0.22171931 3.20159033 0.42725099
v 0.32244988 2.3501692 0.68096763
v 0.27716812 2.48415418 0.7726309
v 0.39804783 2.19249403 0.62081349
v 0.21536043 2.65175504 -0.89845263
v 0.16636494 2.36461912 -0.87019935
v 0.2717879 2.39658716 -0.8968776
v 0.33509237 2.65487678 -0.886851
v 0.43671234 3.01668079 -0.78203295
v 0.26538523 2.97806397 -0.87280221
v 0.16669188 3.69262542 -0.49967565
v 0.27216036 3.4828745 -0.66963796
v 0.13038207 3.27452727 0.31043286
v 0.00176027 3.32287629 0.24695534
v 0.09914825 3.33434965 0.23688764
v 0.34453586 3.29673573 0.28805584
v 0.24467134 1.62362997 -0.5321197
v 0.27563953 1.46976921 -0.50469939
v 0.46412898 1.50711313 -0.46448047
v 0.41571573 1.64653944 -0.51302893
v 0.59745647 1.49647727 0.51989
v 0.40585397 1.53951229 0.68299639
v 0.40359411 1.78872073 0.63286118
v 0.59992689 1.72100166 0.44213707
v 0.72135201 1.69604962 0.26299951
v 0.77317566 1.44013421 0.33860052
v 0.84558895 1.61784272 -0.21406112
v 0.85439079 1.3198696 -0.25635278
v 0.89534285 1.3631112 0.0751023
v 0.79417691 1.65304875 0.03990215
v 0.71499906 1.63016832 -0.42794715
v 0.68304226 1.37539015 -0.46645765
v 0.5802249 1.73540957 -0.63173387
v 0.54990805 2.74248402 0.69607643
v 0.24025485 2.74164605 0.75535244
v 1.18549537 2.99764666 0.2796884
v 1.02912797 2.95789105 0.35888282
v 1.32976779 3.04304292 0.17753489
v 1.39907808 3.10141998 0.01921628
v 1.33990756 3.13373691 -0.4673998
v 1.41161645 3.1377566 -0.18928474
v 1.13773621 2.98894163 -0.64321746
v 0.95271094 2.85084987 -0.78227101
v 0.84864382 3.18500515 -0.69498435
v 0.7815224 3.37688762 -0.60988406
v 0.64071319 3.33577808 -0.6682159
v 0.65412463 3.13640218 -0.74662665
v 0.31125825 3.26734443 -0.79680321
v 0.49078034 3.30706315 -0.69982951
v -0.04975861 3.30415322 0.22498311
v -0.01417503 3.26512587 0.30699884
v 0.00478308 3.04011919 0.54429007
v 0.01133656 3.18248124 0.39359066
v -0.00381675 2.77623319 0.66664848
v 0.02749188 2.38861943 0.66731189
v -0.02390923 2.54718588 0.67143896
v 0.08035322 2.2390217 0.67487991
v 0.14422075 1.56335088 0.77263858
v 0.1341261 1.85789108 0.7198225
v -0.09455489 0.79488638 -0.44193138
v -0.00021717 0.92703084 -0.47917038
v 0.04262294 1.46576333 -0.45444518
v 0.06524021 1.64179054 -0.49863476
v 0.1025691 1.81678308 -0.62420529
v 0.05251011 1.95717349 -0.6842427
v 0.07334566 2.31163973 -0.80212531
v 0.08805059 2.60325917 -0.84782757
v 0.10075055 2.91207973 -0.83962
v 0.1140046 3.20837549 -0.77831719
v 0.04888723 3.65596656 -0.48372236
v 0.09514282 3.45516391 -0.66569098
v 0.55422487 2.41926209 -0.83516717
v 0.43116525 2.55996058 -0.86049487
v 0.36869339 2.36000613 -0.89092363
v 0.52075957 2.26505803 -0.85994261
v 0.23364788 1.74678964 -0.58070719
v 0.35496283 1.73925671 -0.56674664
v 0.43302066 1.84163659 -0.71112252
v 0.29959863 1.91988931 -0.74906589
v 0.61502748 2.53778639 -0.84527451
v 0.5350332 2.7234092 -0.87909507
v 0.73512104 2.76223854 -0.84980915
v 0.11462556 2.01669874 -0.75317648
v 0.18670094 1.97675155 -0.75870099
v 0.40486285 1.97868357 0.59544271
v 0.60165846 1.89320315 0.37488811
v 0.72557381 1.95269591 0.21024284
v 0.88108588 1.89335368 -0.23895088
v 0.83610099 1.96133181 -0.00870803
v 0.89670291 1.87328738 -0.54704168
v 0.67998692 1.96402481 -0.74450477
v 0.34262842 2.13701072 -0.85348422
v 0.49011527 2.06282016 -0.82679508
v 0.13543794 2.14617389 -0.79772204
v 0.2319394 2.16020685 -0.83692718
v 0.05186161 2.09878468 -0.74961993
v 0.13460547 2.04737686 0.71296595
v 0.76814832 2.88946835 0.52792533
v 1.09382228 2.34615285 -0.5955927
v 1.33180595 2.18359004 -0.63832637
v 1.40414207 2.36971334 -0.72759056
v 1.26185606 2.48595863 -0.7438826
v 1.78990794 2.51236241 -0.06589672
v 1.75443892 2.50439706 -0.0022191
v 1.51876235 1.89331203 -0.04079541
v 1.60550948 1.78034829 -0.02880364
v 1.61700854 1.67129179 -0.30337521
v 1.50424222 1.85820488 -0.23168352
v 1.82396341 1.98227213 -0.62752206
v 1.99942789 1.81149764 -0.57003789
v 2.08123954 1.85630404 -0.50800457
v 1.96879379 1.99617586 -0.60554094
v 1.72691729 2.03032295 0.2008787
v 1.7681005 1.97532764 0.15733714
v 1.69720554 1.90968433 0.12348506
v 1.64384059 1.9651592 0.16834732
v 1.70809415 1.56666801 -0.00203971
v 1.84738908 1.49562157 -0.31724131
v 2.10400966 1.71041637 -0.46737621
v 2.19925239 1.71238135 -0.38434193
v 2.14449472 2.1243831 0.13590707
v 2.22983984 1.96877679 0.29735086
v 2.04804584 1.96357429 0.34632006
v 1.94791464 2.11916013 0.17931701
v 1.79104114 1.94362949 0.1323668
v 1.84090011 1.91523169 0.1951534
v 1.75490075 1.71810684 0.14909805
v 1.70824944 1.85642993 0.09122943
v 1.94380844 1.3482154 0.04962287
v 2.23891757 1.20547946 0.2064192
v 2.38172705 1.21268942 0.14503235
v 2.14176971 1.35200696 -0.15716401
v 2.30404551 1.50458161 -0.17181875
v 2.53469259 1.31414946 0.18877529
v 2.59537675 1.40661589 0.30656766
v 2.39223368 1.62164964 -0.06014657
v 2.29908385 1.8067353 0.39579503
v 2.37354036 1.58766866 0.56719692
v 2.28152337 1.54327649 0.58981753
v 2.14910343 1.77876029 0.45677732
v 1.96943423 1.60871418 0.29771912
v 2.16439156 1.34328956 0.42802355
v 2.17970397 1.2671677 0.3256274
v 1.90406771 1.47850733 0.22591286
v 1.18982814 2.12244228 -0.39243931
v 1.08133746 2.24331889 -0.41187177
v 1.72490614 1.73684966 -0.48628964
v 1.76682462 1.8427655 -0.53232384
v 1.61198001 1.93058919 -0.46568584
v 1.5324839 1.86441635 -0.38310818
v 2.37390853 1.78115521 0.26355412
v 2.47527147 1.57228855 0.50412018
v 2.26243165 2.04168302 0.00199617
v 2.32043078 1.92842382 0.15380454
v 2.18551502 2.10606081 -0.25441124
v 2.06846246 2.21254129 -0.19465239
v 1.80834899 2.53649195 -0.17396635
v 2.07905096 2.05430207 -0.45143422
v 2.16532092 1.92828329 -0.39979886
v 2.18879502 1.94858436 -0.3325134
v 2.12463143 2.08101406 -0.36483129
v 2.28077346 1.81832325 -0.24019641
v 2.23611378 1.82917485 -0.33132508
v 2.57670532 1.45870294 0.39019579
v 2.53558173 1.53675444 0.45328943
v 2.39951957 1.75312617 0.16865169
v 2.42815405 1.6690624 0.09544366
v 2.03297643 1.68669499 0.41175426
v 2.19752743 1.4476193 0.53924726
v 1.79369225 2.08998516 0.18278642
v 1.80542681 2.03071707 0.1600489
v 1.37736071 2.69084237 0.20418996
v 1.57831735 2.4490168 0.24040929
v 1.46683488 2.38774195 0.28240877
v 1.25283711 2.71394925 0.23311674
v 1.79605194 2.57938049 -0.33956632
v 1.56176762 2.79180833 -0.40507395
v 1.55959511 2.73807807 -0.56213293
v 1.75012151 2.51533541 -0.55183145
v 2.43757258 1.39761766 0.88619646
v 2.40686923 1.35973004 1.05840806
v 2.253392 1.32470476 0.97985452
v 2.3031666 1.34245694 0.88071782
v 2.33795556 0.52198741 1.64298852
v 2.31480203 0.54733948 1.67750521
v 2.35647467 0.53438397 1.71129794
v 2.37781303 0.51930985 1.65603453
v 2.53467403 1.34464968 0.95311606
v 2.50695082 1.3200732 1.04187642
v 2.39923469 0.56390146 1.71775775
v 2.40936196 0.5516945 1.65714976
v 2.47171087 0.88536523 0.44706567
v 2.53073669 0.8422591 0.48211312
v 2.61807166 0.88077942 0.50096678
v 2.600163 0.9700432 0.44448587
v 2.68561808 0.89877024 0.55116947
v 2.68652268 0.97884575 0.56030396
v 2.43792433 0.79045794 1.27971563
v 2.41747654 0.76516261 1.39763424
v 2.48635809 0.76336047 1.37057241
v 2.51395231 0.80410607 1.3138463
v 2.48786553 1.01328462 1.38262742
v 2.45203131 0.89052126 1.49514504
v 2.40374702 0.84247276 1.4703089
v 2.42611517 0.9404596 1.37054742
v 2.42179014 0.87861452 1.32164125
v 2.39727482 0.79784789 1.42425436
v 2.56251219 0.79844216 1.37819839
v 2.61643785 0.89585121 1.24279617
v 2.58538251 0.8680669 1.42748796
v 2.64351467 0.98297955 1.30309477
v 2.56694527 1.02420196 1.36060982
v 2.52414979 0.89930317 1.48195361
v 2.40975703 0.7214527 1.44964787
v 2.38776633 0.69858369 1.47700576
v 2.44971612 0.68731953 1.47097623
v 2.46373599 0.71308068 1.43378308
v 2.42003162 0.84145903 1.53975973
v 2.38973619 0.80811695 1.56482148
v 2.35711843 0.77391786 1.53662775
v 2.37759074 0.80796041 1.51872028
v 2.37075252 0.76146754 1.48184128
v 2.3609106 0.72986869 1.5037889
v 2.5190539 0.71331171 1.48293866
v 2.53756111 0.7433109 1.44365404
v 2.52915238 0.77097408 1.54006269
v 2.56154452 0.80458259 1.50293785
v 2.4940933 0.84703263 1.54493272
v 2.4675829 0.81275958 1.58200902
v 2.38370952 0.62957583 1.538585
v 2.37137535 0.60122111 1.57017392
v 2.41502903 0.58628152 1.56164476
v 2.43854954 0.63057218 1.52614659
v 2.36689562 0.7358229 1.6214174
v 2.35767081 0.70403091 1.6615657
v 2.33915028 0.67331882 1.63206159
v 2.34288152 0.70494516 1.59569142
v 2.35478802 0.6608406 1.56763621
v 2.35209442 0.64122923 1.59765937
v 2.47752287 0.62695774 1.57379544
v 2.50191491 0.66737122 1.53179152
v 2.48002464 0.68071472 1.63031997
v 2.50302395 0.72044778 1.58693926
v 2.42833873 0.72107489 1.66284586
v 2.40217127 0.66238077 1.71304718
v 2.33497733 0.66191234 1.70821142
v 2.26973301 1.32686799 1.18865775
v 2.18800537 1.28592361 1.09461616
v 2.31876198 1.24089005 1.26487326
v 2.28289896 1.12404776 1.25017321
v 2.21817109 1.10311981 1.30851385
v 2.21519643 1.19764226 1.33740513
v 2.20436375 1.08026485 1.14895212
v 2.16102588 1.05112868 1.21563034
v 2.15308718 1.17480384 1.07946012
v 2.1016483 1.22330101 1.22240621
v 2.0960286 1.13686089 1.17747451
v 2.15362147 1.25918878 1.29042218
v 2.06775943 1.19434679 1.36169507
v 2.02601778 1.15813023 1.29108641
v 2.16808734 1.072064 1.3574055
v 2.14759385 1.14381716 1.4022946
v 2.1187397 1.0362324 1.27069954
v 2.04512378 1.09115465 1.24341328
v 2.00868696 1.11175785 1.3893614
v 1.95674414 1.03231963 1.44419761
v 1.94493974 1.01590776 1.39858787
v 1.97429272 1.09027455 1.34058684
v 2.12109534 1.02336596 1.40410334
v 2.02487851 0.97455308 1.44034119
v 2.01042121 1.00622536 1.48427451
v 2.09148914 1.06393395 1.4437797
v 2.07893268 1.00933663 1.31074669
v 2.02522312 0.97429879 1.36186333
v 1.97280574 0.99656157 1.34705237
v 1.99595784 1.04055648 1.28498715
v 2.02390988 1.63136864 -0.41864758
v 1.94652357 1.86837773 0.32880605
v 1.56301446 2.22827422 -0.59818925
v 1.65200503 2.12034866 -0.58058528
v 1.77770145 2.15361352 -0.56404234
v 1.62396374 2.26772211 -0.59649933
v 1.34389963 1.97909696 -0.34938171
v 1.45929386 2.0197329 -0.51316703
v 1.24296485 2.18351911 -0.04467797
v 1.39295764 2.01575808 -0.03138148
v 1.34044149 1.99738022 -0.19976451
v 1.21310649 2.15856256 -0.22323588
v 1.63798777 2.14899766 0.25979132
v 1.53357937 2.07709076 0.2240347
v 1.34812054 2.31660995 0.24628634
v 1.73309759 2.2178754 0.22491627
v 1.8894143 2.29278529 -0.01461883
v 1.8383173 2.32117987 0.04003034
v 1.93906407 2.31606852 -0.13489331
v 1.90179488 2.23787577 -0.43791747
v 1.97111291 2.26406608 -0.32350368
v 2.02130411 2.01673016 -0.52230866
v 2.13459949 1.88834252 -0.45541455
v 1.86948937 1.79280932 -0.56042242
v 1.68030418 1.96748926 -0.54386758
v 2.24808264 1.76400872 -0.32830112
v 1.51038979 2.21416511 -0.60325206
v 1.59024765 2.38257895 -0.62583369
v 1.84716656 2.18896675 -0.50830116
v 1.55217131 2.08324499 -0.54818773
v 1.11697926 2.6710819 0.20822202
v 1.08105306 2.35247558 -0.25146236
v 1.56796755 1.92789477 0.08631167
v 1.62898085 1.88258835 0.06635372
v 1.82590804 2.02487151 0.14148213
v 1.86148094 2.13595665 0.09257374
v 1.68525703 2.48724426 0.09981251
v 1.26245604 2.23350505 0.1332679
v 1.44074798 2.02864035 0.12067748
v 1.80634331 2.26814669 0.11870081
v 2.45223217 1.44756147 0.78240125
v 2.34706327 1.38789937 0.77279952
v 2.5690684 1.37742582 0.80841097
v 2.66902147 1.09495657 0.54391928
v 2.67613743 1.19585827 0.62844767
v 2.55334212 1.02771008 0.3916672
v 2.39624646 0.9824997 0.4432257
v 2.3199805 1.14303535 0.62364541
v 2.34204355 1.06489271 0.53251893
v 2.27774977 1.20620474 0.74562113
v 2.20630505 2.05433611 -0.261019
v 2.17773078 2.04150501 -0.31284039
v 2.22247351 1.96770095 -0.25479548
v 2.27177665 1.99814655 -0.15567
v 2.32987026 1.88870058 0.00786948
v 2.323533 1.84089988 -0.13074599
v 1.94491296 2.22030173 -0.04251203
v 2.74919407 0.82238362 0.7016884
v 2.71924706 0.76088869 0.64600797
v 2.70902578 1.08822044 0.9529807
v 2.62996912 1.31494542 0.73768594
v 2.65820187 1.24998515 0.68791688
v 2.7170949 1.03318771 0.90086075
v 2.67745447 1.13892559 1.02391374
v 2.61732746 1.17457762 1.10957087
v 2.53617838 1.19158168 1.16177084
v 2.44436892 1.20578563 1.20850057
v 2.46715332 0.73711347 0.60311146
v 2.54847852 0.71617725 0.57796433
v 2.37997685 0.95490554 0.82401849
v 2.39637402 0.88846269 0.75048194
v 2.30725483 0.95944613 0.89564284
v 2.63925628 0.7349907 0.60080669
v 2.44389032 0.75961781 1.62636525
v 2.33507395 0.59510126 1.7564869
v 2.36854062 0.60627933 1.74670757
v 2.30013482 0.59052759 1.71501347
v 1.10653474 2.41606133 -0.09437187
v 1.06472217 2.54672679 0.07424849
v 2.43535783 0.6303659 1.65595528
v 2.44469687 0.58994522 1.61434023
v 2.39071005 0.54681036 1.59994457
v 2.34079647 0.55843092 1.60259771
v 2.3131656 0.60390583 1.62597852
v 2.30617744 0.64137101 1.66432617
v 2.66047898 0.56599972 0.74361682
v 2.72576042 0.59925595 0.76244675
v 2.7598147 0.90432313 0.77216033
v 2.76652845 0.65641538 0.8233091
v 2.70882372 0.68261859 0.92392836
v 2.74077534 0.9885275 0.84825803
v 2.7813456 0.76244908 1.03237793
v 2.69628154 0.76775523 1.11967482
v 2.74116493 0.85335816 1.19678351
v 2.34210257 1.0956402 1.22670506
v 2.26859065 0.99199028 1.03029145
v 2.34365975 1.01811645 1.17104134
v 2.454832 0.73086522 1.19409396
v 2.49751705 0.67367426 1.13542203
v 2.50336856 0.64278343 1.02382021
v 2.54605838 0.56595266 0.7893634
v 2.59671712 0.55201567 0.74764638
v 2.21713916 1.15919299 0.88007643
v 2.17924679 1.16631121 0.98396898
v 2.21475162 1.06410638 1.09727858
v 2.40683592 0.79535255 0.67196445
v 2.52684124 0.60283356 0.91853445
v 2.42335185 0.2658757 1.60086417
v 2.39973281 0.29927563 1.63825772
v 2.43302765 0.29554344 1.65711691
v 2.46353251 0.26777843 1.60080991
v 2.48103206 0.31816645 1.65404658
v 2.49756608 0.30199103 1.60476129
v 2.47414862 0.55712767 1.3109378
v 2.54865725 0.56584199 1.27704465
v 2.57026645 0.6509208 1.18321059
v 2.50462469 0.70936419 1.3876074
v 2.44247902 0.64434692 1.38200769
v 2.44251234 0.59109241 1.34026199
v 2.64872717 0.64061967 1.2624198
v 2.67982654 0.72212806 1.31880367
v 2.59925887 0.74645549 1.37028158
v 2.45050054 0.50226037 1.37360942
v 2.45205892 0.43728017 1.41844164
v 2.53105536 0.4149058 1.42809365
v 2.5341733 0.47119781 1.36480562
v 2.49933079 0.62830709 1.46327386
v 2.49627616 0.57020581 1.52352035
v 2.43948342 0.52119853 1.48950177
v 2.44122052 0.57341014 1.44615771
v 2.42470459 0.53798294 1.40620862
v 2.44050678 0.48186913 1.44565127
v 2.60959772 0.47316335 1.43905556
v 2.62322705 0.5442836 1.35978233
v 2.62458408 0.54502899 1.47996614
v 2.6520455 0.62406626 1.41097631
v 2.5898846 0.65843254 1.45508289
v 2.5735436 0.58717155 1.5202808
v 2.44369183 0.36866913 1.48692313
v 2.43821445 0.33647557 1.52438902
v 2.49889788 0.32324993 1.51976697
v 2.51447184 0.36482154 1.47600262
v 2.47353912 0.50787246 1.57381876
v 2.44030997 0.45018065 1.61724064
v 2.40138661 0.42796894 1.59113363
v 2.41806938 0.46057646 1.55065667
v 2.41083942 0.42465785 1.51009117
v 2.40046606 0.39457257 1.54852926
v 2.5451621 0.35902459 1.54975301
v 2.58138448 0.41328876 1.4936207
v 2.54505881 0.40151452 1.60788994
v 2.59361299 0.48108596 1.54952835
v 2.5082374 0.44472602 1.62691311
v 2.47576482 0.38938443 1.65396114
v 2.42677893 0.39720184 1.66208452
v 2.54886859 0.52457459 1.57761854
v 2.41888164 0.34726371 1.68014788
v 2.45548981 0.35412526 1.67530426
v 2.39072481 0.33445079 1.66759332
v 2.51959343 0.36028786 1.62483877
v 2.52477785 0.33208557 1.57194767
v 2.48633809 0.29436154 1.54746472
v 2.42928975 0.29111465 1.56313388
v 2.39279986 0.3328502 1.60018804
v 2.39039376 0.36999876 1.64216721
v 2.51612279 0.17437709 1.34324712
v 2.49819367 0.18964514 1.39621724
v 2.55261982 0.18928424 1.42097102
v 2.5641134 0.17285952 1.34179584
v 2.59840972 0.2190041 1.41597795
v 2.59833927 0.20730551 1.34885231
v 2.52123534 0.49601451 1.07591571
v 2.6135234 0.52140481 1.0447973
v 2.61306336 0.61074144 0.96554353
v 2.56337158 0.57740067 1.21596781
v 2.4972655 0.5474151 1.17891103
v 2.49227338 0.5272529 1.12332823
v 2.69512395 0.57007426 1.04922919
v 2.72098797 0.60601908 1.13576022
v 2.66264971 0.62816127 1.20313195
v 2.53467593 0.38992637 1.16066466
v 2.52667322 0.33833738 1.20804101
v 2.59914416 0.366312 1.16750502
v 2.60744461 0.43285046 1.11403655
v 2.55515872 0.49991895 1.28374293
v 2.55811053 0.43262874 1.3393005
v 2.48962262 0.39345299 1.31786718
v 2.48406527 0.46270923 1.26102136
v 2.49183357 0.43211628 1.20663448
v 2.48722604 0.36571273 1.25838108
v 2.66773226 0.41956961 1.16432735
v 2.68889189 0.49985496 1.1139999
v 2.68465754 0.47745652 1.23609241
v 2.70568532 0.54960237 1.18569332
v 2.65741531 0.57169415 1.24320671
v 2.64258127 0.50073446 1.29801388
v 2.51166711 0.28831957 1.24747129
v 2.50923649 0.2479253 1.27442412
v 2.56635814 0.25677263 1.25111946
v 2.5794646 0.29609273 1.2175
v 2.53577689 0.38213817 1.38039981
v 2.52226608 0.3507052 1.40526069
v 2.48087832 0.33407277 1.36841001
v 2.4835969 0.3565219 1.34987424
v 2.48150162 0.31887874 1.29402442
v 2.48120889 0.29085797 1.31279485
v 2.62552557 0.27013985 1.27536347
v 2.64029226 0.32054379 1.23283692
v 2.63222362 0.30428203 1.3431881
v 2.64848252 0.36715345 1.3000123
v 2.58996409 0.33893881 1.39700832
v 2.58073643 0.30769686 1.42005213
v 2.52450796 0.31311222 1.43235418
v 2.61104447 0.39549062 1.35746
v 2.53366756 0.25169629 1.45402859
v 2.56749099 0.26999496 1.44205069
v 2.4914435 0.22926145 1.43415292
v 2.6187259 0.27847352 1.36819368
v 2.62323894 0.23433685 1.32029231
v 2.5641541 0.21930099 1.28569304
v 2.50793277 0.2036221 1.30883181
v 2.47852125 0.22702398 1.35208543
v 2.47882183 0.27930642 1.4007912
v 2.55737918 0.16425176 1.1300458
v 2.55091222 0.18554324 1.15695269
v 2.60020108 0.17349613 1.16989113
v 2.59436623 0.15534068 1.13212228
v 2.64037389 0.19180765 1.16308123
v 2.63080614 0.16968829 1.12915452
v 2.59583607 0.459342 0.83493887
v 2.65524958 0.47164172 0.82868159
v 2.60717306 0.56962606 0.98219707
v 2.54238378 0.53605952 0.93637921
v 2.56216211 0.47974416 0.86444274
v 2.72207298 0.50447073 0.8519503
v 2.74163116 0.55635569 0.90613828
v 2.69948706 0.58093639 0.95910138
v 2.5968423 0.36904834 0.91233571
v 2.58212916 0.31617283 0.96862171
v 2.63695252 0.35195751 0.93435943
v 2.64956372 0.39446907 0.88519963
v 2.61802882 0.47951625 1.03277299
v 2.60581745 0.41427393 1.07814331
v 2.54449644 0.36568108 1.06134346
v 2.55865529 0.42175759 1.01379218
v 2.56617299 0.39013428 0.957973
v 2.54102889 0.32519287 1.02060898
v 2.70615964 0.42102532 0.91931453
v 2.71207303 0.45438174 0.89297905
v 2.73772452 0.48956264 0.96425742
v 2.74144433 0.51316148 0.94428798
v 2.70536594 0.5358378 0.99295521
v 2.69503161 0.49363073 1.03213874
v 2.56341394 0.25598636 1.01997426
v 2.54957614 0.20976994 1.0578564
v 2.59367677 0.22512696 1.03289104
v 2.61435518 0.28797033 0.98792638
v 2.59350113 0.36034093 1.11544665
v 2.57266684 0.31899196 1.1497194
v 2.52813829 0.27246009 1.13602344
v 2.53257185 0.30624493 1.10278572
v 2.5292521 0.27332772 1.06127515
v 2.52605515 0.23826341 1.09315942
v 2.65841702 0.29092934 1.01243586
v 2.68742634 0.36396819 0.96441062
v 2.6902613 0.3771758 1.05113003
v 2.7216998 0.44178578 1.00340716
v 2.64421604 0.37174116 1.1152415
v 2.62581021 0.28202515 1.16147573
v 2.56822424 0.27020907 1.18333601
v 2.67687235 0.43461805 1.07357244
v 2.58784216 0.21275965 1.19483626
v 2.62585352 0.21543367 1.1896447
v 2.54815485 0.21312315 1.17816492
v 2.6498386 0.28051353 1.11448136
v 2.63668454 0.21624658 1.0784884
v 2.59086156 0.17054949 1.07663087
v 2.55165286 0.17801959 1.09028614
v 2.52836153 0.20652401 1.12165563
v 2.53117769 0.24267529 1.15974267
v 0.29056234 3.48315272 0.08345789
v 0.08644315 3.85973055 -0.01898046
v 0.08764173 3.87592471 -0.05641617
v 0.06918614 3.9513301 0.01900008
v 0.06756795 3.92459503 0.05508957
v 0.07603819 3.88842405 -0.09057321
v 0.05888528 3.97526495 -0.01712305
v 0.05059995 3.89497812 -0.11562044
v 0.03622115 3.99207147 -0.04762151
v -0.02837601 3.81064803 0.05165327
v -0.04573349 3.85391926 0.08804853
v -0.00062113 3.80986385 0.06671477
v -0.01994104 3.85067257 0.1085572
v 0.02606534 3.81528911 0.06974792
v 0.00788569 3.85574918 0.11673916
v 0.05116624 3.82652352 0.05538839
v 0.03256488 3.86992065 0.11111354
v 0.07073276 3.84017118 0.02992063
v 0.05096251 3.88942386 0.09552841
v 0.08157541 3.85010615 0.00500459
v 0.0607787 3.90605974 0.07842167
v 0.04321687 4.02068525 0.21325042
v 0.05639496 3.96668963 0.24638994
v 0.01713295 4.06560933 0.16905364
v -0.02534674 4.09506322 0.13644771
v -0.09798599 3.85052906 0.23080352
v -0.06310227 3.85075182 0.25901079
v -0.02721564 3.8586027 0.27732743
v 0.016136 3.86709402 0.27797834
v 0.05373402 3.8897887 0.26761637
v 0.06619853 3.92526307 0.26027283
v -0.11850934 3.96117916 0.50119781
v -0.08489276 3.9359244 0.50228062
v -0.15805142 3.99045527 0.49464652
v -0.20965295 4.00770088 0.48792265
v -0.19316138 3.79580994 0.43240638
v -0.11612883 3.80045269 0.46158556
v -0.10204219 3.8267539 0.46697266
v -0.09078671 3.8482391 0.48939299
v -0.07190017 3.87297456 0.49244664
v -0.06727715 3.90783873 0.49565599
v -0.05822986 3.54467032 0.17539128
v -0.06114995 3.4105485 0.15394011
v -0.28022436 3.905668 0.62168608
v -0.27944505 3.87921115 0.63010564
v 0.30626027 4.43915491 0.16253156
v 0.26818547 4.38986629 0.24743355
v 0.25861525 4.52073619 0.32592971
v 0.29370455 4.55159708 0.24001603
v 0.15822969 4.35392998 0.46324345
v 0.08837238 4.30128995 0.56650817
v 0.04965731 4.40584698 0.60460076
v 0.1312674 4.4640246 0.50837881
v -0.05351014 3.74309995 0.36526755
v -0.04556727 3.6950339 0.28327741
v 0.29208127 4.06364638 0.01949372
v 0.2775686 4.05438635 0.08818776
v 0.2814789 4.15378061 0.1056526
v 0.28820661 4.15348597 0.04252429
v 0.01204717 4.63136915 0.63327832
v 0.07063992 4.68283539 0.55217588
v 0.10978879 4.55779868 0.53523275
v 0.04434789 4.52069097 0.61837603
v 0.26416522 4.64662634 0.30130631
v 0.23153329 4.6193634 0.37800132
v 0.15833394 4.74710465 0.39903252
v 0.18596156 4.7615641 0.3216372
v -0.3112307 4.31566943 0.71933723
v -0.28306565 4.40970911 0.72470389
v -0.20408569 4.39626114 0.73891267
v -0.23106653 4.2816261 0.73949194
v -0.00726796 3.90679132 0.52280606
v -0.06822557 3.8988888 0.56754142
v -0.07745933 3.93949952 0.57840165
v -0.01113927 3.9596046 0.54232093
v -0.24227668 3.77663755 0.60278
v -0.20970313 3.72715449 0.58152886
v -0.32140697 4.00960077 0.64358819
v -0.30709279 3.97940292 0.62783133
v -0.24888124 3.80567519 0.59436978
v -0.01404476 3.85393211 0.50839172
v -0.0707935 3.85469154 0.5532378
v 0.3103999 3.89051957 0.02921799
v 0.27053668 3.88596274 0.12813144
v 0.27717586 3.96352362 0.09537579
v 0.30492983 3.98082611 0.00796831
v -0.3287832 4.04568488 0.72646402
v -0.32926082 4.01641639 0.69209173
v -0.32637303 4.19496846 0.68937612
v -0.32646308 4.10043423 0.72230059
v 0.14868963 4.16608527 0.43728831
v 0.09841413 4.14253549 0.50767834
v 0.08373001 4.20978393 0.55719239
v 0.15588584 4.24739571 0.46991749
v 0.29658458 4.23524146 0.07063617
v 0.28547541 4.23237033 0.12919452
v 0.2819927 4.31233135 0.16950535
v 0.30843346 4.32677033 0.10064918
v 0.23815271 4.71640274 0.12704698
v 0.2742338 4.68243937 0.21764201
v 0.19464935 4.7726926 0.23244089
v 0.19228643 4.77375405 0.16419114
v 0.27507011 4.62759126 0.05868642
v 0.30599086 4.59041834 0.15236128
v 0.28883196 4.522484 -0.00879124
v 0.31819705 4.47347669 0.07834434
v 0.25749092 4.2681172 -0.06767678
v 0.28956415 4.24910307 0.00400833
v 0.31254459 4.35190657 0.02606808
v 0.28631362 4.38211346 -0.05387039
v 0.26573362 4.08811624 -0.13989995
v 0.29056844 4.08362818 -0.06221084
v 0.28296436 4.16453832 -0.02924848
v 0.25544841 4.17743321 -0.09671255
v 0.26975482 3.96740503 -0.23908839
v 0.32203919 3.97335935 -0.1235506
v 0.30358708 4.01757255 -0.09711355
v 0.27134702 4.01954146 -0.19025499
v 0.36102133 3.90154003 -0.16371295
v 0.26928598 3.87301074 -0.320463
v 0.35708111 3.82223443 -0.00646392
v 0.17725831 4.59275685 0.45454127
v 0.12040764 4.72543786 0.47258844
v 0.20266363 4.49756767 0.41690875
v 0.22157885 4.39222241 0.3613104
v 0.25917941 4.14617153 0.2960707
v 0.23941615 4.13790226 0.31428372
v 0.23391656 4.15338983 0.32294996
v 0.25659166 4.17044671 0.30711052
v 0.1674922 3.95608708 0.25181326
v 0.17609475 3.95634459 0.27843091
v 0.1725851 3.99695245 0.31647429
v 0.1804264 4.01294884 0.28092277
v -0.04393792 3.62212243 0.22356931
v -0.25189004 3.82995846 0.59667342
v -0.20983013 3.82960481 0.59414077
v -0.20271762 3.80667547 0.58103354
v -0.02955667 3.81284969 0.50157539
v -0.09170655 3.80618877 0.54792195
v 0.29093772 3.75383054 0.08408994
v 0.27363418 3.61396216 0.09404166
v 0.22933097 3.61767793 0.12769078
v 0.25285956 3.78677029 0.13986298
v -0.04159058 3.77691385 0.49014978
v -0.10479706 3.75394192 0.52276173
v 0.08728577 3.82594401 0.32665285
v 0.01093782 3.78361119 0.37585647
v -0.00823423 3.78415429 0.43123177
v 0.02882253 3.81939757 0.43687735
v 0.07737078 3.77565083 0.2567521
v 0.16236187 3.91549136 0.27133726
v 0.15247788 3.89369034 0.25524201
v -0.17437167 3.91526765 0.59177091
v -0.1742244 3.90941638 0.58244138
v -0.18276851 3.91037763 0.58492274
v -0.18499982 3.91872496 0.59396055
v -0.175827 3.90565491 0.59738174
v -0.19012725 3.89704888 0.60565827
v -0.19046957 3.90396374 0.59310539
v -0.17944644 3.90876832 0.59033349
v -0.1966654 3.78551941 0.58707538
v -0.16227404 3.75137993 0.55858453
v 0.06460547 3.66155961 0.21327623
v 0.01093809 3.54847414 0.18417477
v -0.01692128 4.4069089 0.67310461
v -0.02017617 4.30263413 0.67800433
v -0.0633517 4.31004711 0.70633639
v -0.06846979 4.40085533 0.70837288
v 0.05503508 3.92480018 0.45515142
v 0.04511162 3.98403639 0.48059675
v 0.05568614 3.87036141 0.44222792
v -0.00455105 4.23325708 0.62194972
v -0.02030327 4.24434989 0.63858756
v 0.01814363 4.28671723 0.64268668
v 0.03262891 4.25321129 0.61368134
v 0.02409013 4.15682119 0.60609535
v -0.05597852 4.12077731 0.64312797
v -0.10231595 4.15724006 0.64936366
v -0.02778986 4.17694342 0.63010553
v -0.21766957 4.22403585 0.63193146
v -0.20354326 4.23838581 0.62023052
v -0.19161842 4.22579223 0.63505909
v -0.19603087 4.19867399 0.63448452
v -0.07744743 4.26729898 0.67402177
v -0.12061122 4.27707236 0.68549317
v -0.11998393 4.30494027 0.73556424
v -0.12576226 4.3949279 0.73186959
v 0.01530182 4.21126758 0.60855434
v -0.02537493 4.21820409 0.62354867
v -0.15070368 4.11400786 0.6562233
v -0.18916863 4.17837756 0.6453529
v -0.14405625 4.21500262 0.65935897
v -0.12755646 4.18879732 0.65035293
v -0.08806853 4.23070295 0.65451369
v -0.06332655 4.20104677 0.64131245
v -0.0930875 4.25029588 0.66949969
v -0.13337151 4.25283573 0.68412781
v -0.18833879 4.25207178 0.658127
v -0.20524401 4.26469297 0.66579403
v -0.21367479 4.11574568 0.66139903
v -0.2311369 4.18754834 0.63896537
v -0.27631486 4.02407449 0.6524102
v -0.24652665 4.05595733 0.66733045
v -0.25400731 4.10844647 0.661982
v -0.27585102 4.18817569 0.65469867
v -0.33110975 4.25175811 0.69733874
v -0.21943739 4.029822 0.63350268
v -0.20984837 4.05797027 0.6499249
v -0.28618219 4.01952266 0.63338256
v -0.2596105 3.98196514 0.62916028
v -0.24096661 3.90769522 0.6182139
v -0.23694212 3.88289383 0.62070258
v -0.29583491 4.24308377 0.68385786
v -0.25481803 4.23405674 0.63911757
v -0.22787858 4.2157423 0.63094617
v -0.23361136 4.0088511 0.6315117
v -0.20128888 3.97132785 0.61659823
v -0.2105792 3.90660474 0.60972687
v -0.21070466 3.89017377 0.6123164
v -0.12922342 4.6291444 0.68815987
v -0.2131297 4.66349331 0.65943697
v -0.17087812 4.74462763 0.58806239
v -0.07477268 4.70595774 0.61773458
v -0.02678818 4.76980909 0.53301413
v -0.12196323 4.80933575 0.50491953
v 0.01345501 4.81109975 0.44770516
v -0.07953204 4.8501866 0.41360209
v 0.07410307 4.83943127 0.29486676
v 0.0463634 4.83049324 0.37157934
v -0.04456448 4.87257689 0.33313962
v -0.01048421 4.878263 0.25676171
v 0.11510156 4.76353943 0.00144433
v 0.178613 4.74620171 0.05412309
v 0.1354829 4.80701866 0.13064606
v 0.06415972 4.83340912 0.08876487
v 0.14984346 4.66995669 -0.07340396
v 0.21220174 4.65863541 -0.01797346
v 0.16402392 4.57556716 -0.1312058
v 0.22377881 4.56932368 -0.07828766
v 0.15559537 4.29627546 -0.18144966
v 0.20677976 4.2836181 -0.12956168
v 0.22935232 4.41976332 -0.12092528
v 0.16743181 4.43255254 -0.16981649
v 0.16134972 4.09258763 -0.23807486
v 0.22397535 4.0915676 -0.19941367
v 0.21170798 4.18787963 -0.15439208
v 0.15717378 4.19654825 -0.19762305
v 0.0878349 3.86861122 -0.34718498
v 0.17211386 3.91923093 -0.31999916
v 0.21090685 4.00393633 -0.2582192
v 0.13830772 3.98946594 -0.29041937
v 0.14116782 3.80582131 -0.39319038
v 0.05265371 3.77322831 -0.40451553
v 0.04154427 4.10733837 0.56256387
v -0.0250041 4.0699703 0.61091385
v -0.12749396 4.03546955 0.64278366
v 0.21946997 3.90100907 0.20274621
v 0.19472808 3.79765867 0.20172368
v -0.17562147 4.52882173 0.73064281
v -0.2565546 4.5538799 0.71825592
v -0.28239437 4.04763832 0.65814919
v -0.29393073 4.04611398 0.64823302
v -0.31053267 4.04173112 0.65741195
v -0.30259088 4.04800554 0.67566761
v -0.29975056 4.03493502 0.64452558
v -0.2903284 4.03674043 0.65878017
v -0.31850037 4.02573996 0.65423262
v -0.31689708 4.03252916 0.6810141
v -0.09995862 4.49395114 0.72582454
v -0.05944546 4.46132958 0.70987658
v -0.01609044 4.48938978 0.68188092
v 0.10216346 4.83433158 0.2131341
v 0.02358292 4.86637196 0.17718874
v -0.04705455 4.25855849 0.66076449
v -0.06730357 4.24571977 0.65420079
v -0.26291978 3.84456951 0.61491955
v -0.22472858 3.85317006 0.60972996
v -0.19783428 3.86340419 0.60217895
v -0.15702652 3.89566567 0.59461015
v -0.1753082 3.8780269 0.59863537
v -0.16049865 3.92635998 0.59189097
v -0.15172308 3.9125643 0.59264481
v -0.17098786 3.91269829 0.59467887
v -0.2052841 3.92612175 0.60474712
v -0.23774813 3.93388909 0.61763647
v -0.29212536 3.9399924 0.63087519
v 0.12467213 3.95745244 0.38316887
v 0.10212208 4.01183147 0.41845576
v 0.13780223 3.90964461 0.35588228
v -0.0628896 3.74200352 0.41502415
v -0.10296592 3.72724112 0.46969895
v 0.26052436 4.27279089 0.32300613
v 0.24604609 4.28935513 0.34491445
v 0.23557236 4.31068826 0.3432378
v 0.24206378 4.30398355 0.31252413
v 0.23814544 3.98127425 0.19740759
v 0.27275653 4.19075838 0.28354402
v 0.27063872 4.15985797 0.28537986
v 0.24918467 4.23785604 0.28282585
v 0.24797809 4.22396159 0.27714947
v 0.22788928 4.21203819 0.30639765
v 0.24011762 4.22540335 0.31920771
v 0.18651632 4.24964807 0.40993065
v 0.18621384 4.16793447 0.37643128
v 0.18553795 4.07842425 0.3089427
v 0.15798152 4.04288943 0.35940462
v 0.14521237 4.09566868 0.39787698
v 0.18210582 4.10608701 0.34418584
v 0.19660527 4.33541325 0.39684508
v 0.22372864 4.34709865 0.33449373
v 0.24104138 4.08731563 0.19683973
v 0.25577193 4.17484861 0.1842712
v 0.2527245 4.23765898 0.2143666
v 0.25838883 4.29536586 0.22438898
v 0.25428873 4.32902935 0.25811478
v 0.20000551 4.19726841 0.3704055
v 0.19759593 4.21817553 0.37946556
v 0.21942097 4.22111854 0.36151478
v 0.21796143 4.19604894 0.35677832
v 0.19147913 4.07335455 0.27344453
v 0.2176269 4.10874491 0.31291244
v 0.25412226 4.1133829 0.27533672
v 0.20973223 4.13380023 0.3311119
v 0.20622241 4.15886174 0.34665661
v 0.21546763 4.34721908 0.38394258
v 0.20940893 4.25706771 0.37707115
v 0.24325563 4.37607894 0.32634887
v 0.24545938 4.1481264 0.24404507
v 0.25569803 4.19407599 0.24244281
v 0.27017277 4.23781654 0.2388587
v 0.28563769 4.29772007 0.22680029
v 0.27825444 4.35620946 0.2582231
v 0.2442809 4.21584369 0.34089105
v 0.23595758 4.22641101 0.34746311
v 0.22268646 4.15868324 0.33043383
v 0.22648602 4.17393044 0.3347723
v 0.24388283 4.1842017 0.3119013
v 0.2359934 4.1627629 0.32650416
v 0.22868413 4.27332161 0.38023755
v 0.24301971 4.34971228 0.39123587
v 0.266501 4.345536 0.37322984
v 0.24753903 4.27704047 0.37227621
v 0.28144865 4.39145417 0.33063987
v 0.29326879 4.36333018 0.3275319
v 0.28536531 4.19369377 0.25104532
v 0.2780157 4.15484063 0.24980107
v 0.27708649 4.1525321 0.27074564
v 0.28520562 4.19616318 0.27325467
v 0.29914933 4.23393203 0.24896426
v 0.30207613 4.23676842 0.26609052
v 0.31532803 4.29713509 0.23569988
v 0.31790358 4.28421879 0.26016687
v 0.31069614 4.37301503 0.26686566
v 0.3172651 4.34843331 0.28284736
v 0.18162015 3.469546 0.13098923
v 0.15767624 3.63322595 0.18383131
v 0.08476645 3.52261631 0.17369014
v 0.00207733 3.37517051 0.17114895
v 0.15453071 3.8424221 0.23936457
v 0.17686238 3.93668907 0.23757393
v 0.1878246 4.00074842 0.25321586
v 0.05141841 3.37013508 0.16974889
v 0.33935924 3.68767138 0.04769209
v 0.32014293 3.60171962 0.07199292
v -0.12355501 3.90398921 0.57873466
v -0.13105139 3.93527183 0.58669668
v -0.27791685 3.91586739 0.59821406
v -0.23948086 3.91073247 0.5916819
v -0.20845844 3.90713213 0.58233488
v -0.271174 3.91533619 0.59735931
v -0.22968592 3.91077817 0.59293486
v -0.19919332 3.90732633 0.58632464
v 0.24536055 4.24406906 0.35588743
v 0.23916668 4.24197997 0.36130758
v -0.06290594 4.24286482 0.64772871
v -0.09008204 3.98122023 0.60566297
v -0.14398426 3.96802072 0.60031279
v -0.01986819 4.01532757 0.5721797
v 0.03846622 4.04920478 0.51621422
v 0.09470273 4.07726666 0.45856485
v -0.16760849 3.99779375 0.61702299
v -0.17554035 3.94298063 0.59856016
v -0.17540398 3.90976908 0.58434389
v -0.1250553 3.87303311 0.57371481
v -0.13972438 3.84576565 0.5716936
v -0.18683899 3.90863481 0.58412232
v -0.11780554 4.21861344 0.62148331
v -0.07165188 4.23301957 0.63053117
v -0.1745655 4.23735483 0.61023432
v -0.18978779 4.25789068 0.61312337
v -0.16596534 4.28824561 0.64393405
v -0.11768204 4.28715846 0.65727695
v -0.08398119 4.27318072 0.6496502
v -0.06190981 4.25995455 0.63777607
v -0.05688368 4.24617577 0.62985427
v -0.0514753 4.57298685 0.6971327
v 0.24762054 4.25431319 0.3496407
v 0.24780613 4.32105328 0.36387834
v 0.24358821 4.26815718 0.34828474
v 0.26440217 4.35680587 0.31884594
v 0.26526766 4.34926533 0.35775218
v 0.2933603 4.23895604 0.26952337
v 0.30037817 4.27728084 0.26200161
v 0.29193585 4.33587162 0.27995608
v 0.24938936 4.24215132 0.34016939
v 0.23945793 4.23382208 0.34719849
v 0.24900672 4.24850904 0.31634113
v 0.26499668 4.32785843 0.32472592
v 0.26269803 4.21493551 0.2839946
v 0.27602234 4.25213699 0.28051271
v 0.29362964 4.27455917 0.27291809
v 0.24687243 4.23288915 0.32291129
v 0.2854957 4.30488173 0.2937459
v 0.24342965 4.20121717 0.33590181
v 0.26952424 4.28372519 0.30023157
v -0.15540676 3.7943175 0.5640781
v -0.17195829 3.83242073 0.58049193
v -0.18146753 3.69284318 0.52222244
v -0.26803476 3.87440038 0.60870207
v -0.22638856 3.89040676 0.58760967
v -0.19162617 3.88668933 0.56768963
v -0.1702816 3.88606722 0.55344081
v -0.15710912 3.88820201 0.55024309
v -0.26394499 3.92005033 0.57367744
v -0.21271753 3.91519458 0.57038352
v -0.18132168 3.91695644 0.56765131
v -0.15462178 3.89789614 0.54959527
v -0.16327789 3.9084268 0.55452712
v 0.93285907 3.09988279 0.335545
v 0.45560813 1.33528731 -0.49723007
v 0.2422749 1.2878279 -0.48105408
v 0.02906439 1.25671913 -0.44780633
v 0.18346255 1.1369286 -0.46199054
v 0.21378175 1.03364781 -0.46205771
v 0.35582597 1.06845806 -0.48790025
v 0.37733815 1.16665201 -0.51111714
v 0.01935914 1.11268447 -0.46412625
v 0.16965072 1.32907739 0.80133208
v 0.5787484 1.15552851 0.61400578
v 0.42393847 1.25460612 0.72046698
v 0.76781174 1.21234612 0.48177475
v 0.83884646 1.05658536 0.04340081
v 0.76008848 1.06633702 -0.33250698
v 0.59727227 1.14788301 -0.51632102
v 0.41546045 0.94302628 0.65974499
v 0.39028682 1.05457962 0.69139037
v 0.24703376 1.0592686 0.79348138
v 0.51540011 0.99773255 -0.5013938
v 0.43490151 -1.40840259 -0.71007536
v 0.3362773 -1.42748134 -0.5571082
v 0.28655206 -1.41708121 -0.34756901
v 0.29880662 -1.37061172 -0.13767963
v 0.45555357 -1.36217026 0.07469038
v 0.64804078 -1.44731904 0.10987668
v 0.4298958 -1.00185121 0.16989781
v 0.65098974 -1.14121076 0.20521733
v 0.80237312 -1.0388673 0.2350421
v 0.83043237 -1.30391458 0.09269114
v 0.94983153 -1.37604746 -0.06896701
v 1.08219364 -1.32356749 -0.27966026
v 0.99443385 -1.02844087 0.12145011
v 0.91472188 -1.28818974 0.05142711
v 1.06518114 -1.06612488 -0.08976887
v 1.12370158 -1.02427922 -0.34200803
v 1.09257187 -0.65198156 0.15430835
v 1.11278215 -0.67351472 -0.08214889
v 0.98439368 -0.78997253 0.2702953
v 1.00620529 -0.5805623 0.31979407
v 0.90057147 -0.78171474 0.32447192
v 0.86549764 -0.56693666 0.40447129
v 0.8577673 -0.29926088 0.46341879
v 1.00993094 -0.31176739 0.36545712
v 1.08677915 -0.34499532 -0.1448852
v 1.09801261 -0.23351463 0.16401878
v 0.9913108 -0.08218094 0.38807251
v 1.04556346 0.05803704 0.27497199
v 1.03329497 -0.4248862 -0.44144258
v 1.11684694 -0.69921779 -0.39768224
v 0.97619498 -0.7754696 -0.62064029
v 1.04146357 -1.04761826 -0.59139696
v 0.88517053 -0.52530895 -0.63086127
v 0.73255519 -0.61924201 -0.72588624
v 0.7973403 -0.84852011 -0.72641535
v 1.06831573 -1.35528873 -0.52524006
v 0.74334682 -1.35929282 -0.77199826
v 0.58622307 -1.37814893 -0.769801
v 0.90729606 -1.35234941 -0.7156796
v 0.85838894 -1.10138803 -0.72499936
v 0.46623408 -0.9044393 -0.77074809
v 0.52561056 -1.15042807 -0.77637922
v 0.69018631 -1.1287583 -0.77649768
v 0.63671629 -0.88493116 -0.77493443
v 0.58650498 -0.65724939 -0.76638593
v 0.41383057 -0.66381738 -0.74547441
v 0.20212486 -0.13788511 -0.61002442
v 0.32232127 -0.2617783 -0.65295419
v 0.53902105 -0.28992255 -0.70843928
v 0.49638407 -0.13537835 -0.66934226
v 0.41039765 -0.00498521 -0.72438487
v 0.07864467 -0.04158423 -0.67369352
v -0.11602137 0.05991408 -0.46859214
v -0.05351511 -0.02956567 -0.41490867
v 0.05680577 -0.19367421 -0.50061893
v 0.15790917 -0.42404282 -0.56932493
v 0.37155093 -0.45538874 -0.70803273
v 0.55145899 -0.4714209 -0.74288291
v 0.2195383 -0.66168747 -0.62252566
v 0.02527597 -0.39372395 -0.37227719
v 0.06895755 -0.63651672 -0.42539183
v -0.04299466 -0.15387424 -0.31490012
v 0.28104037 -0.91579961 -0.67024323
v 0.13427295 -0.90658944 -0.47171507
v 0.35717836 -1.17214877 -0.70726902
v 0.23364656 -1.17903697 -0.52983539
v 0.22083961 -1.15353244 -0.24862098
v 0.29900222 -1.0551688 -0.01021026
v 0.22342346 -0.78479412 0.12969626
v 0.42850265 -0.71601967 0.27240665
v 0.07265288 -0.81773608 -0.14066554
v 0.08452202 -0.51628155 0.11871139
v 0.23794783 -0.49881288 0.25731563
v 0.01590764 -0.56782788 -0.17023053
v -0.01351982 -0.35104755 -0.12828753
v -0.04837739 -0.1461222 -0.06196128
v 0.02872816 -0.30085197 0.10347474
v 0.02129635 -0.47174873 0.02100979
v 0.12763002 -0.27949296 0.26533647
v -0.00107138 -0.13251592 0.1854913
v -0.07819744 -0.05462218 -0.22127301
v -0.05497203 -0.09222609 -0.00306256
v 0.68590352 -0.62276982 0.40972916
v 0.54727295 -0.68396096 0.33890682
v 0.68231246 -0.21694435 0.51789563
v 0.51574496 -0.34772075 0.46438134
v 0.40043242 -0.42406424 0.38018085
v 0.78437914 0.07131933 0.53580435
v 0.88150796 -0.0613536 0.4763975
v 0.95580335 0.0768729 0.41442442
v 0.9021377 0.08255232 0.46681056
v 0.86408825 0.22727117 0.48238693
v -0.02028553 -0.10838841 0.20330151
v 0.08689937 -0.0622612 0.40030206
v 0.14018717 -0.14090075 0.34545984
v 0.10857172 0.00096589 0.56996346
v 0.25032084 -0.21061356 0.40522067
v 0.36691357 -0.11744152 0.49642715
v 0.70723368 0.30577034 0.56169847
v 0.82464155 0.41859042 0.46236537
v 0.59515515 0.11834556 0.58576583
v 0.47700914 -0.02502295 0.56222569
v 0.25057445 -0.02185719 0.47829501
v 0.23044464 0.06443207 0.57965771
v 0.1805712 0.12455718 0.6883411
v 0.23059166 0.32431508 0.74708555
v 0.32559836 0.24864568 0.6599809
v 0.3486727 0.12244793 0.56775644
v 0.44203119 0.25772162 0.61235775
v 0.39530262 0.4402017 0.69262406
v 0.27143481 0.6055575 0.74807001
v 0.52261376 0.43012173 0.61629312
v 0.47796965 0.63351311 0.67344309
v 0.44049204 0.78670755 0.67898884
v 0.60006475 0.93933176 0.60411728
v 0.61186969 0.78020989 0.59279504
v 0.63633134 0.58317905 0.54501375
v 0.81039821 0.56090009 0.40294374
v 0.77620626 0.76147938 0.34972064
v 0.86261675 0.64999489 0.23152163
v 0.74885241 0.90286894 0.44991146
v 0.74113688 1.03913019 0.5017208
v 0.82331737 0.91161402 0.17614238
v 0.85416053 0.7928431 0.09856948
v 0.82535131 1.01831083 0.28315972
v 0.9463252 0.37438971 0.32174319
v 0.94971503 0.22430858 0.3845956
v 0.83068857 0.90141755 -0.12802855
v 0.8569598 0.803949 -0.17558808
v 0.87836967 0.70723072 -0.18409685
v 0.88730711 0.69291829 0.03407249
v 0.90796291 0.62469122 -0.00852383
v 0.92131152 0.56677361 0.09098991
v 0.93835306 0.47382185 0.22146101
v 1.00161764 -0.08113535 -0.2723564
v 0.92411435 -0.19170533 -0.46751802
v 1.04149272 0.0611664 -0.05817746
v 1.02365546 0.22409351 0.13306256
v 0.97942738 0.37059469 0.02590682
v 0.92827374 0.50647337 -0.07360299
v 0.89395303 0.61355082 -0.15072592
v 0.74640454 -0.31627061 -0.65340667
v 0.67623831 -0.47578805 -0.72572066
v 0.67820008 -0.10163534 -0.61576139
v 0.79986349 0.00356163 -0.48015819
v 0.88839854 0.14221113 -0.35132262
v 0.95794527 0.26494573 -0.17141574
v 0.86827941 0.45369897 -0.26074825
v 0.76385745 0.3492414 -0.43097587
v 0.80919897 0.60140145 -0.34144015
v 0.69982594 0.54504631 -0.51165709
v 0.69122383 0.1987601 -0.54089333
v 0.60230931 0.4181341 -0.62813537
v 0.51242533 0.25780322 -0.72620693
v 0.60500814 0.06791043 -0.6552191
v 0.78242237 0.72240384 -0.39710297
v 0.64696458 0.71405746 -0.55052695
v 0.75121448 0.84397711 -0.41668004
v 0.57985679 0.86768932 -0.54885315
v 0.72544298 0.94779987 -0.40198651
v 0.50602096 0.61936252 -0.66174323
v 0.37075256 0.47771677 -0.74822619
v 0.34562721 0.81485659 -0.62878312
v 0.26194949 0.63431437 -0.72949045
v 0.28162274 0.97078014 -0.52585819
v 0.3037474 0.15374556 -0.78030364
v 0.01787961 0.12089206 -0.72650002
v -0.14800179 0.16776652 -0.5572338
v -0.1615384 0.30752247 -0.58614954
v -0.16376135 0.49634044 -0.54986718
v -0.10169901 0.50531146 -0.68916735
v -0.04487171 0.33102073 -0.7287425
v 0.18176951 0.37892296 -0.78270879
v 0.09297157 0.57977874 -0.74035615
v 0.06503788 0.73958608 -0.65070724
v -0.10265871 0.61819368 -0.60996522
v -0.15190005 0.58744155 -0.52442905
v -0.09524331 0.69673426 -0.51421788
v 0.05305334 0.84118029 -0.55539282
v 0.25087983 0.89420098 0.76255545
v 0.43249393 -2.04184697 -1.00848841
v 0.49329205 -1.94645692 -0.88841347
v 0.38266522 -1.99408221 -0.74585478
v 0.31908913 -2.10702155 -0.8023
v 0.37460107 -2.21444614 -1.13442997
v 0.26473578 -2.30625275 -0.87553442
v 0.34455297 -2.47391502 -1.26593387
v 0.24834055 -2.57517371 -0.98436274
v 0.39889484 -2.78701515 -1.36915719
v 0.31368594 -2.8840452 -1.14503132
v 0.46681264 -3.0478539 -1.43328366
v 0.40812212 -3.12483479 -1.24313805
v 0.52373637 -3.27335536 -1.44616664
v 0.45468207 -3.33462616 -1.30689753
v 0.49951331 -3.13139813 -0.97370927
v 0.49810243 -3.38295472 -1.11480967
v 0.39928979 -2.90168659 -0.89609675
v 0.80058735 -3.42889027 -1.00593809
v 0.82607141 -3.22970001 -0.91903186
v 0.9303194 -3.20001218 -1.04409987
v 0.90569128 -3.41101422 -1.11357758
v 0.63784306 -3.00468215 -1.48979057
v 0.62199613 -2.73632095 -1.45548331
v 0.62257623 -2.44527506 -1.3710447
v 0.64762977 -2.20190825 -1.25636636
v 0.64409285 -3.25228522 -1.50083269
v 0.77380408 -3.2714945 -1.46984423
v 0.80336638 -3.02856917 -1.446883
v 0.83432557 -2.76268594 -1.3953325
v 0.94429786 -2.82423162 -1.24264041
v 0.98415712 -2.56284239 -1.10015745
v 0.86907371 -2.48742201 -1.29832482
v 0.88589808 -2.26559015 -1.16914419
v 0.85516177 -3.31623533 -1.37463101
v 0.89718259 -3.07736443 -1.33270634
v 0.92724276 -3.37618457 -1.26606429
v 0.95202439 -3.13455367 -1.20656034
v 0.98897931 -2.88123642 -1.08723139
v 0.95202142 -2.94718757 -0.91565249
v 0.96542846 -2.66488693 -0.7593876
v 1.00942413 -2.62117066 -0.92010978
v 0.99055589 -2.36052516 -0.96603456
v 1.01771696 -2.40161067 -0.79358616
v 0.96670493 -2.44655022 -0.64039095
v 0.65545542 -3.41614913 -1.00287834
v 0.67394216 -3.21978836 -0.88842371
v 0.84457445 -2.98644459 -0.77779688
v 0.86757174 -2.68671485 -0.61302198
v 0.87774828 -2.46116769 -0.51029012
v 0.69091552 -2.979995 -0.7332938
v 0.55599559 -2.91660488 -0.76445962
v 0.46219378 -2.84223929 -0.76477366
v 0.44552072 -2.66237326 -0.67838542
v 0.57634141 -2.68357026 -0.6137666
v 0.71133011 -2.69297546 -0.56212674
v 0.7359793 -2.46023619 -0.46577562
v 0.33286084 -2.63887941 -0.78979375
v 0.32967291 -2.3902049 -0.7093471
v 0.44370172 -2.44113281 -0.5993074
v 0.59307403 -2.45955791 -0.51751496
v 0.61752307 -2.28492152 -0.435201
v 0.75589875 -2.31631172 -0.37306965
v 0.46506504 -2.25395829 -0.53222388
v 0.35381711 -2.18397365 -0.64568609
v 0.39089495 -2.06818697 -0.60564251
v 0.4852943 -2.12340635 -0.45883961
v 0.63016413 -2.14005127 -0.32507089
v 0.77406683 -2.17724062 -0.24939606
v 0.63936431 -2.00643923 -0.23623369
v 0.76644906 -1.97941691 -0.16454252
v 0.47735527 -2.01839143 -0.38056616
v 0.40733776 -1.9760893 -0.56850463
v 0.56910609 -1.89860363 -0.15851601
v 0.76164103 -1.80708155 -0.10535595
v 0.89949468 -2.32797642 -0.40937652
v 0.9553508 -2.28084877 -0.53865395
v 0.94821616 -2.19097014 -0.31183618
v 0.96923121 -2.12621489 -0.47245421
v 0.96116055 -1.97000076 -0.24148084
v 1.00546906 -1.97499621 -0.43098277
v 0.92364277 -1.76818949 -0.21007451
v 1.0029047 -1.82203839 -0.39370715
v 0.98127135 -1.66309829 -0.23407758
v 0.89249866 -1.67061099 -0.14544306
v 0.90782487 -1.6245305 -0.13959759
v 0.82514764 -1.61644258 -0.06280464
v 1.04395463 -1.67095667 -0.38770181
v 1.02863544 -1.60758618 -0.5713262
v 0.98986036 -1.78815702 -0.58807441
v 0.98689414 -1.94537073 -0.62654737
v 0.99003861 -2.08693598 -0.66194856
v 1.00292588 -2.2264883 -0.71043407
v 0.96894158 -2.18450128 -0.87980149
v 0.86222025 -2.09205567 -1.05715825
v 0.66773795 -2.04546564 -1.1102019
v 0.83002303 -1.95772418 -0.94711896
v 0.67949583 -1.93590578 -0.97423196
v 0.68761766 -1.85329733 -0.84702738
v 0.52748165 -1.87444161 -0.79189612
v 0.81049935 -1.85961912 -0.84740638
v 0.92452703 -1.88982006 -0.78371776
v 0.94182263 -2.02787851 -0.82268413
v 0.91313709 -1.73447602 -0.74399731
v 0.91773581 -1.56287582 -0.70211298
v 0.62917123 -1.56889368 -0.77138543
v 0.78133415 -1.55637638 -0.77928611
v 0.78551698 -1.71950704 -0.80507653
v 0.66879987 -1.72627958 -0.78564811
v 0.52150008 -1.75356167 -0.74731575
v 0.48949277 -1.59508042 -0.72717925
v 0.39393247 -1.63988634 -0.6108697
v 0.41886764 -1.80290146 -0.67576376
v 0.41610062 -1.91356786 -0.70612499
v 0.38616926 -1.85396228 -0.51645864
v 0.42881906 -1.88939144 -0.31258535
v 0.48103109 -1.68489324 -0.05153667
v 0.34939212 -1.69632602 -0.23267658
v 0.3361141 -1.67530574 -0.44433403
v 0.677835 -1.65198145 0.00329725
v 0.84598944 -1.67450239 -0.10977354
v 0.53920561 -3.52634895 -1.48742922
v 0.49326944 -3.55804686 -1.36786346
v 0.51608636 -3.73328132 -1.3934169
v 0.54301396 -3.71037578 -1.53072258
v 0.52169309 -3.58066872 -1.18916765
v 0.5244563 -3.7425454 -1.21749298
v 0.52590222 -3.84578419 -1.42555534
v 0.54800799 -3.83635685 -1.57040989
v 0.49668763 -3.8328855 -1.24826249
v 0.48654423 -3.89690058 -1.2623628
v 0.52276179 -3.92964043 -1.44318341
v 0.54219491 -3.93710481 -1.59609993
v 0.51927616 -4.02899209 -1.44396759
v 0.53300973 -4.04631648 -1.62674354
v 0.5129777 -3.97487557 -1.26313794
v 0.55818452 -4.09876135 -1.24514099
v 0.62049594 -4.23451817 -1.22858008
v 0.52315805 -4.26686129 -1.43308232
v 0.4959387 -4.15239856 -1.45122373
v 0.5190302 -4.17755336 -1.64633052
v 0.53961365 -4.29785974 -1.61637447
v 0.62097145 -4.33359472 -1.39697441
v 0.59846622 -4.34230761 -1.5537871
v 0.71091494 -4.31496899 -1.25004933
v 0.73424565 -4.25125425 -1.06971328
v 0.82394079 -4.31995825 -1.10610916
v 0.77368342 -4.23765919 -0.87472078
v 0.85743257 -4.30422984 -0.91922053
v 0.66547905 -4.15288168 -1.04240869
v 0.85527434 -4.09824253 -0.69116933
v 0.91501854 -4.10577355 -0.55887773
v 0.934202 -4.27694358 -0.51045118
v 0.85098191 -4.27963003 -0.69304305
v 0.79071413 -4.08223757 -0.82876655
v 0.67508357 -4.01148255 -1.00504347
v 0.64413307 -3.90206406 -1.07720812
v 0.62593954 -3.83598963 -1.09880637
v 0.63656505 -3.74823293 -1.09160235
v 0.63605681 -3.60080831 -1.07078876
v 0.89372861 -3.60826484 -1.11878247
v 0.77153352 -3.61285 -1.040485
v 0.91083702 -3.72673583 -1.11091921
v 0.77071388 -3.73099089 -1.04687937
v 0.92258918 -3.59708041 -1.28105446
v 0.93539529 -3.75219026 -1.29322584
v 0.97453415 -3.84037296 -1.29370183
v 1.00977029 -3.92050915 -1.25625283
v 0.95742752 -3.83811537 -1.07509737
v 0.92611741 -3.78627119 -1.10243694
v 0.780086 -3.79110053 -1.02770055
v 0.80369659 -3.83800637 -0.99740042
v 1.00808305 -3.89987834 -1.0111425
v 0.84736955 -3.88782524 -0.92625908
v 1.07898836 -3.98110287 -1.17195274
v 1.16938605 -3.99886849 -1.00674428
v 1.23619136 -4.04257001 -0.87419738
v 1.13770087 -4.03066803 -0.77634828
v 1.0757932 -3.94718806 -0.89830103
v 0.92492424 -3.94104405 -0.82463495
v 1.19312932 -4.1190892 -1.13394303
v 1.28778588 -4.12012018 -0.99982015
v 1.37674074 -4.16567804 -0.92270532
v 1.31424309 -4.12361057 -0.80826324
v 1.23696126 -4.12400992 -0.66836619
v 1.10561729 -4.10127931 -0.56162285
v 0.9926188 -3.99957438 -0.71018501
v 1.32791907 -4.2384379 -1.08322789
v 1.40587382 -4.22717184 -1.02005077
v 1.20516279 -4.24203491 -1.19529309
v 1.19506777 -4.32352861 -1.17446712
v 1.34771131 -4.33064743 -1.06701968
v 1.41865244 -4.30966177 -1.00307123
v 1.41177709 -4.30537458 -0.90717462
v 1.32101896 -4.34248467 -0.98900894
v 1.36987301 -4.29882456 -0.78252542
v 1.24646381 -4.33841168 -0.91308265
v 1.28303211 -4.29344642 -0.64760645
v 1.12921169 -4.34891712 -0.83455446
v 0.98350323 -4.33576521 -0.75733998
v 1.13236461 -4.29313322 -0.52427703
v 0.94973205 -4.33063219 -0.96564515
v 1.10073571 -4.33613838 -1.05061133
v 1.17009931 -4.3398363 -1.10806021
v 0.84890198 -4.35294918 -1.32143765
v 0.75348266 -4.35182443 -1.41830039
v 0.97164921 -4.34695511 -1.1830553
v 1.03044537 -4.3513751 -1.25205941
v 1.05380964 -4.32195263 -1.32788414
v 0.90393251 -4.32192312 -1.50405962
v 0.90090728 -4.35619349 -1.41556254
v 0.74930209 -4.35325381 -1.56587233
v 0.7143519 -4.31216068 -1.67069591
v 1.05386033 -4.22678439 -1.35855988
v 0.87899274 -4.21350491 -1.54022274
v 1.01133711 -4.09409147 -1.32785177
v 0.94341443 -3.98124281 -1.43464473
v 0.83056398 -4.09232272 -1.55093476
v 0.783884 -3.97448859 -1.57990601
v 0.90694752 -3.85944588 -1.49330571
v 0.73411797 -3.85124539 -1.59171517
v 0.84359321 -3.56427916 -1.42729792
v 0.85991518 -3.73591732 -1.47871276
v 0.71947444 -3.71373123 -1.56889174
v 0.73895206 -3.52867889 -1.51794812
v 0.62940946 -3.83700585 -1.63422268
v 0.6487669 -3.94847702 -1.65833603
v 0.67202169 -4.05986918 -1.69248098
v 0.68156279 -4.18861666 -1.70883103
v 0.62172565 -3.70167765 -1.59410032
v 0.63185495 -3.51238786 -1.54171448
v 1.47540164 -4.27959291 -0.83681645
v 1.51866632 -4.31284943 -0.87449719
v 1.49536655 -4.34034512 -0.86741794
v 1.4645498 -4.31230348 -0.83472724
v 1.4394088 -4.29272578 -0.69941427
v 1.48875358 -4.30021491 -0.74099772
v 1.47565022 -4.34226286 -0.73955323
v 1.43449521 -4.33416923 -0.70630652
v 1.41211445 -4.28591064 -0.52183975
v 1.46832482 -4.29180285 -0.56763251
v 1.44889968 -4.34022327 -0.5803959
v 1.39784409 -4.33553959 -0.54187208
v 1.37754004 -4.26984475 -0.41672937
v 1.35442673 -4.33300355 -0.43266734
v 1.30527115 -4.33096729 -0.38341412
v 1.31560655 -4.27131079 -0.36122003
v 1.18705803 -4.32403839 -0.34833695
v 1.12344086 -4.31910624 -0.30397019
v 1.14213609 -4.25675329 -0.25131165
v 1.22661825 -4.25695987 -0.3004997
v 1.11482555 -4.2830138 -0.49395911
v 1.12243213 -4.14185171 -0.50681199
v 0.97589011 -4.14222869 -0.48848071
v 0.98047086 -4.27525336 -0.46768738
v 1.12205658 -4.28596966 -0.48697741
v 1.13654018 -4.15478419 -0.49321899
v 1.00610474 -4.15869726 -0.46096622
v 0.99497397 -4.27835678 -0.45222192
v 1.12824009 -4.28917161 -0.46739786
v 1.14742225 -4.31480335 -0.44364266
v 1.18283343 -4.22621939 -0.41424446
v 1.15911634 -4.1893016 -0.4494998
v 1.06841866 -4.21988167 -0.34170971
v 1.04035679 -4.191345 -0.39322802
v 1.0443466 -4.31563584 -0.37347956
v 1.01968147 -4.29002838 -0.41168084
v 1.26817808 -4.14821228 -0.5990136
v 1.17367372 -4.15678618 -0.53857071
v 1.18253797 -4.26780612 -0.52975257
v 1.26903782 -4.27070486 -0.59748414
v 1.27719643 -4.15218817 -0.58424822
v 1.18988597 -4.16154983 -0.52740948
v 1.18926814 -4.26194152 -0.5228815
v 1.27185291 -4.26528721 -0.58747045
v 1.29944261 -4.16563615 -0.55294757
v 1.31074306 -4.19250497 -0.53137389
v 1.2283237 -4.19482397 -0.46885384
v 1.22010119 -4.17593073 -0.49090683
v 1.20759424 -4.27262593 -0.50031989
v 1.20254286 -4.25437718 -0.50783256
v 1.27822336 -4.27665704 -0.56375139
v 1.27594625 -4.25857869 -0.57084367
v 1.32093626 -4.24133427 -0.50015217
v 1.34107622 -4.25034702 -0.48129582
v 1.2645838 -4.25020232 -0.40565313
v 1.24740566 -4.24153037 -0.43019674
v 1.25160729 -4.33358044 -0.42765737
v 1.23245084 -4.32191836 -0.45796175
v 1.31836976 -4.33268273 -0.50116539
v 1.29268233 -4.31870689 -0.52320131
v 1.28355712 -4.15778432 -0.66199181
v 1.30925907 -4.25324196 -0.65871996
v 1.36551823 -4.26222615 -0.73367084
v 1.33945156 -4.16941975 -0.75531615
v 1.29627351 -4.16923316 -0.65013606
v 1.31083207 -4.24907662 -0.65250629
v 1.36840067 -4.25824169 -0.72349728
v 1.35440853 -4.18218945 -0.73034502
v 1.3265186 -4.18865569 -0.61393766
v 1.34027478 -4.21354013 -0.60349897
v 1.31773765 -4.27984994 -0.63574088
v 1.31106257 -4.26399682 -0.6446322
v 1.37792666 -4.28621718 -0.69960246
v 1.37471103 -4.26954584 -0.70851449
v 1.39603892 -4.2250004 -0.66810851
v 1.38620842 -4.2014173 -0.68464841
v 1.35143256 -4.25524299 -0.58301304
v 1.36668511 -4.26615159 -0.56727112
v 1.34935929 -4.33678905 -0.58407216
v 1.33396323 -4.3266087 -0.60351278
v 1.42166899 -4.34031657 -0.64191177
v 1.40111743 -4.32943414 -0.66160502
v 1.44105463 -4.27377305 -0.62816702
v 1.42194447 -4.2664567 -0.64552646
v 1.35871404 -4.16769621 -0.80575504
v 1.38787199 -4.27952627 -0.79950728
v 1.42197374 -4.28141593 -0.85717911
v 1.40396298 -4.1901836 -0.87753635
v 1.41894006 -4.1992411 -0.86494163
v 1.36765052 -4.18051446 -0.79576343
v 1.42725728 -4.27785414 -0.85158891
v 1.39164035 -4.27533142 -0.79442115
v 1.38884716 -4.20334455 -0.7721548
v 1.40279944 -4.22633506 -0.7567804
v 1.40033848 -4.28792977 -0.76793538
v 1.39689962 -4.27617677 -0.77564674
v 1.44674526 -4.29707294 -0.81936973
v 1.44249746 -4.28422899 -0.8306001
v 1.45934955 -4.23861211 -0.81508272
v 1.44979536 -4.21562399 -0.83449288
v 1.40913157 -4.26414913 -0.73388402
v 1.41325943 -4.27560844 -0.72407845
v 1.40487366 -4.33477564 -0.73324168
v 1.40152547 -4.32567435 -0.74653234
v 1.46409987 -4.3448665 -0.78619502
v 1.45414276 -4.33622405 -0.79988289
v 1.47337621 -4.2845241 -0.77805307
v 1.46736203 -4.27641333 -0.78929034
v 1.41585211 -4.20914537 -0.91881707
v 1.42002411 -4.29331886 -0.90801848
v 1.43977971 -4.31089885 -0.96526876
v 1.4457301 -4.24378511 -0.98432014
v 1.42596023 -4.2198512 -0.91011412
v 1.42742412 -4.29365966 -0.8958979
v 1.45370367 -4.31594999 -0.94821473
v 1.4681073 -4.24986295 -0.96738969
v 1.44806397 -4.23490467 -0.88734888
v 1.4612097 -4.25182495 -0.86849729
v 1.45485364 -4.30812006 -0.84269497
v 1.44095539 -4.29516187 -0.8702247
v 1.48141653 -4.34122379 -0.89869467
v 1.47346724 -4.33019239 -0.9177539
v 1.51283088 -4.28153492 -0.91647112
v 1.5008788 -4.26315575 -0.93876389
v 1.12497222 -4.2842328 -0.47384596
v 1.14777721 -4.16494835 -0.47598182
v 1.00908654 -4.2814502 -0.42936097
v 1.02465003 -4.16902754 -0.43130795
v 1.17277779 -4.21408133 -0.35280665
v 1.19729668 -4.22289131 -0.30564503
v 1.15921725 -4.21953134 -0.27564872
v 1.12884554 -4.21025108 -0.31964461
v 1.28472697 -4.1562269 -0.57105424
v 1.20434969 -4.16727782 -0.51211028
v 1.27427258 -4.25883715 -0.57755511
v 1.19529803 -4.25567233 -0.514093
v 1.36846969 -4.19264634 -0.70505658
v 1.31076591 -4.17635959 -0.63172006
v 1.36941142 -4.2618844 -0.71521402
v 1.31051733 -4.2548484 -0.64915304
v 1.43319506 -4.20710911 -0.85101202
v 1.37382713 -4.19193855 -0.78567042
v 1.43566138 -4.28005128 -0.83852886
v 1.39469748 -4.27518672 -0.78234651
v 1.48061259 -4.25090773 -0.95927892
v 1.43206151 -4.2243721 -0.89938122
v 1.46130882 -4.32111918 -0.93291292
v 1.43455923 -4.29156771 -0.88304812
v 1.31096963 -4.2276483 -0.51068953
v 1.23830009 -4.22745457 -0.44906421
v 1.28327879 -4.30554403 -0.54071109
v 1.22000933 -4.30422984 -0.47688277
v 1.41120187 -4.25252465 -0.65333224
v 1.34916223 -4.24326343 -0.59137959
v 1.39106965 -4.31438734 -0.67278231
v 1.32834805 -4.3106323 -0.61428429
v 1.46485383 -4.26638721 -0.7968811
v 1.4094694 -4.25118285 -0.74172859
v 1.45160077 -4.32430589 -0.80614993
v 1.40147121 -4.31419885 -0.75553356
v 1.50703565 -4.26650811 -0.8887463
v 1.51144778 -4.28284055 -0.87285588
v 1.48863637 -4.27001516 -0.85548026
v 1.48711239 -4.25800751 -0.87158048
v 1.46063768 -4.27488923 -0.75218156
v 1.46748709 -4.28118698 -0.74050198
v 1.44278828 -4.27737482 -0.71642945
v 1.43437812 -4.27253692 -0.72894116
v 1.43921281 -4.26251365 -0.59084452
v 1.45540007 -4.26908413 -0.5642883
v 1.42371215 -4.26581936 -0.54085954
v 1.40668716 -4.25956636 -0.56528894
v 1.33666956 -4.24137139 -0.43971065
v 1.35784382 -4.24525971 -0.40890761
v 1.32639913 -4.2454006 -0.38091422
v 1.30489929 -4.24066551 -0.41043781
v 0.81208462 -1.52326502 -0.00670674
v 0.92123834 -1.54139573 -0.1190529
v 1.03017918 -1.5414519 -0.23658008
v 1.07953991 -1.52787909 -0.3731032
v 0.81286987 -1.39603855 0.04409499
v -0.13470649 3.85300727 0.20772329
v -1.11177021 2.62999781 0.18028644
v -0.94902938 2.43632754 0.12776252
v -0.79248497 2.35262052 0.43428259
v -0.83005867 2.47629782 0.58409156
v -0.96792987 2.38273746 -0.57852475
v -0.96000271 2.5889599 -0.68391349
v -0.78601188 2.47559979 -0.88041117
v -0.83041381 2.33633901 -0.78981583
v -1.01531634 2.5797301 -0.3092105
v -1.02533461 2.44139225 -0.30211932
v -1.0339216 2.45423715 -0.06642578
v -1.05143984 2.65184405 -0.09800372
v -0.89397737 2.22787701 0.15282363
v -0.74653032 2.11016379 0.36930143
v -0.80332407 2.19165487 -0.78995952
v -0.98498218 2.16369224 -0.57284483
v -0.99170932 2.23105159 -0.27444716
v -0.95709136 2.28751686 -0.06299563
v -0.69680439 3.49880021 -0.51200456
v -0.56128193 3.64418167 -0.43467215
v -0.50291076 3.48141609 -0.62535503
v -0.63696856 3.41511961 -0.65159293
v -1.21616409 3.33463643 -0.02530785
v -1.35130594 3.23084764 -0.04242542
v -1.33101487 3.15633021 0.08903658
v -1.23103526 3.26629798 0.07447769
v -0.86129696 3.10566766 0.36684461
v -0.88952924 3.15172911 0.29683043
v -1.02719107 3.01737715 0.31960936
v -1.04327921 2.92581782 0.36774246
v -0.64846798 3.37565459 0.00897189
v -0.79047637 3.35829926 0.03622417
v -0.91829325 3.23196573 0.20511899
v -0.71686545 3.31631557 0.10744114
v -0.55863254 3.6567517 -0.25367489
v -0.7144553 3.56209657 -0.26651182
v -1.05891992 2.67250556 -0.11629847
v -1.04904004 2.5748515 -0.28060068
v -0.98315922 2.57700366 -0.58062753
v -1.36137503 2.78822084 -0.81260047
v -1.20675591 2.87156159 -0.76602829
v -1.52140835 2.91316617 -0.18451518
v -1.57722842 2.72301246 -0.26181633
v -1.46190392 2.71421557 -0.07273153
v -1.44865003 2.83704966 -0.03868861
v -1.28858458 2.74195591 0.01186372
v -1.24375451 2.72399156 -0.02084141
v -1.14076704 2.69572049 -0.04994135
v -0.40870582 3.7875252 -0.42025076
v -0.32928736 3.73784771 -0.52171856
v -0.51728488 3.31080748 0.07817509
v -0.56356374 3.33277985 0.05207357
v -0.74278194 3.27111684 0.18491316
v -0.69670741 3.23115394 0.25519861
v -0.59597914 3.3413747 0.03777816
v -0.50312281 3.44997758 -0.04064408
v -1.44049987 2.99395564 -0.56763905
v -1.5330734 2.84605337 -0.50589084
v -1.57074361 2.76132941 -0.35013278
v -1.52388584 2.96887295 -0.35531904
v -1.09668699 3.46925089 -0.36162488
v -1.22848982 3.33546202 -0.51302578
v -1.32809113 3.30011854 -0.24686016
v -1.16731612 3.42089187 -0.19140902
v -0.70964674 3.45181726 -0.08740375
v -0.57782404 3.51129932 -0.09656217
v -0.45814947 3.60217299 -0.13049452
v -0.44098682 3.75700987 -0.25389733
v -1.1189922 3.2614696 0.1477151
v -1.24480488 3.08784134 0.20494334
v -1.00506519 3.37377516 0.00705194
v -0.92148579 3.48195157 -0.41336952
v -0.89523611 3.46556368 -0.11679003
v -1.0511076 3.27812118 -0.68356484
v -0.71259635 3.080505 0.47197823
v -0.63994614 2.93941668 0.60562436
v -0.45148286 2.97635257 0.5984232
v -0.42604958 3.14561438 0.45063463
v -0.48579807 2.33042491 0.62504826
v -0.46046022 2.47369276 0.72893771
v -0.51656722 2.1195195 0.57079447
v -0.19089244 2.6597361 -0.92611194
v -0.15972168 2.3933112 -0.88323715
v -0.25816417 2.4421086 -0.9290581
v -0.30906217 2.67065208 -0.92369269
v -0.41831291 2.91725868 -0.86300931
v -0.24084805 2.93882147 -0.9160566
v -0.19132819 3.70349856 -0.55682529
v -0.28330183 3.46987395 -0.70544421
v -0.38827067 3.23115061 0.3146062
v -0.3842849 3.30211982 0.18664666
v -0.46572588 3.30121854 0.12779898
v -0.57118067 3.22421552 0.29193933
v -0.29896132 1.58221472 -0.53996279
v -0.3413463 1.41900612 -0.50781965
v -0.5299319 1.4796416 -0.45024334
v -0.46137122 1.62358094 -0.52427102
v -0.59854219 1.49417589 0.55078607
v -0.42351348 1.54879684 0.71609864
v -0.459982 1.74481478 0.66058028
v -0.63587903 1.69189547 0.45701579
v -0.73059598 1.69564468 0.26726626
v -0.79959361 1.45264997 0.35846875
v -0.86233264 1.62032271 -0.21979037
v -0.87665619 1.36298922 -0.20568778
v -0.91107953 1.39669567 0.14450237
v -0.81464773 1.66070282 0.03554107
v -0.75832675 1.61188292 -0.42954765
v -0.74789508 1.34872434 -0.43682155
v -0.59747873 1.73306476 -0.63804732
v -0.73417098 2.72171731 0.68383234
v -0.46545398 2.73276085 0.73005871
v -1.33307516 2.89735636 0.13373713
v -1.19328568 2.84471681 0.26762473
v -1.42251815 2.98853704 0.02127321
v -1.46086497 3.07843899 -0.10866499
v -1.3424649 3.14032358 -0.57282686
v -1.44408177 3.1401358 -0.31897419
v -1.14311423 3.02156938 -0.74917465
v -0.92411971 2.85159787 -0.868238
v -0.84331143 3.11530824 -0.7942642
v -0.77179852 3.36017916 -0.66781881
v -0.63706292 3.25113218 -0.75345333
v -0.63717014 3.00109255 -0.85808818
v -0.29887448 3.22253958 -0.84363034
v -0.48486124 3.21604644 -0.77913719
v -0.27474929 3.28883653 0.19393465
v -0.2179531 3.2427639 0.30247664
v -0.22698253 3.01405454 0.52121199
v -0.21753612 3.15795855 0.39344697
v -0.19562824 2.77127891 0.64393048
v -0.22088955 2.34983649 0.64372866
v -0.16030882 2.53067518 0.66141177
v -0.25489308 2.18325042 0.6526865
v -0.20057224 1.54841748 0.77367699
v -0.20887291 1.81530539 0.71880865
v -0.21695447 0.7894607 -0.42063276
v -0.2773313 0.92017721 -0.43073868
v -0.12095575 1.4069542 -0.46696329
v -0.12299767 1.59735125 -0.52061249
v -0.12031199 1.81428107 -0.62496323
v -0.06748408 1.95809178 -0.68297634
v -0.06795968 2.31788892 -0.8072059
v -0.06822727 2.6048035 -0.8494289
v -0.07631394 2.90949728 -0.84744018
v -0.10091482 3.20703773 -0.78987866
v -0.06790398 3.67127492 -0.51800189
v -0.10387865 3.45220614 -0.68289602
v -0.53080152 2.47640444 -0.90596705
v -0.40301701 2.60079215 -0.91832788
v -0.3561845 2.41781248 -0.93649595
v -0.50964439 2.32171892 -0.90969936
v -0.26842165 1.72954664 -0.59903151
v -0.38820094 1.72212534 -0.58876673
v -0.44645983 1.84312428 -0.71308167
v -0.31295831 1.92014634 -0.75051966
v -0.57665829 2.57534723 -0.9200623
v -0.50109756 2.71187682 -0.94876027
v -0.69959389 2.72050688 -0.93509019
v -0.12991365 2.01857947 -0.74962892
v -0.19938072 1.97679772 -0.76011139
v -0.49797359 1.89583379 0.6041782
v -0.65107809 1.86375878 0.36105483
v -0.78535449 1.94645636 0.19655699
v -0.90158466 1.92281138 -0.25804684
v -0.8859042 1.98597897 -0.02875847
v -0.89040166 1.89229081 -0.54242273
v -0.70955904 1.97068692 -0.75539368
v -0.34436588 2.16875766 -0.87396105
v -0.49176366 2.08738939 -0.84832818
v -0.13852351 2.15099418 -0.80911198
v -0.22968804 2.18068225 -0.86261127
v -0.06521383 2.10194283 -0.73895729
v -0.25248892 1.9926869 0.71492772
v -0.95539364 2.79537464 0.50195737
v -1.11215754 2.53294967 -0.85715751
v -1.31395286 2.3953339 -0.97383987
v -1.38958232 2.552292 -0.98716855
v -1.26582957 2.61738114 -0.92620672
v -1.71318015 2.46913212 -0.27140214
v -1.68033952 2.44876881 -0.18976222
v -1.39563921 1.93041891 -0.49168736
v -1.45685421 1.75727997 -0.52613551
v -1.48008246 1.7690332 -0.81518143
v -1.39552486 1.95732367 -0.69529903
v -1.78073121 2.11747729 -0.98450048
v -1.90210927 1.92966269 -0.98078257
v -1.98569325 1.91864568 -0.90523891
v -1.90960364 2.10063888 -0.93406986
v -1.58898177 1.90511489 -0.21172941
v -1.65033765 1.82209542 -0.29489442
v -1.59280547 1.79878875 -0.35314543
v -1.51093824 1.88097036 -0.27766086
v -1.51966101 1.52153973 -0.61172945
v -1.67458178 1.58259705 -0.92056566
v -1.98106026 1.77506475 -0.94359091
v -2.06943871 1.71589732 -0.86927285
v -2.03725838 1.80982396 -0.21603893
v -2.07446414 1.58395028 -0.15237601
v -1.89325942 1.59858869 -0.11859873
v -1.83607411 1.83958712 -0.18484481
v -1.67150978 1.77078197 -0.33108741
v -1.70026421 1.68843947 -0.27045154
v -1.57874764 1.5628912 -0.40319655
v -1.57543836 1.73374684 -0.39177731
v -1.69391982 1.25991572 -0.67882177
v -1.92489462 0.9948118 -0.6145681
v -2.07395318 0.99846741 -0.66437917
v -1.91259555 1.318774 -0.85436122
v -2.10378262 1.41469763 -0.79017228
v -2.23741893 1.02561986 -0.57493702
v -2.30028476 1.03008905 -0.42688824
v -2.20008655 1.43596459 -0.63480736
v -2.09522776 1.38444182 -0.1483055
v -2.09770145 1.10222627 -0.10925325
v -1.99673096 1.07511315 -0.11321051
v -1.93639095 1.36708947 -0.1092002
v -1.74292059 1.34674365 -0.33162697
v -1.85448767 1.01578978 -0.35418385
v -1.86507069 0.99992666 -0.48039586
v -1.66064068 1.28994746 -0.46029223
v -1.15664087 2.30412917 -0.7876357
v -1.08572603 2.42380583 -0.73834827
v -1.62112521 1.88451251 -0.9437879
v -1.68777177 1.98809555 -0.93659781
v -1.54968703 2.06792331 -0.87494396
v -1.44719613 1.99917551 -0.83008217
v -2.17739735 1.41131647 -0.27515769
v -2.19741105 1.09676578 -0.17191509
v -2.15734462 1.78311864 -0.36890973
v -2.17203277 1.5998084 -0.29620082
v -2.11811426 1.98248537 -0.55503083
v -1.99559098 2.07883357 -0.46070095
v -1.72430461 2.50015438 -0.36247127
v -2.0090023 2.05699781 -0.75587853
v -2.0782763 1.90743816 -0.77406492
v -2.10171542 1.88688065 -0.70392939
v -2.05683989 2.02693966 -0.66580135
v -2.15660256 1.71323336 -0.69011539
v -2.12620432 1.77813199 -0.76348659
v -2.28207194 1.03618385 -0.32861848
v -2.25242909 1.07910654 -0.23402571
v -2.20655899 1.42983737 -0.37102515
v -2.22474467 1.3898302 -0.47696151
v -1.80875822 1.34045995 -0.19413724
v -1.89827248 1.0403781 -0.20511402
v -1.662448 1.93977533 -0.20049979
v -1.67886111 1.8602547 -0.25949987
v -1.33790402 2.64260544 0.01219938
v -1.50129647 2.36793721 0.01788475
v -1.36626077 2.30480864 0.01127609
v -1.2261218 2.6303548 -0.00112563
v -1.73046896 2.57550264 -0.52567226
v -1.58465519 2.80731042 -0.55901
v -1.57763895 2.7756244 -0.69556499
v -1.71218011 2.58059543 -0.74790579
v -2.07021575 0.77487113 0.07222828
v -1.98685703 0.66498648 0.19192843
v -1.85202326 0.72367067 0.09135176
v -1.93224108 0.76719214 0.03091334
v -1.69656213 -0.366455 0.19714153
v -1.67439805 -0.35994744 0.23930886
v -1.71099777 -0.39546777 0.25914246
v -1.73442463 -0.38272437 0.20570527
v -2.13749514 0.66908268 0.09910568
v -2.08531777 0.60901689 0.16174517
v -1.7570729 -0.38058851 0.28123329
v -1.76840905 -0.36471094 0.21916598
v -2.04130115 0.55675248 -0.57328714
v -2.08237785 0.48943891 -0.56784325
v -2.1727308 0.49394595 -0.53237828
v -2.18503071 0.59988805 -0.53252345
v -2.23582843 0.46871246 -0.48047722
v -2.25603229 0.5298717 -0.4294728
v -1.86609085 0.06857132 0.0494059
v -1.82989286 -0.0225885 0.13134253
v -1.8968174 -0.0227831 0.11281499
v -1.93719417 0.05127088 0.1017157
v -1.94459382 0.18209843 0.2682115
v -1.87515751 0.02003798 0.28968879
v -1.82115617 0.00135057 0.24099441
v -1.87002164 0.13491422 0.21669156
v -1.86308679 0.11426602 0.14121045
v -1.81308063 -0.0099369 0.17319297
v -1.98030713 -0.01164051 0.14292334
v -2.07281795 0.13767126 0.09400912
v -2.01206502 0.01452485 0.22402939
v -2.10938614 0.16609027 0.19092973
v -2.03212918 0.18617511 0.25976862
v -1.95080874 0.02207751 0.28541823
v -1.80967389 -0.09163228 0.14798946
v -1.78287849 -0.12717335 0.15990047
v -1.84388179 -0.14311062 0.15144451
v -1.86305371 -0.09966172 0.13536235
v -1.83296331 -0.04182927 0.29848284
v -1.79499728 -0.08116534 0.30023282
v -1.75974615 -0.09046324 0.25728398
v -1.78598679 -0.05316647 0.2616578
v -1.77770014 -0.07120249 0.1955081
v -1.75896279 -0.11097178 0.20041362
v -1.91622112 -0.13813229 0.17835926
v -1.94143733 -0.09276612 0.16396217
v -1.93007952 -0.1213845 0.25843045
v -1.96990367 -0.076772 0.24827896
v -1.90615263 -0.05212326 0.30516143
v -1.87164867 -0.09832185 0.31707745
v -1.76611338 -0.22137145 0.17432324
v -1.74684472 -0.26381592 0.18316177
v -1.7886254 -0.27803056 0.16745265
v -1.82112202 -0.22310338 0.1646999
v -1.75913046 -0.17220504 0.30990401
v -1.74302554 -0.22090873 0.32572566
v -1.72204952 -0.22925264 0.28198461
v -1.73253045 -0.18207844 0.26960798
v -1.73881225 -0.20781081 0.21600593
v -1.73137786 -0.24121814 0.22957892
v -1.85548592 -0.25707572 0.20053352
v -1.88911514 -0.20257556 0.191116
v -1.86155115 -0.24175508 0.27945213
v -1.89342018 -0.18676557 0.26773617
v -1.81428534 -0.21704711 0.33203004
v -1.77668047 -0.29282995 0.34232977
v -1.70890903 -0.27993712 0.33226318
v -1.81058647 0.62297619 0.25583589
v -1.73585139 0.6571234 0.14892155
v -1.81549684 0.49723327 0.28192181
v -1.73813064 0.41291788 0.2131366
v -1.64175435 0.39738432 0.22139297
v -1.66595278 0.46214114 0.29935615
v -1.6616368 0.44518635 0.09806153
v -1.60047226 0.42304748 0.11121035
v -1.66430517 0.57934125 0.07754561
v -1.60640743 0.58213302 0.20835454
v -1.5809499 0.53405664 0.12293771
v -1.64829604 0.55975053 0.28951964
v -1.51301734 0.51116026 0.26919024
v -1.50089498 0.53490595 0.18890733
v -1.55746116 0.37402809 0.20690048
v -1.54473941 0.41739877 0.28223536
v -1.53462809 0.41806273 0.11152818
v -1.49489461 0.49353654 0.11479148
v -1.43433612 0.45926516 0.23140553
v -1.3277852 0.39275547 0.20857126
v -1.33339205 0.41192251 0.15430859
v -1.42736248 0.48119921 0.17132902
v -1.46663342 0.3346925 0.19576431
v -1.35910732 0.32246795 0.17881104
v -1.33824006 0.328764 0.23630679
v -1.43671532 0.359115 0.254369
v -1.47888215 0.39217477 0.10770273
v -1.39566765 0.36300825 0.10803008
v -1.36940774 0.41159087 0.10112404
v -1.43904967 0.46405695 0.09517578
v -1.88077769 1.70367465 -0.94161682
v -1.78005555 1.55381692 -0.18013769
v -1.54045615 2.37301358 -0.92135734
v -1.62637162 2.25617926 -0.92536387
v -1.74815724 2.25468039 -0.88557679
v -1.60243712 2.39698675 -0.89927156
v -1.26796948 2.13376355 -0.78421594
v -1.4128596 2.19206826 -0.90903572
v -1.16684929 2.26462774 -0.43962658
v -1.2789014 2.07164979 -0.46611583
v -1.24718088 2.11501931 -0.64411939
v -1.15658339 2.29562453 -0.62389608
v -1.52434778 2.02789448 -0.10030536
v -1.40936885 1.99292417 -0.18164523
v -1.25176091 2.24883245 -0.08451143
v -1.62528614 2.09048185 -0.09312266
v -1.7712533 2.19307687 -0.28818091
v -1.72940942 2.23130148 -0.22912275
v -1.83651629 2.23908858 -0.39154455
v -1.84199713 2.25850635 -0.71465444
v -1.8915022 2.215936 -0.57540426
v -1.95310834 2.07027943 -0.83860401
v -2.04162482 1.9077372 -0.84299568
v -1.77523324 1.93638834 -0.9792997
v -1.63328291 2.10660653 -0.92852393
v -2.12290718 1.72003327 -0.79444067
v -1.49067311 2.37556366 -0.93715638
v -1.58028971 2.51365757 -0.89500526
v -1.80631999 2.25358562 -0.80964401
v -1.51950917 2.23584903 -0.91725953
v -1.11515505 2.56744566 -0.08810257
v -1.08106544 2.45249815 -0.4898533
v -1.43064855 1.898592 -0.35931573
v -1.50569576 1.82526048 -0.39622038
v -1.70326362 1.83673276 -0.27674429
v -1.7493522 1.95520685 -0.25207212
v -1.63082017 2.42980251 -0.10456899
v -1.16890793 2.22277613 -0.24880296
v -1.31142705 2.02066833 -0.3098679
v -1.70667048 2.15345287 -0.17632508
v -2.11311881 0.86233016 0.00666189
v -2.00160075 0.84202456 -0.03424884
v -2.20192314 0.76444292 -0.00876625
v -2.26794283 0.64081833 -0.38413497
v -2.28722352 0.68072162 -0.25996484
v -2.16294362 0.68344246 -0.54708993
v -1.99305053 0.65653009 -0.52651546
v -1.93303942 0.71648914 -0.290195
v -1.94747673 0.69182847 -0.40808235
v -1.89437512 0.72103657 -0.15385076
v -2.13504429 1.93673093 -0.58846645
v -2.10725087 1.95678271 -0.63963247
v -2.13259726 1.85810754 -0.62710219
v -2.17593489 1.82289888 -0.52622476
v -2.18982244 1.63754643 -0.44172638
v -2.18958468 1.66807438 -0.58445259
v -1.86364179 2.03473639 -0.32961859
v -2.26065909 0.31560117 -0.40108922
v -2.22538034 0.29854431 -0.47879477
v -2.25374994 0.40721607 -0.04614511
v -2.25523692 0.73439096 -0.10246878
v -2.2739062 0.69837414 -0.17949178
v -2.24800363 0.39814512 -0.11572394
v -2.20561059 0.4163389 0.03916733
v -2.15328091 0.4240983 0.13659159
v -2.06395323 0.43080045 0.1878815
v -1.95683386 0.44513141 0.22737358
v -1.98399315 0.35674029 -0.52239309
v -2.06086576 0.33280546 -0.55619348
v -1.92212487 0.44806665 -0.22083789
v -1.93195608 0.42451487 -0.31830593
v -1.84453032 0.43537864 -0.16114838
v -2.14864934 0.31736401 -0.52930413
v -1.83721147 -0.1655928 0.32231818
v -1.69475719 -0.36431887 0.33028812
v -1.73000536 -0.35358951 0.32731982
v -1.66293814 -0.34079872 0.29423819
v -1.10719434 2.4730459 -0.37156396
v -1.07161311 2.52173573 -0.22434727
v -1.8072766 -0.3006733 0.27010592
v -1.81333064 -0.30803017 0.20882772
v -1.75548418 -0.33052687 0.17541427
v -1.70793362 -0.31336943 0.18558147
v -1.68506009 -0.28278645 0.23020604
v -1.68086667 -0.26981912 0.28445472
v -2.11732888 0.10188753 -0.50631238
v -2.18113002 0.10282938 -0.47088219
v -2.25010629 0.35510686 -0.29738629
v -2.22405758 0.10877169 -0.39023286
v -2.15740888 0.09267313 -0.29985712
v -2.27022922 0.393124 -0.18030017
v -2.23825595 0.0976674 -0.1540299
v -2.14306629 0.07713316 -0.07785334
v -2.19241893 0.09592311 0.03623353
v -1.82207232 0.37089302 0.17704247
v -1.78794332 0.4054618 -0.04289942
v -1.83360803 0.33231231 0.09147451
v -1.88506797 0.06104269 -0.06886685
v -1.92037206 0.03825005 -0.13808121
v -1.9479977 0.0534936 -0.26156046
v -2.01550853 0.10871222 -0.48019719
v -2.05770546 0.11013082 -0.51499558
v -1.80771165 0.63735353 -0.07736826
v -1.74192281 0.60895311 -0.00700412
v -1.71295692 0.44904917 0.03843602
v -1.9314488 0.38433115 -0.43425153
v -1.9782673 0.07185389 -0.35850272
v -1.61647996 -0.46269183 -0.02461145
v -1.59375303 -0.45050205 0.02359715
v -1.62571405 -0.47415965 0.03965099
v -1.66010972 -0.47632478 -0.01944375
v -1.67913183 -0.47283118 0.05640616
v -1.70233938 -0.46476872 0.00735847
v -1.85080295 -0.12496848 -0.07460289
v -1.91696199 -0.11365865 -0.07975679
v -1.97846864 -0.01553995 -0.10479379
v -1.88271316 -0.04202268 0.0975943
v -1.80644827 -0.07912033 0.04272658
v -1.81977951 -0.11077908 -0.03226688
v -2.03161107 -0.07539909 -0.04089105
v -2.06931447 -0.04950113 0.05478962
v -1.98736038 -0.03246071 0.10937803
v -1.79324685 -0.17946743 -0.07386754
v -1.74800386 -0.25782677 -0.06899698
v -1.80728064 -0.28457927 -0.06098874
v -1.84823276 -0.2133701 -0.07587376
v -1.83007445 -0.13495369 0.10489906
v -1.79231452 -0.20918067 0.11078355
v -1.7302036 -0.21729643 0.04403242
v -1.7640538 -0.14757984 0.04286432
v -1.7750789 -0.15305443 -0.02650396
v -1.72598912 -0.23451789 -0.02365461
v -1.89401207 -0.27656197 -0.01200052
v -1.95057563 -0.18652124 -0.0267214
v -1.91591328 -0.25009402 0.06445104
v -1.98595825 -0.16095322 0.0647301
v -1.92567119 -0.13709386 0.11957521
v -1.86980614 -0.21992476 0.12033363
v -1.70366571 -0.33182199 -0.06869669
v -1.65762009 -0.37783929 -0.05385716
v -1.72823898 -0.39886669 -0.04949119
v -1.76503064 -0.34405252 -0.05759507
v -1.73874847 -0.27961642 0.10537367
v -1.68054931 -0.3393863 0.10130913
v -1.63562451 -0.33188312 0.05259854
v -1.67501683 -0.28951478 0.04307939
v -1.68198595 -0.30048537 -0.03826914
v -1.62880438 -0.3439395 -0.01397202
v -1.77658313 -0.39974333 0.00138976
v -1.83875973 -0.33648559 -0.00799973
v -1.77688145 -0.40296428 0.08143156
v -1.85319228 -0.32238349 0.07691707
v -1.74660613 -0.37025808 0.11885674
v -1.69097288 -0.41816096 0.09773965
v -1.64308473 -0.40064499 0.10332081
v -1.81513497 -0.29095266 0.12404798
v -1.61830346 -0.44605565 0.08450162
v -1.65584657 -0.45086106 0.08813818
v -1.59084061 -0.43780209 0.06664758
v -1.73434966 -0.43747473 0.06328271
v -1.74334338 -0.43003343 0.00002182
v -1.69925453 -0.43521041 -0.04744191
v -1.62580853 -0.428568 -0.03954257
v -1.58834121 -0.40578294 0.01763581
v -1.60171815 -0.3972506 0.06885483
v -1.73427624 -0.45112488 -0.25663801
v -1.7091826 -0.46078622 -0.20666442
v -1.75759101 -0.49166682 -0.18178182
v -1.77899494 -0.46807223 -0.25600138
v -1.81285513 -0.48188499 -0.16567826
v -1.81989481 -0.45636392 -0.23696119
v -1.92030352 -0.08591957 -0.28453175
v -2.01027699 -0.06665144 -0.28643997
v -2.039124 0.03874513 -0.30989345
v -1.94322358 -0.09349814 -0.12197789
v -1.87167366 -0.0888938 -0.18776006
v -1.885558 -0.08232391 -0.24480051
v -2.10040932 -0.05307464 -0.25371755
v -2.119794 -0.07458569 -0.16132467
v -2.05665544 -0.07379609 -0.09579517
v -1.87004639 -0.20023318 -0.2743398
v -1.82977136 -0.25660753 -0.27218273
v -1.9182005 -0.23911152 -0.28094086
v -1.96212145 -0.16595536 -0.2834003
v -1.89087652 -0.18614489 -0.11697316
v -1.85872916 -0.26255885 -0.10748849
v -1.78016764 -0.25718014 -0.1625294
v -1.80855224 -0.18323939 -0.17787596
v -1.82727816 -0.17933112 -0.23321256
v -1.78346776 -0.24879319 -0.22891678
v -1.99939243 -0.21833845 -0.25102735
v -2.05839302 -0.1378549 -0.24287257
v -2.01578008 -0.21578078 -0.16049225
v -2.07310616 -0.14019918 -0.15604016
v -2.02111253 -0.13694754 -0.0993318
v -1.96909533 -0.21529831 -0.09811161
v -1.78425123 -0.30984203 -0.27788311
v -1.76245438 -0.35431012 -0.27857638
v -1.82770678 -0.35583937 -0.28502112
v -1.86362632 -0.31159157 -0.283996
v -1.80325513 -0.31284626 -0.11693961
v -1.77187576 -0.34461323 -0.11926415
v -1.73347349 -0.32365009 -0.16513037
v -1.74729678 -0.29749328 -0.16844911
v -1.749101 -0.29824789 -0.23168857
v -1.73604 -0.32952364 -0.23093514
v -1.88336407 -0.3794651 -0.25282544
v -1.92431844 -0.32210159 -0.25569901
v -1.88424143 -0.39267291 -0.1763886
v -1.93014984 -0.32399836 -0.17544127
v -1.84446701 -0.37172474 -0.11586882
v -1.82471165 -0.40602989 -0.117335
v -1.75977589 -0.38834051 -0.1128577
v -1.89035461 -0.31845526 -0.1134791
v -1.75313723 -0.45031434 -0.12546481
v -1.79738517 -0.43884199 -0.12884018
v -1.70600898 -0.44735818 -0.15342682
v -1.85567191 -0.42060351 -0.1754082
v -1.86000432 -0.42840735 -0.23195739
v -1.80586293 -0.40325213 -0.27765422
v -1.74289917 -0.40703121 -0.2700721
v -1.71177362 -0.40047988 -0.22306798
v -1.71285958 -0.38461427 -0.15968529
v -1.82226034 -0.38090897 -0.41503501
v -1.81642561 -0.37519097 -0.38149328
v -1.85694136 -0.40771112 -0.37668861
v -1.8543175 -0.40124426 -0.41757677
v -1.9014298 -0.40210879 -0.37129015
v -1.89331166 -0.39982088 -0.41139109
v -2.01802791 -0.01139713 -0.49397529
v -2.07548346 -0.0141499 -0.48989195
v -2.01555541 0.00125946 -0.32051268
v -1.96886257 0.00846573 -0.3856259
v -1.9930729 -0.00429673 -0.46409626
v -2.13816032 -0.01942108 -0.44897452
v -2.15792056 -0.01144734 -0.37962764
v -2.11349293 -0.00679802 -0.32471024
v -1.96732955 -0.1199207 -0.47515512
v -1.9230509 -0.18356719 -0.46011239
v -1.99212177 -0.15448398 -0.46707408
v -2.03025975 -0.10118 -0.48172882
v -1.99288025 -0.09543871 -0.31713546
v -1.94965924 -0.16527901 -0.31760032
v -1.88316665 -0.17832387 -0.35976099
v -1.92498744 -0.11521595 -0.36515207
v -1.93500024 -0.11627414 -0.42734191
v -1.88106126 -0.18798528 -0.41523627
v -2.0794139 -0.11322472 -0.44055805
v -2.1029763 -0.07658978 -0.44335362
v -2.11934658 -0.09004454 -0.36601185
v -2.13580087 -0.06397932 -0.36961986
v -2.09777094 -0.05843527 -0.3180616
v -2.06586407 -0.10625515 -0.30876843
v -1.87746674 -0.24993962 -0.45248645
v -1.84247216 -0.30380504 -0.44851632
v -1.89376372 -0.29268792 -0.45939583
v -1.9406209 -0.22515811 -0.46033935
v -1.91384168 -0.22363865 -0.31788341
v -1.87535992 -0.26833153 -0.31342109
v -1.82329501 -0.28538434 -0.35081493
v -1.8450401 -0.24169228 -0.35886099
v -1.84313521 -0.24586532 -0.41018801
v -1.82070756 -0.29086702 -0.40453641
v -1.97768589 -0.24902514 -0.43827823
v -2.03561576 -0.17473677 -0.43545791
v -2.02360097 -0.20819241 -0.358753
v -2.08165841 -0.14190945 -0.36055344
v -1.96490917 -0.23025777 -0.31106988
v -1.91148401 -0.32456362 -0.32473258
v -1.85095099 -0.32460003 -0.31352316
v -2.02236341 -0.1683634 -0.3089145
v -1.85090077 -0.38424386 -0.33489073
v -1.88863262 -0.39163637 -0.33691503
v -1.81699322 -0.3625251 -0.34902353
v -1.94596275 -0.30861825 -0.36025461
v -1.92268534 -0.33568528 -0.42663962
v -1.86675306 -0.35900606 -0.45430069
v -1.82885974 -0.34726065 -0.43982459
v -1.80818537 -0.33241367 -0.39896526
v -1.8128963 -0.32313385 -0.34798083
v -0.43600776 3.44166024 -0.02994319
v -0.10962536 3.87052753 -0.10379738
v -0.08480449 3.88490082 -0.12835924
v -0.11103965 3.96320495 -0.06870921
v -0.14135002 3.93838 -0.04691206
v -0.05451376 3.89491053 -0.14329093
v -0.07357429 3.98402639 -0.08171578
v -0.02064984 3.89837307 -0.14369591
v -0.03407544 3.99674397 -0.08190925
v -0.09063676 3.81455181 0.02228298
v -0.10586759 3.85791396 0.05845209
v -0.11995132 3.81739153 0.01019288
v -0.13802286 3.85850465 0.05056489
v -0.13844387 3.82561844 -0.007848
v -0.1609674 3.86689601 0.03399967
v -0.14223169 3.83835292 -0.03430371
v -0.17017744 3.88316657 0.0119438
v -0.13459139 3.85240872 -0.06367416
v -0.16708284 3.90355249 -0.01092036
v -0.12351971 3.86176966 -0.08568553
v -0.15776556 3.92034806 -0.02830099
v -0.23429876 4.03573134 0.06823319
v -0.26630319 3.98673307 0.08322734
v -0.18533281 4.07929768 0.06867182
v -0.13082429 4.10220108 0.08415912
v -0.17010323 3.85539814 0.19507735
v -0.21381747 3.8594283 0.18132845
v -0.24885487 3.86818664 0.1570047
v -0.2736822 3.87802214 0.11799271
v -0.28609041 3.90434905 0.08468607
v -0.28330745 3.94051146 0.07253816
v -0.37659038 3.97895597 0.37389468
v -0.39201527 3.95836348 0.35594172
v -0.34648874 4.00312311 0.40103243
v -0.30850379 4.01438251 0.43892159
v -0.27912186 3.80070544 0.3897912
v -0.34621567 3.81478267 0.34693218
v -0.35575766 3.8437194 0.3404051
v -0.37684188 3.86848532 0.34515893
v -0.3890254 3.89453355 0.33398892
v -0.39448759 3.9303592 0.33640341
v -0.22919736 3.54448516 0.1001254
v -0.24670054 3.40126157 0.09184785
v -0.36230682 3.91150071 0.5790613
v -0.37006137 3.88657033 0.58112981
v -0.31167741 4.48174881 -0.14212424
v -0.36038363 4.440917 -0.06508734
v -0.40417029 4.56755254 -0.00194608
v -0.35055757 4.59400202 -0.07915882
v -0.47290012 4.39761626 0.15236908
v -0.51759993 4.34234167 0.26611729
v -0.51366265 4.44402946 0.32524138
v -0.47977401 4.50632625 0.20533125
v -0.31262441 3.74963474 0.22112367
v -0.27697202 3.70486844 0.16800606
v -0.23170216 4.09916906 -0.24013624
v -0.27892623 4.09222636 -0.18714313
v -0.28395399 4.19198546 -0.17461571
v -0.23798009 4.18909243 -0.21835111
v -0.48976887 4.66501836 0.38447259
v -0.45554426 4.71846946 0.29136211
v -0.47882642 4.59880708 0.24358229
v -0.50904935 4.55838604 0.34385696
v -0.3690397 4.69197381 -0.01374796
v -0.41800051 4.66427011 0.05619759
v -0.37970498 4.78353266 0.13230622
v -0.3333503 4.79670695 0.06422054
v -0.40302748 4.33229841 0.6745043
v -0.4093606 4.41909552 0.66238914
v -0.46852969 4.41785701 0.60923761
v -0.45751043 4.31921123 0.6267264
v -0.4579469 3.93933506 0.30935797
v -0.45154587 3.92596063 0.37983864
v -0.46531627 3.96506557 0.3855174
v -0.47352681 3.99460514 0.3206296
v -0.38705834 3.7842659 0.53093063
v -0.39629207 3.73459436 0.48878079
v -0.36469138 4.01253307 0.62213416
v -0.3641406 3.98301397 0.59961411
v -0.37254223 3.81384379 0.53272444
v -0.44059764 3.88211084 0.29869382
v -0.43926421 3.87998819 0.37037144
v -0.2937365 3.92337389 -0.23311146
v -0.32702397 3.92366472 -0.15942682
v -0.29509088 4.00277659 -0.18662872
v -0.25028544 4.01602965 -0.25253179
v -0.42204429 4.05201309 0.68020766
v -0.39770914 4.02101749 0.65814455
v -0.38068298 4.19953267 0.66247166
v -0.41464066 4.10638212 0.67857724
v -0.4675544 4.20775672 0.13378778
v -0.4972658 4.18268331 0.21645824
v -0.51741453 4.25048295 0.2592282
v -0.48750346 4.29117006 0.15122251
v -0.25644676 4.27268379 -0.20352137
v -0.29657944 4.27178704 -0.15933342
v -0.31525018 4.35469345 -0.13111241
v -0.27721373 4.36664684 -0.18955473
v -0.20969659 4.74190929 -0.09338365
v -0.29770329 4.71908966 -0.06736519
v -0.26661916 4.80386717 0.00378511
v -0.21090525 4.8006281 -0.03562545
v -0.18765614 4.6539246 -0.15997268
v -0.27903059 4.62375959 -0.13370408
v -0.15780264 4.54550735 -0.2190127
v -0.2464895 4.51124126 -0.1952315
v -0.11977539 4.29370229 -0.25476802
v -0.19790496 4.28213779 -0.23769688
v -0.21798094 4.38790381 -0.2364149
v -0.13576342 4.41130842 -0.26139065
v -0.09908657 4.11145326 -0.31267647
v -0.16620043 4.11400643 -0.28656024
v -0.17675615 4.19566292 -0.25714012
v -0.10537956 4.20185832 -0.27556346
v -0.12634266 3.98585679 -0.37636735
v -0.20219829 3.99742225 -0.3333843
v -0.17665198 4.04538858 -0.31274611
v -0.10837383 4.03904943 -0.34669969
v -0.27066565 3.92798308 -0.36461558
v -0.18248802 3.90089079 -0.42879848
v -0.34100873 3.85204055 -0.24875917
v -0.45053268 4.63590718 0.14352986
v -0.41764879 4.76184302 0.20589632
v -0.4467177 4.5446401 0.09600558
v -0.42743496 4.44254439 0.04971793
v -0.42578467 4.19658728 -0.03824191
v -0.43017925 4.18677249 -0.01222059
v -0.43070533 4.20273985 -0.00154318
v -0.42891631 4.22221616 -0.02748864
v -0.35446159 3.99029082 -0.00852374
v -0.38161645 3.9934404 0.00160615
v -0.40973868 4.03611665 0.03107468
v -0.38229523 4.05074435 0.00032381
v -0.24495226 3.62854346 0.12561071
v -0.36957801 3.83928204 0.53661852
v -0.39408092 3.84309253 0.50048247
v -0.39007507 3.81781564 0.48776635
v -0.42726072 3.83801211 0.30316583
v -0.42870245 3.82802406 0.38046549
v -0.34375463 3.77618298 -0.15758842
v -0.36366233 3.61465805 -0.09498968
v -0.34465825 3.62478437 -0.07512338
v -0.34089741 3.80427913 -0.12582165
v -0.41421364 3.79776838 0.30424745
v -0.40880932 3.76917079 0.37191979
v -0.37123812 3.8550333 0.10015214
v -0.36164445 3.80997213 0.19956786
v -0.3867383 3.80712385 0.24481699
v -0.41156259 3.84722169 0.22122483
v -0.32013844 3.79871773 0.06014719
v -0.36795315 3.95009944 0.00875745
v -0.35042527 3.92625169 0.00628472
v -0.39928087 3.92372564 0.47361148
v -0.38859517 3.91887465 0.47152542
v -0.39062361 3.92220821 0.4785474
v -0.40080788 3.92686024 0.47773615
v -0.39950919 3.91734532 0.47940414
v -0.39916722 3.91061419 0.49286417
v -0.39747653 3.92070695 0.49048065
v -0.39704841 3.92238147 0.47915357
v -0.40076763 3.79695016 0.4856738
v -0.40322163 3.76281569 0.4388783
v -0.2936914 3.67006449 0.0398141
v -0.27586571 3.54619703 0.05967063
v -0.52792307 4.44659406 0.42090726
v -0.54166151 4.34552648 0.4195612
v -0.53727651 4.35314317 0.4736439
v -0.5258492 4.43826672 0.48313565
v -0.45260086 3.96074649 0.22712143
v -0.46458804 4.0174419 0.24710947
v -0.43618263 3.90005139 0.207603
v -0.51332636 4.26780686 0.36977435
v -0.51350402 4.28304787 0.3923694
v -0.53734594 4.32631196 0.37176039
v -0.52687186 4.291092 0.33635661
v -0.52620119 4.19405504 0.3332701
v -0.51480626 4.15152349 0.41823654
v -0.48668426 4.18160997 0.45875161
v -0.51270919 4.20998242 0.3903741
v -0.39469553 4.24335366 0.5424921
v -0.39246885 4.25690111 0.52470821
v -0.41331508 4.25193184 0.52036855
v -0.41326483 4.21983243 0.52347868
v -0.50781661 4.30697273 0.46251275
v -0.48714867 4.31451517 0.50644018
v -0.5230359 4.34709818 0.53861872
v -0.51062777 4.42622718 0.54234217
v -0.51692837 4.24733193 0.3446772
v -0.50343607 4.25076282 0.3866838
v -0.46700884 4.1344866 0.49931042
v -0.42740301 4.19609225 0.52696789
v -0.46057835 4.24301428 0.50184045
v -0.46687616 4.21203153 0.48202235
v -0.48976533 4.26130301 0.45360534
v -0.49518435 4.23018889 0.42457266
v -0.49618032 4.28474523 0.47058815
v -0.48076347 4.28655206 0.51332351
v -0.42704709 4.28104683 0.54069836
v -0.42078782 4.29403929 0.56018842
v -0.43316861 4.13131226 0.55388859
v -0.39649743 4.20091921 0.55711987
v -0.39706138 4.03226642 0.59252861
v -0.42288072 4.06876773 0.58028708
v -0.41145005 4.11973014 0.58737668
v -0.38322771 4.19801237 0.60158593
v -0.37597148 4.25644512 0.67218626
v -0.41583984 4.04305697 0.53613308
v -0.43284848 4.07149297 0.54158018
v -0.37665086 4.02562715 0.58854028
v -0.3934199 3.99090626 0.56271167
v -0.38424269 3.919938 0.54120141
v -0.39230559 3.89766481 0.53846653
v -0.38719212 4.25927627 0.63943017
v -0.37707127 4.24922492 0.57912199
v -0.3888182 4.23157115 0.55074626
v -0.40800116 4.02065669 0.54499691
v -0.41497355 3.98283952 0.50696817
v -0.39466281 3.92121055 0.51142302
v -0.39772562 3.90549879 0.51117843
v -0.44936152 4.65078073 0.52948429
v -0.3725416 4.6742753 0.5804153
v -0.33248065 4.75556479 0.50795179
v -0.41784359 4.72916672 0.44768341
v -0.37249826 4.79321513 0.36163859
v -0.28888551 4.8206518 0.4221776
v -0.32452246 4.83397745 0.28019009
v -0.2375198 4.86085912 0.33529452
v -0.23663165 4.860465 0.14083268
v -0.28174905 4.8526998 0.20891529
v -0.19226085 4.88255447 0.25993685
v -0.15147775 4.88780552 0.18687051
v -0.03684399 4.7735608 -0.0738261
v -0.11926264 4.76287496 -0.09152463
v -0.14673775 4.82612942 -0.00925238
v -0.06791995 4.84235381 0.02326214
v -0.00817245 4.68109567 -0.14767522
v -0.0927862 4.6759203 -0.1616322
v 0.01834651 4.5810524 -0.2005174
v -0.06376449 4.57508214 -0.21552666
v 0.03468385 4.30445953 -0.24139607
v -0.03856725 4.3002228 -0.25116943
v -0.04561183 4.43677118 -0.25375349
v 0.03283666 4.44145677 -0.23593396
v 0.03538745 4.10023479 -0.29593843
v -0.031439 4.10715798 -0.31810647
v -0.03220178 4.20438675 -0.27529438
v 0.03578152 4.20476659 -0.25780542
v -0.01425681 3.90372408 -0.37251703
v -0.06246009 3.94573776 -0.38631497
v -0.04653886 4.0154361 -0.35290462
v 0.01349128 3.99438571 -0.33355203
v -0.08977259 3.85513088 -0.44210967
v -0.02497114 3.80750939 -0.42536488
v -0.50933655 4.14444894 0.29211206
v -0.50991731 4.10278606 0.37051849
v -0.47691222 4.05970713 0.46862367
v -0.35145869 3.93891786 -0.08050743
v -0.34617444 3.82610609 -0.06224359
v -0.46607005 4.54842084 0.58665241
v -0.40500106 4.56394982 0.64470723
v -0.39549632 4.05528833 0.60207043
v -0.38089185 4.05198929 0.60512993
v -0.37867049 4.04634745 0.62364737
v -0.39723732 4.05440277 0.62873076
v -0.37567643 4.04009612 0.60686299
v -0.39241982 4.04362911 0.60816867
v -0.3730797 4.02941622 0.62713586
v -0.394602 4.03778521 0.64251859
v -0.51107508 4.52144159 0.52173504
v -0.52660882 4.49302868 0.47834068
v -0.52677636 4.52375583 0.42853386
v -0.18919972 4.85406111 0.06869124
v -0.11011778 4.87543375 0.11093338
v -0.51678248 4.29792998 0.42645655
v -0.50075372 4.28096591 0.4366634
v -0.3749582 3.8566714 0.55547141
v -0.39570563 3.86785131 0.52017631
v -0.39809888 3.88003793 0.49578742
v -0.40238163 3.90572464 0.46793531
v -0.40040565 3.89169264 0.47841074
v -0.4076888 3.92941508 0.46036672
v -0.40495221 3.91906552 0.463347
v -0.39888184 3.92186288 0.47388377
v -0.4031521 3.93779121 0.49799694
v -0.39742274 3.94666141 0.53092801
v -0.37632014 3.94494668 0.58853707
v -0.4351863 3.99182301 0.11855767
v -0.45119317 4.04707951 0.16503154
v -0.41766643 3.94076516 0.0802709
v -0.34646482 3.75394977 0.2710337
v -0.37038769 3.73860904 0.33664203
v -0.43211683 4.335864 -0.01257178
v -0.44074315 4.35198844 0.01621263
v -0.43109736 4.3712715 0.02537629
v -0.40961492 4.36643265 -0.00108823
v -0.35133696 4.02034183 -0.09698367
v -0.41649869 4.2433251 -0.05419018
v -0.42149409 4.21119999 -0.05285951
v -0.39632599 4.29278269 -0.0335748
v -0.39272139 4.27657829 -0.03697344
v -0.40649637 4.26359583 -0.00205022
v -0.42275589 4.28018149 -0.00249408
v -0.46007003 4.29894526 0.09445683
v -0.44093869 4.21243136 0.06777613
v -0.40045321 4.11829838 0.01828061
v -0.43056593 4.08225449 0.07509804
v -0.44477756 4.13524056 0.11141596
v -0.4226568 4.14752475 0.04688905
v -0.44784522 4.38500983 0.08755586
v -0.41284192 4.40279687 0.03075984
v -0.34186131 4.12703745 -0.09279731
v -0.32906383 4.21571327 -0.1039973
v -0.34274973 4.28296314 -0.08204135
v -0.34591199 4.34714102 -0.07902061
v -0.36731363 4.38591848 -0.04992559
v -0.44146147 4.2455508 0.05589689
v -0.44565405 4.26780971 0.0652912
v -0.44487525 4.27372286 0.03906225
v -0.44193082 4.24660082 0.03436103
v -0.37634168 4.11206585 -0.01007804
v -0.42016434 4.15360783 0.0000847
v -0.4106825 4.16055386 -0.05113189
v -0.42526379 4.17957513 0.01991452
v -0.43104655 4.20556481 0.03420331
v -0.44788347 4.39949592 0.06687587
v -0.44841854 4.31153122 0.06064391
v -0.41348964 4.43105937 0.00957523
v -0.37496927 4.19342198 -0.06098491
v -0.37324885 4.24184526 -0.0661375
v -0.37208022 4.2885431 -0.08125335
v -0.36272473 4.35204032 -0.10080186
v -0.37742335 4.41198194 -0.06907885
v -0.4436949 4.27044809 0.00663614
v -0.44324522 4.28126578 0.01865537
v -0.42857036 4.20718792 0.01175028
v -0.43197017 4.22363031 0.01278308
v -0.42294875 4.235657 -0.01375213
v -0.43323545 4.21282404 -0.00017494
v -0.46111196 4.33111178 0.04976998
v -0.46966997 4.40504542 0.04956496
v -0.4690498 4.40486835 0.01945091
v -0.46538493 4.33765941 0.03048433
v -0.4364805 4.44789493 -0.02014163
v -0.44332715 4.42472926 -0.03364913
v -0.39751842 4.24462215 -0.08494114
v -0.39759877 4.20391505 -0.08165394
v -0.41436614 4.2030916 -0.06787328
v -0.41475192 4.24897884 -0.07091951
v -0.39729771 4.28720178 -0.09923132
v -0.41233523 4.29261276 -0.09067489
v -0.38674419 4.35393236 -0.12048159
v -0.40948436 4.34487295 -0.10706064
v -0.40112623 4.42897504 -0.09021047
v -0.42023029 4.40991902 -0.08735752
v -0.37874724 3.43748443 0.00091999
v -0.32811031 3.64809688 -0.0285281
v -0.31844096 3.50946392 0.0228262
v -0.31722768 3.3551611 0.07548889
v -0.34446161 3.87318162 -0.00788952
v -0.35047344 3.97126835 -0.0249795
v -0.36557114 4.03757364 -0.02398939
v -0.35441518 3.34244138 0.0592338
v -0.38255874 3.70396312 -0.15496628
v -0.39270616 3.59790722 -0.10058316
v -0.42134225 3.91649473 0.42963255
v -0.43040677 3.94116951 0.4312633
v -0.35449738 3.92140022 0.55927589
v -0.3770096 3.92420901 0.51957413
v -0.38337812 3.92335057 0.49640275
v -0.36080767 3.92168938 0.54900487
v -0.38463674 3.92535946 0.51213694
v -0.39105357 3.92320397 0.48973924
v -0.45402102 4.30167836 0.01825507
v -0.4549953 4.29865776 0.02629037
v -0.49849256 4.27754168 0.4287831
v -0.47831715 4.00673702 0.41291046
v -0.43947962 3.97862826 0.45031911
v -0.48869101 4.04693696 0.34106802
v -0.48093202 4.08336496 0.26843575
v -0.46803027 4.11424919 0.19223164
v -0.43990039 4.0160763 0.48197184
v -0.41033119 3.94826952 0.47502137
v -0.3895259 3.92028809 0.47240768
v -0.41423509 3.88941815 0.42787742
v -0.40630562 3.86381616 0.43680384
v -0.38681728 3.92118794 0.48055817
v -0.44657172 4.241127 0.45819135
v -0.48026023 4.26291755 0.4267366
v -0.40188432 4.2547192 0.49647861
v -0.39220861 4.27461914 0.512838
v -0.42589501 4.31365745 0.51588067
v -0.46654559 4.31678085 0.48560273
v -0.48371778 4.30503357 0.45168641
v -0.48918707 4.2930302 0.42364559
v -0.48722599 4.27813857 0.41424408
v -0.50871467 4.60363023 0.47017862
v -0.44926293 4.31351465 0.01385258
v -0.45384538 4.38121005 0.02865077
v -0.44447602 4.3288123 0.01815337
v -0.42095959 4.41686934 -0.01412854
v -0.4551331 4.40918553 0.01099307
v -0.40985702 4.29523115 -0.08089037
v -0.40198145 4.33761991 -0.09084955
v -0.40517349 4.3979247 -0.06732434
v -0.44360518 4.30009714 0.0049475
v -0.4444629 4.28982112 0.01656408
v -0.4228941 4.30698367 -0.00965523
v -0.42959069 4.39120714 -0.01146718
v -0.40781484 4.26851274 -0.04516485
v -0.40729438 4.31069349 -0.05777042
v -0.40763694 4.33597824 -0.07742804
v -0.42884849 4.28931039 -0.00499033
v -0.41687487 4.37015484 -0.05308643
v -0.4404453 4.25457688 0.0028355
v -0.41632529 4.34793686 -0.03545248
v -0.40474061 3.80941452 0.44025324
v -0.3992623 3.84931364 0.46470844
v -0.37056154 3.6989472 0.42811797
v -0.36320907 3.88194996 0.5582721
v -0.36991697 3.90214382 0.50849429
v -0.37142744 3.89876957 0.47378676
v -0.374927 3.90057045 0.45559908
v -0.38150985 3.9040349 0.44149193
v -0.35049218 3.92823274 0.5292723
v -0.37301773 3.930695 0.49160385
v -0.37885708 3.9275923 0.47025642
v -0.38288682 3.91335752 0.44169818
v -0.37970671 3.92177506 0.45758849
v -1.10876568 3.02027756 0.27559282
v -0.54067908 1.3005024 -0.46959751
v -0.33507357 1.22030338 -0.46537419
v -0.14151916 1.19231029 -0.44462057
v -0.38214854 1.10658724 -0.38005471
v -0.45470926 1.02723565 -0.34797809
v -0.61524031 1.09560652 -0.31623026
v -0.58629209 1.16128422 -0.38729041
v -0.24278642 1.08846272 -0.42229219
v -0.17801429 1.31388112 0.83092573
v -0.46026042 1.21220166 0.77373144
v -0.34231022 1.27790625 0.81768546
v -0.69378969 1.26406607 0.60004154
v -0.89293425 1.12218083 0.32935804
v -0.88290568 1.16903289 -0.08269558
v -0.77219317 1.17938625 -0.34684001
v -0.31260177 0.98280855 0.8238679
v -0.28088053 1.08284349 0.83468196
v -0.15609505 1.07856035 0.85238684
v -0.76361737 1.05655103 -0.27671912
v -0.80063006 -1.40654958 0.20243292
v -0.65084076 -1.41899419 0.30501917
v -0.52486184 -1.3880056 0.46636066
v -0.45560007 -1.30771127 0.63686902
v -0.51609326 -1.23368648 0.87414912
v -0.67776908 -1.27921542 1.00088468
v -0.45417289 -0.86711091 0.80799038
v -0.64265728 -0.95365403 0.96110307
v -0.76836823 -0.82145619 0.99870872
v -0.85103165 -1.1015388 0.97515804
v -1.02347113 -1.19386494 0.92139119
v -1.22615178 -1.16649003 0.7934627
v -0.98830484 -0.80519063 0.96527709
v -0.94407332 -1.08234856 0.96575671
v -1.13596376 -0.87862152 0.82761413
v -1.28739105 -0.88348589 0.62869013
v -1.06356339 -0.42569222 0.90593896
v -1.17432926 -0.49616599 0.71348448
v -0.91959703 -0.54604727 1.01230425
v -0.91949231 -0.33423169 0.99739358
v -0.82158645 -0.54026151 1.02739747
v -0.75747474 -0.32612425 1.01746868
v -0.7297169 -0.06327894 0.98531501
v -0.90724965 -0.07208178 0.95781622
v -1.17587443 -0.20686179 0.54500756
v -1.06902685 -0.03099166 0.7892835
v -0.88904266 0.14503217 0.90516841
v -0.98923004 0.2593974 0.78655926
v -1.23901704 -0.3585562 0.28464791
v -1.30018705 -0.59122172 0.44847405
v -1.25534591 -0.73697403 0.22516013
v -1.30852831 -0.96793783 0.39600413
v -1.17039335 -0.52168379 0.08571373
v -1.05706275 -0.66015373 -0.03628118
v -1.1259562 -0.8614855 0.08310014
v -1.31001255 -1.237645 0.59855802
v -1.10758334 -1.32339589 0.2522852
v -0.96222711 -1.36359596 0.19884085
v -1.23662046 -1.28537917 0.36435991
v -1.190527 -1.07416092 0.22603752
v -0.82690045 -0.9816614 -0.07637074
v -0.89992711 -1.18495595 0.06522469
v -1.05298655 -1.13774536 0.12223209
v -0.98955811 -0.93530675 -0.01755458
v -0.9278613 -0.73076667 -0.12941564
v -0.7542891 -0.75798498 -0.18423293
v -0.50591446 -0.14905364 -0.39641279
v -0.63349876 -0.31906574 -0.32663128
v -0.86642129 -0.36860776 -0.25226945
v -0.81626424 -0.19492938 -0.29915769
v -0.77242551 -0.05326353 -0.41176364
v -0.42885887 -0.0528717 -0.52445475
v -0.18870104 0.04810108 -0.44029968
v -0.20941994 -0.05383401 -0.34974985
v -0.33334304 -0.24736482 -0.31135918
v -0.44562186 -0.50895586 -0.23077789
v -0.69879852 -0.54415238 -0.26029339
v -0.88489791 -0.5472865 -0.19924522
v -0.526947 -0.75492345 -0.14986519
v -0.24936575 -0.45791336 -0.10743616
v -0.31540978 -0.70897469 -0.03245483
v -0.16763272 -0.20165274 -0.18686103
v -0.61744953 -0.99842901 -0.05271952
v -0.40894899 -0.96856803 0.06968558
v -0.71892575 -1.21970242 0.07049349
v -0.53839775 -1.21255993 0.18375677
v -0.42058868 -1.13535651 0.41968416
v -0.40300205 -0.97951102 0.6245007
v -0.27522013 -0.70454893 0.61241814
v -0.40965163 -0.57226525 0.7910109
v -0.23119192 -0.82158965 0.31838759
v -0.14375103 -0.47325677 0.44928649
v -0.23797997 -0.40291505 0.63070372
v -0.17580367 -0.5951126 0.1640245
v -0.1288562 -0.37541626 0.09679804
v -0.07622493 -0.16156702 0.04877356
v -0.09373261 -0.27677039 0.32031768
v -0.11488872 -0.46023646 0.31409752
v -0.13454703 -0.21329397 0.50606975
v -0.04474773 -0.11000115 0.29894603
v -0.10540049 -0.07400853 -0.17827183
v -0.05426025 -0.09835587 0.04031955
v -0.591717 -0.40916496 0.97471389
v -0.49295226 -0.50698838 0.88250211
v -0.55097503 -0.00577172 0.94362375
v -0.41675251 -0.16972205 0.87204611
v -0.34208901 -0.27882563 0.77726806
v -0.64952823 0.28870187 0.91597437
v -0.75456648 0.16767468 0.93682265
v -0.85510501 0.2956807 0.87109378
v -0.78581102 0.30521912 0.89598299
v -0.75176269 0.43982787 0.85602229
v -0.03038014 -0.10362229 0.2519474
v -0.0732745 -0.03900157 0.4711023
v -0.12686782 -0.08506597 0.50862245
v -0.04052093 0.01383089 0.6113871
v -0.19982532 -0.1041816 0.66333361
v -0.27570212 0.01814547 0.76571717
v -0.57860245 0.49507879 0.84705796
v -0.72806428 0.61093517 0.77420409
v -0.46077166 0.29592836 0.87254756
v -0.35504178 0.13515402 0.84247947
v -0.18678712 0.06067085 0.65177018
v -0.14205949 0.11167433 0.68839417
v -0.06094553 0.1437318 0.74489888
v -0.08503292 0.34945812 0.81031217
v -0.20087827 0.3080028 0.78045899
v -0.24613096 0.22311907 0.74354215
v -0.31978731 0.37217053 0.79611125
v -0.26291767 0.51512134 0.81907373
v -0.16130612 0.63732616 0.8258897
v -0.39523607 0.55796499 0.79964305
v -0.35283896 0.72182998 0.81719579
v -0.32620667 0.84029186 0.81555829
v -0.4562704 1.00032131 0.79261812
v -0.48153254 0.87196598 0.77739502
v -0.52358203 0.72272994 0.74920261
v -0.74241919 0.72633285 0.68463633
v -0.72834844 0.87693692 0.60001959
v -0.8633102 0.77992971 0.53618383
v -0.65090002 0.98863454 0.69335559
v -0.60063932 1.10459096 0.73639579
v -0.8287706 0.98189204 0.47024764
v -0.90333515 0.87781118 0.40323808
v -0.79541982 1.08264274 0.55954399
v -0.89761775 0.55534907 0.70760482
v -0.86905729 0.42803728 0.80245213
v -0.94016352 0.97608885 0.1967391
v -0.99760884 0.8756351 0.15430049
v -1.03742948 0.7677494 0.16248989
v -0.9682179 0.78434262 0.36384311
v -1.00569468 0.71647028 0.34600639
v -0.97642964 0.68365648 0.45157253
v -0.93569344 0.62554674 0.59373232
v -1.15521077 -0.00111813 0.32636511
v -1.15404247 -0.16172261 0.1499914
v -1.11555666 0.18697659 0.49176804
v -1.03493128 0.38066247 0.61041716
v -1.04615308 0.48990805 0.46373758
v -1.04522384 0.59268939 0.32380364
v -1.04676781 0.67608916 0.21735621
v -1.05009387 -0.34979452 -0.06920063
v -1.00192417 -0.53114279 -0.11561807
v -0.98255674 -0.15191941 -0.13250005
v -1.05563563 0.00669455 0.03902792
v -1.094581 0.17884868 0.15629602
v -1.09563138 0.34427209 0.30914773
v -1.05871073 0.4959598 0.14905455
v -1.02268576 0.34744191 -0.01374886
v -1.03919515 0.61896906 0.01828793
v -1.00303441 0.51572346 -0.15965554
v -0.99062729 0.17253549 -0.10457516
v -0.95276883 0.36116881 -0.26951469
v -0.89955691 0.1888917 -0.36563264
v -0.94312932 0.00824877 -0.23470587
v -1.02305382 0.74560609 -0.06937773
v -0.96498793 0.68506301 -0.25471533
v -0.97392554 0.89997907 -0.11413423
v -0.87387085 0.88049448 -0.30086603
v -0.91451941 1.04039107 -0.10652652
v -0.88177641 0.54861464 -0.38449633
v -0.78685235 0.38485931 -0.48292211
v -0.71292799 0.76070454 -0.44819605
v -0.68053109 0.53650939 -0.54040039
v -0.59025989 0.96429343 -0.37909697
v -0.71820261 0.09592596 -0.50643108
v -0.4169847 0.08817965 -0.5979302
v -0.21027275 0.15226366 -0.53149806
v -0.22554556 0.27898858 -0.5583172
v -0.21765913 0.45757651 -0.53132296
v -0.32806854 0.4260919 -0.62805047
v -0.38768545 0.26596373 -0.62818202
v -0.62193473 0.2879137 -0.57765364
v -0.52772904 0.47958096 -0.60541273
v -0.4614032 0.67116392 -0.56020995
v -0.29254318 0.55818561 -0.57093292
v -0.21592579 0.54974677 -0.50941633
v -0.25584472 0.67285349 -0.48528165
v -0.39901952 0.81723591 -0.47995284
v -0.16572415 0.91649041 0.84388826
v -0.85672085 -1.97801537 0.04368556
v -0.90110874 -1.87319382 0.17255517
v -0.7448382 -1.9262733 0.2644786
v -0.67654877 -2.04835082 0.1959368
v -0.83906708 -2.16145247 -0.08073242
v -0.64218606 -2.25690344 0.12276903
v -0.85428857 -2.42882767 -0.19013027
v -0.66082928 -2.53015538 0.03933267
v -0.93368532 -2.74392646 -0.23568057
v -0.77036272 -2.84173117 -0.05562334
v -1.00887152 -3.00597683 -0.24151962
v -0.88191207 -3.08271211 -0.08473845
v -1.04983553 -3.2299273 -0.20891784
v -0.93187444 -3.29292092 -0.10314323
v -0.87166485 -3.08713662 0.19073893
v -0.9018865 -3.34453425 0.09082028
v -0.76015512 -2.85498685 0.20107118
v -1.14437547 -3.39854534 0.29999016
v -1.15406306 -3.18606061 0.36492065
v -1.29779606 -3.15646821 0.28513205
v -1.28206705 -3.38149512 0.23640813
v -1.19126109 -2.96042445 -0.2354341
v -1.17526683 -2.68839102 -0.23849566
v -1.15229454 -2.39046836 -0.18877138
v -1.13748858 -2.13822849 -0.0959724
v -1.18368473 -3.20928268 -0.21780846
v -1.29310964 -3.23109822 -0.14323392
v -1.33005647 -2.98363937 -0.13701898
v -1.35191913 -2.70979555 -0.10715068
v -1.39882152 -2.76838751 0.07479333
v -1.39131906 -2.49463888 0.19389208
v -1.35586635 -2.42438888 -0.03243454
v -1.3277188 -2.19205586 0.07263367
v -1.33423478 -3.28050607 -0.02568938
v -1.37526543 -3.03240203 0.00267377
v -1.35998278 -3.34325909 0.10442325
v -1.37901595 -3.09092355 0.13988724
v -1.38350828 -2.82449936 0.23566207
v -1.28530981 -2.89046194 0.38380529
v -1.25010282 -2.59647494 0.50453601
v -1.34954421 -2.55162964 0.37068809
v -1.35117112 -2.28271439 0.30094248
v -1.30790358 -2.34032249 0.46760584
v -1.21399194 -2.37167984 0.593367
v -1.00795275 -3.38264986 0.25095866
v -1.00075623 -3.17554208 0.33826352
v -1.13391882 -2.93063522 0.47431751
v -1.10585885 -2.61985552 0.60492329
v -1.08949321 -2.38787044 0.68044708
v -0.97407006 -2.92668242 0.45937352
v -0.86017114 -2.86591568 0.37725039
v -0.77414072 -2.79251609 0.33614263
v -0.732279 -2.61049125 0.39243967
v -0.8319673 -2.62710999 0.4995803
v -0.94098037 -2.6309012 0.59570723
v -0.93416809 -2.3939647 0.67200658
v -0.66776199 -2.59074029 0.25021071
v -0.64144198 -2.33918299 0.30207559
v -0.70719893 -2.38649889 0.44547746
v -0.81761698 -2.39927835 0.57406466
v -0.81836654 -2.22206094 0.64531381
v -0.93795073 -2.24412375 0.75127368
v -0.71127335 -2.1954025 0.50100558
v -0.65101806 -2.12678441 0.35449627
v -0.69714329 -2.00584306 0.39990643
v -0.72801835 -2.05963687 0.57405895
v -0.81402771 -2.06891737 0.75044719
v -0.92839535 -2.09500605 0.87509598
v -0.80182157 -1.91431682 0.84004261
v -0.89004402 -1.87486024 0.94864847
v -0.70821111 -1.94969742 0.64885876
v -0.71666137 -1.92177215 0.44192341
v -0.71070955 -1.79663822 0.86745149
v -0.86355693 -1.68284532 0.97268055
v -1.10040038 -2.24657673 0.76731249
v -1.1985183 -2.19568095 0.66764704
v -1.12996161 -2.10402976 0.88096266
v -1.21402514 -2.04017888 0.73600209
v -1.09543194 -1.86542779 0.9504061
v -1.22194444 -1.88288283 0.78945337
v -1.05218344 -1.61930027 0.92586038
v -1.20348757 -1.67939265 0.79436433
v -1.11939155 -1.48360973 0.89971827
v -0.99952057 -1.52184909 0.95909138
v -1.01307933 -1.46584636 0.95392107
v -0.90725821 -1.46926904 0.98876214
v -1.24399726 -1.48782349 0.78356384
v -1.29825503 -1.47498847 0.6124229
v -1.27085584 -1.67713494 0.62192943
v -1.27756377 -1.85631638 0.60173355
v -1.28595501 -2.00176769 0.57171514
v -1.27786257 -2.16069637 0.52602377
v -1.30937259 -2.10244521 0.3607997
v -1.27571719 -2.01393313 0.15491239
v -1.11257284 -1.9729371 0.03420875
v -1.24244115 -1.8746188 0.24617921
v -1.10731143 -1.8568233 0.16234848
v -1.08522173 -1.76776717 0.28302874
v -0.91530841 -1.79608108 0.27255869
v -1.19964709 -1.76947489 0.33039304
v -1.27966821 -1.79753724 0.43311988
v -1.29783747 -1.94239154 0.40588657
v -1.25703791 -1.64244095 0.45312052
v -1.24380317 -1.47583798 0.45082119
v -1.00614401 -1.52240909 0.27877341
v -1.14884139 -1.49311084 0.32741641
v -1.16370173 -1.6371079 0.34722101
v -1.04891438 -1.65173453 0.32127905
v -0.89790941 -1.68944567 0.30109807
v -0.86054717 -1.56104875 0.26973456
v -0.72742634 -1.60888229 0.34443638
v -0.77536769 -1.75403718 0.32931916
v -0.77855286 -1.84736526 0.30992924
v -0.68301763 -1.80838265 0.46793724
v -0.64228328 -1.8204899 0.67421002
v -0.58885788 -1.57656928 0.87917837
v -0.5395344 -1.63140466 0.6725107
v -0.60969599 -1.63760245 0.47608966
v -0.74672476 -1.51069762 0.99564481
v -0.94308862 -1.53559004 0.9753667
v -1.0520623 -3.48236327 -0.23425101
v -0.96420339 -3.51583446 -0.1371729
v -0.96918123 -3.68989538 -0.16330186
v -1.04475607 -3.66693844 -0.28492881
v -0.9273727 -3.54650235 0.04499164
v -0.91039305 -3.70832263 0.01231967
v -0.97493029 -3.80300513 -0.18773722
v -1.04309798 -3.7955893 -0.30987135
v -0.87648418 -3.79383625 -0.02639071
v -0.86657479 -3.86398463 -0.04015618
v -0.9725249 -3.88726 -0.19872351
v -1.03197388 -3.89509161 -0.32105203
v -0.95743407 -3.98711693 -0.19841067
v -1.02688525 -4.00074387 -0.35125316
v -0.88220634 -3.95870163 -0.03303269
v -0.90584014 -4.07931883 0.00144947
v -0.95211721 -4.20137826 0.04221556
v -0.93785006 -4.22451299 -0.18387965
v -0.92581017 -4.10908402 -0.20929752
v -1.01737104 -4.12856747 -0.38033135
v -1.01954593 -4.24934984 -0.34668282
v -1.00728113 -4.29416278 -0.11487867
v -1.0465892 -4.29707675 -0.26697222
v -1.03838728 -4.28275011 0.05489358
v -0.99901865 -4.22659494 0.23045987
v -1.08985389 -4.29500336 0.2280642
v -0.98169319 -4.20201989 0.44145474
v -1.05198115 -4.2859868 0.41350276
v -0.93746416 -4.12399469 0.23667814
v -0.99989529 -4.08525197 0.65903809
v -1.00846312 -4.1330341 0.78636322
v -0.98231792 -4.28080809 0.81038083
v -0.97832846 -4.25786852 0.62922115
v -0.98429384 -4.0557562 0.51630692
v -0.94235097 -3.97077639 0.28110936
v -0.95551395 -3.855985 0.19400883
v -0.96049798 -3.79504144 0.17515471
v -0.98025 -3.72071677 0.18983729
v -0.99239128 -3.57673614 0.20115778
v -1.25029595 -3.59374852 0.24806911
v -1.10880186 -3.59109348 0.27987585
v -1.24507286 -3.7197272 0.26932275
v -1.09425817 -3.71131466 0.28380858
v -1.33835014 -3.57610808 0.10522404
v -1.32710168 -3.73695211 0.10228191
v -1.34616544 -3.81881969 0.10720837
v -1.35707392 -3.89569873 0.14503306
v -1.24584253 -3.80789634 0.30317684
v -1.2417706 -3.76708 0.27516753
v -1.07872324 -3.7607713 0.29444301
v -1.07772403 -3.79911681 0.32110918
v -1.25750985 -3.88193755 0.37998174
v -1.07854974 -3.87724578 0.41030867
v -1.38563486 -3.97711841 0.2385145
v -1.40447312 -4.01595346 0.40215795
v -1.42152013 -4.05423448 0.55050333
v -1.28466604 -4.02080279 0.63180663
v -1.26984747 -3.94790394 0.4979904
v -1.10640433 -3.95353054 0.54019982
v -1.46157537 -4.13944799 0.294237
v -1.50619066 -4.13201788 0.45444491
v -1.53643754 -4.1801965 0.57342208
v -1.44449207 -4.12918672 0.66538147
v -1.32665069 -4.12062615 0.77834908
v -1.16710585 -4.11391335 0.82123363
v -1.13281299 -4.01966757 0.66604737
v -1.5589016 -4.23352194 0.41708317
v -1.60521937 -4.22889585 0.50359297
v -1.48018444 -4.2456662 0.26679813
v -1.45774537 -4.31333018 0.29273203
v -1.56175001 -4.32131957 0.45353971
v -1.60651976 -4.30743797 0.53761642
v -1.56443896 -4.30592577 0.62388358
v -1.50721795 -4.33707559 0.51399762
v -1.47948498 -4.29733854 0.72416579
v -1.4090284 -4.32977019 0.55623388
v -1.34894316 -4.29321224 0.81955144
v -1.27071531 -4.33926321 0.59019177
v -1.10760999 -4.33277698 0.60741269
v -1.16200901 -4.29810726 0.87777975
v -1.15329327 -4.31325212 0.40338385
v -1.32457492 -4.3186869 0.37802
v -1.40806894 -4.32538685 0.34793829
v -1.19042062 -4.32010914 0.03912903
v -1.13769575 -4.31351105 -0.08477937
v -1.25336105 -4.32332584 0.21099643
v -1.33200658 -4.33226339 0.16797604
v -1.38467302 -4.30592672 0.10677801
v -1.312491 -4.28412047 -0.10936316
v -1.27239494 -4.32106682 -0.02928312
v -1.18847313 -4.30986644 -0.22217394
v -1.19828471 -4.26514536 -0.33145496
v -1.4030961 -4.21724281 0.0754183
v -1.31102199 -4.17354796 -0.15282135
v -1.36203974 -4.08161403 0.07986135
v -1.34749676 -3.94131679 -0.03718336
v -1.27996273 -4.05089545 -0.18260496
v -1.25701435 -3.93213459 -0.22806271
v -1.35623512 -3.8187057 -0.11603488
v -1.23052988 -3.80997377 -0.26392613
v -1.31904089 -3.53085271 -0.06557144
v -1.32877417 -3.69618932 -0.11643597
v -1.22657446 -3.67356199 -0.2517891
v -1.25038758 -3.4900923 -0.18856131
v -1.14247189 -3.79775883 -0.34147419
v -1.14802782 -3.90685436 -0.3420354
v -1.17373916 -4.01445078 -0.36382053
v -1.1901004 -4.14109442 -0.37929912
v -1.14411975 -3.66012282 -0.31637558
v -1.15962814 -3.46990153 -0.25186476
v -1.5984504 -4.27716158 0.70945206
v -1.64716546 -4.30991594 0.69113738
v -1.62405739 -4.33591086 0.69167435
v -1.58501135 -4.30766977 0.70819308
v -1.51344394 -4.29239497 0.82860239
v -1.57425602 -4.29974131 0.80807695
v -1.55873275 -4.34132137 0.80525734
v -1.50874455 -4.33346144 0.82104377
v -1.42264964 -4.29199419 0.98418312
v -1.49143171 -4.29793019 0.96256404
v -1.47479166 -4.34542483 0.9443689
v -1.41344411 -4.34100579 0.96136694
v -1.35218318 -4.28086426 1.06730063
v -1.33220685 -4.34291544 1.04505838
v -1.26837121 -4.34151557 1.07126439
v -1.27383776 -4.28266348 1.09478609
v -1.14558078 -4.33504076 1.06135155
v -1.07037805 -4.33051034 1.07933232
v -1.07276356 -4.26961723 1.13427991
v -1.16935273 -4.27033264 1.11967363
v -1.13510545 -4.29040393 0.8993786
v -1.1429217 -4.16756055 0.87967679
v -1.02376851 -4.17345562 0.85254177
v -0.9997281 -4.28606105 0.87194972
v -1.13915 -4.29295045 0.90882349
v -1.15315167 -4.17572796 0.90310293
v -1.03352784 -4.1851772 0.8892825
v -1.00726685 -4.28848667 0.89268573
v -1.13729723 -4.29608813 0.92953337
v -1.14456658 -4.32241814 0.95868936
v -1.17265225 -4.23545253 0.99840647
v -1.16183992 -4.20158579 0.9558914
v -1.04409362 -4.23040996 1.02485928
v -1.03792736 -4.20266295 0.96653774
v -1.02302216 -4.32354003 0.98644125
v -1.01551756 -4.29743469 0.94124192
v -1.32365282 -4.15031994 0.85755412
v -1.21586089 -4.16026896 0.8781221
v -1.21315302 -4.27203143 0.89083433
v -1.31886633 -4.27335323 0.86064088
v -1.32730945 -4.15538536 0.87488143
v -1.22617439 -4.16355134 0.8961146
v -1.2174809 -4.26639387 0.89954299
v -1.3181721 -4.26852771 0.87086775
v -1.33737116 -4.17080343 0.91160841
v -1.33807442 -4.19867325 0.9361865
v -1.23813206 -4.20138778 0.96330057
v -1.24019736 -4.18219611 0.93969313
v -1.22513401 -4.27757045 0.92718552
v -1.22459734 -4.25933693 0.91815664
v -1.31411375 -4.28108131 0.89555216
v -1.31613156 -4.26248985 0.88782706
v -1.33217353 -4.24889099 0.96997613
v -1.3432517 -4.25897138 0.99477227
v -1.24404985 -4.25968345 1.03512078
v -1.23792156 -4.24955641 1.00632304
v -1.23475567 -4.3419154 1.01085322
v -1.22893879 -4.32867685 0.97575975
v -1.32394234 -4.340189 0.96909776
v -1.30925181 -4.3247952 0.93899183
v -1.36683171 -4.15583659 0.80336798
v -1.38049471 -4.25287926 0.81802722
v -1.45989765 -4.26176445 0.7681485
v -1.44821272 -4.16818171 0.73718253
v -1.37214048 -4.16841971 0.81956477
v -1.3799985 -4.24902807 0.82405133
v -1.4591901 -4.25802274 0.77883131
v -1.45347389 -4.18170775 0.76640848
v -1.38406709 -4.19018265 0.86482031
v -1.39118103 -4.21583152 0.88025273
v -1.37764095 -4.2808119 0.84300097
v -1.376104 -4.2643519 0.83185331
v -1.45681541 -4.28648135 0.80572506
v -1.45855085 -4.26958106 0.79580626
v -1.46621443 -4.22650641 0.84094525
v -1.46502566 -4.20210652 0.82128813
v -1.39067244 -4.25861296 0.9046055
v -1.39825082 -4.27070105 0.9250884
v -1.38391692 -4.34029086 0.90409352
v -1.37750291 -4.32892198 0.87992442
v -1.4720751 -4.3433305 0.87681077
v -1.46113592 -4.3312762 0.85073107
v -1.48942746 -4.27776275 0.89601916
v -1.47860953 -4.26938115 0.87279858
v -1.48716927 -4.16551715 0.69266993
v -1.50411858 -4.27900173 0.71399098
v -1.55678621 -4.28248499 0.67314965
v -1.55170366 -4.19489251 0.64232719
v -1.56156997 -4.20327792 0.66226116
v -1.49057577 -4.17823164 0.70690602
v -1.55975945 -4.27882181 0.6804378
v -1.50600015 -4.27488733 0.71987712
v -1.49966147 -4.20299042 0.73779441
v -1.50538065 -4.22618322 0.75832699
v -1.5030813 -4.2862305 0.74886163
v -1.5037867 -4.27525241 0.73964533
v -1.5642851 -4.29450739 0.71709011
v -1.56547935 -4.28301666 0.70502755
v -1.57865316 -4.2401048 0.72555466
v -1.57805437 -4.21865506 0.70308464
v -1.49980629 -4.26334519 0.78395093
v -1.49926271 -4.27499205 0.79522366
v -1.49116742 -4.3328817 0.78474672
v -1.49347035 -4.32296219 0.77094455
v -1.56499003 -4.34313058 0.75740988
v -1.56147406 -4.33368801 0.74032878
v -1.57455267 -4.28429563 0.76716571
v -1.57375695 -4.27630005 0.75402927
v -1.57437858 -4.22068084 0.60322945
v -1.57345862 -4.29385529 0.62537567
v -1.61184709 -4.30960846 0.58076443
v -1.62634116 -4.25060977 0.56045235
v -1.58380747 -4.22742221 0.62082509
v -1.57585806 -4.29411042 0.63946593
v -1.61816851 -4.31438448 0.60199831
v -1.63718848 -4.25861772 0.58583057
v -1.5960061 -4.23871873 0.65316284
v -1.59958919 -4.25332859 0.67622647
v -1.57937832 -4.30388237 0.69692886
v -1.57844432 -4.29455689 0.66753947
v -1.62315445 -4.33787001 0.6585799
v -1.62365411 -4.3276849 0.63790006
v -1.65175656 -4.28654418 0.64729765
v -1.65151131 -4.27101044 0.62282327
v -1.13715408 -4.29112172 0.92211867
v -1.1586701 -4.1823865 0.9256168
v -1.01258015 -4.28969043 0.92002607
v -1.03694458 -4.18583882 0.92636023
v -1.14160703 -4.22496327 1.05133708
v -1.14630654 -4.2358019 1.10394569
v -1.10002781 -4.23305357 1.11790297
v -1.08869867 -4.22181607 1.06617112
v -1.33008836 -4.16039176 0.88964175
v -1.23371672 -4.17127942 0.91486622
v -1.31710173 -4.26242131 0.88080231
v -1.22031384 -4.26045121 0.90984965
v -1.45700117 -4.19229649 0.7952643
v -1.37722553 -4.17662329 0.84224731
v -1.45674473 -4.26173589 0.7872354
v -1.37798152 -4.25499501 0.82727059
v -1.56916727 -4.21077181 0.68133848
v -1.49159806 -4.19008126 0.71936109
v -1.56251516 -4.27980234 0.69527952
v -1.50438644 -4.27431996 0.73237622
v -1.6440392 -4.26005805 0.59747629
v -1.5865458 -4.22962791 0.63464844
v -1.61907967 -4.31927188 0.61924428
v -1.57787183 -4.29190376 0.65375312
v -1.328079 -4.23444202 0.95612499
v -1.2376587 -4.23468953 0.98551153
v -1.30816335 -4.31081317 0.91927931
v -1.22565593 -4.30998258 0.95358377
v -1.47270864 -4.25490838 0.86112097
v -1.39275642 -4.24622405 0.89574321
v -1.45713254 -4.31550733 0.8364857
v -1.37734917 -4.31235013 0.86755829
v -1.5751705 -4.26650525 0.74553599
v -1.50414893 -4.25055836 0.7762272
v -1.5622448 -4.32112013 0.73276569
v -1.49763068 -4.31117682 0.76216978
v -1.63998369 -4.26971243 0.67074926
v -1.63960421 -4.28243358 0.68768947
v -1.61724284 -4.26874666 0.69677898
v -1.62146327 -4.25911893 0.68139417
v -1.55400849 -4.27453891 0.78641177
v -1.5556291 -4.28078239 0.80018722
v -1.52394653 -4.27719585 0.81359581
v -1.52108717 -4.27225133 0.79853639
v -1.47493255 -4.26742104 0.92987138
v -1.47969799 -4.27509914 0.96054522
v -1.441736 -4.27220754 0.97061293
v -1.43537626 -4.26496782 0.94167346
v -1.32465774 -4.25095057 1.03062083
v -1.33260894 -4.25616355 1.06664021
v -1.2929296 -4.25687609 1.08049158
v -1.28420719 -4.25093153 1.04550152
v -0.87356485 -1.3544523 0.98761913
v -1.01818783 -1.37305685 0.94135729
v -1.16770321 -1.35644251 0.88217094
v -1.26782287 -1.35281575 0.78360929
v -0.85425859 -1.20860938 0.96880134
v -0.14015713 4.20724742 0.65751328
v -0.08240478 4.22174113 0.65409387
v -0.04913839 4.23701069 0.64319485
v -0.06116499 4.24915305 0.6589116
v -0.08778558 4.25468398 0.6751542
v -0.13162224 4.26128731 0.68832003
v -0.19255945 4.25363729 0.66514604
v -0.210274 4.232684 0.62176224
v -0.19554175 4.2161645 0.63434642
v -0.41176631 4.24126504 0.52223089
v -0.39039856 4.25083137 0.5304055
v -0.42917465 4.2854811 0.54947241
v -0.48390677 4.29712462 0.51554594
v -0.50354269 4.29178598 0.47085895
v -0.50787974 4.28617699 0.43489375
v -0.50361212 4.27159093 0.41486143
v -0.49380224 4.2525787 0.44880983
v -0.46246524 4.23358266 0.49677539
v -0.09487164 4.25540272 0.56327095
v -0.04125825 4.2615648 0.58058766
v -0.14291545 4.27453727 0.56456669
v -0.1580935 4.29873154 0.57834102
v -0.13346809 4.33332748 0.60567422
v -0.08635162 4.34635136 0.62352689
v -0.05081354 4.33263112 0.62019506
v -0.03036827 4.30429151 0.60346839
v -0.0273276 4.28477902 0.58744243
v -0.41019506 4.2767525 0.40696973
v -0.45539509 4.28957646 0.37530228
v -0.3800443 4.29031424 0.44679195
v -0.37954098 4.31374027 0.46856724
v -0.41223855 4.35219597 0.46751174
v -0.45322372 4.37119153 0.44168863
v -0.47331191 4.36125584 0.41062083
v -0.47550313 4.33488252 0.38282315
v -0.46666821 4.31451517 0.3696655
v -0.0588087 4.30711457 0.54050273
v -0.03968788 4.30671236 0.55250818
v -0.08496744 4.31566039 0.53427448
v -0.09184921 4.32898223 0.5421106
v -0.07465455 4.33922873 0.56148815
v -0.05414618 4.33832198 0.57376854
v -0.03911345 4.32937682 0.57430515
v -0.03143312 4.32047163 0.56888905
v -0.0282266 4.31285113 0.56040576
v -0.40817376 4.33076336 0.3672901
v -0.42919244 4.33307474 0.35943348
v -0.38662579 4.33609343 0.38475196
v -0.38726316 4.34896118 0.39566606
v -0.41181123 4.36204407 0.39436148
v -0.43396115 4.36402798 0.38546608
v -0.44435729 4.35679207 0.37340593
v -0.44563852 4.34850519 0.36357528
v -0.44167334 4.34083137 0.35545622
v -0.28810856 4.06585756 0.66862245
v -0.27153039 4.06432894 0.65891297
v -0.29522339 4.05914523 0.65696733
v -0.28090793 4.06144685 0.65018955
v -0.4006622 4.07295567 0.59496559
v -0.38860865 4.06869799 0.5968252
v -0.38560858 4.06527424 0.61215385
v -0.39842157 4.07325887 0.61393867
vt -0.00361 0.52487
vt 0.22924 0.583
vt 0.22924 0.91699
vt 0 1
vt 0 2
vt 0.14374 2.083
vt 0.14941 2.41699
vt 0 2.5
vt -0.54947 0.583
vt -0.28463 0.583
vt -0.23449 1
vt -0.5 1
vt 0.22924 1
vt 0.0415 1.04171
vt 0.02222 1.91699
vt 0.13091 2
vt 0 1.5
vt 0 1.23449
vt 0 1.25083
vt 0 1.54171
vt -0.13704 2.39877
vt 0.13601 2.85418
vt 0.21143 2.90782
vt 0 3
vt -0.45169 0.0415
vt -0.12493 0.06246
vt -0.083 0.22658
vt -0.45531 0.22658
vt 0.04962 0.07369
vt 0.00688 0.3077
vt 0 0.22722
vt -0.00258 0.0894
vt -0.5 0
vt -0.22958 0
vt -0.07754 0.03761
vt -0.45774 0
vt -1 0
vt -0.49385 0.5
vt -0.29766 0.5
vt -1 0.5
vt -0.461 0.47658
vt -0.083 0.47658
vt 0 0.5
vt -0.5 0.5
vt 0 0.47658
vt 0.25 3
vt 0.13827 4
vt 0.13572 4
vt 0 4
vt 0 3.77041
vt 0 3.5
vt 0 3.77191
vt -1 1
vt -0.7601 0.47658
vt -0.76702 0.5
vt -0.72263 0.0415
vt -0.73721 0.22658
vt -1 0.25
vt -0.6889 0
vt -0.72152 0
vt 0 3.26451
vt 0 3.31109
vt -0.083 0.0415
vt 0 0.22658
vt -0.45355 0
vt -0.73012 0
vt 0.21779 0.08735
vt 0.36347 0.0428
vt 0.36666 0.25032
vt 0.27077 0.26234
vt 0.36833 0.583
vt 0.36928 0.91699
vt 0.36836 1
vt 0.35424 2.083
vt 0.27075 2.083
vt 0.27075 2
vt 0.35424 2
vt 0.25212 2.47033
vt 0.35424 2.45849
vt 0.35087 2.87211
vt 0.375 3
vt 0.375 4
vt 0.25 4
vt 0.38343 4
vt 0.30315 2
vt 0.21543 2
vt 0.18655 2
vt 0.29487 2
vt 0.23962 1
vt 0.36521 1
vt 0.36698 1
vt 0.0415 1.04155
vt 0.05708 1.04194
vt 0.00057 1.54155
vt 0 1.25021
vt 0.00344 1.25176
vt 0.00156 1.54194
vt 0.03711 1.94067
vt 0.04109 1.91699
vt 0.13408 2
vt 0.36691 0.45849
vt 0.23612 0.45192
vt 0 0.36428
vt 0 0.36444
vt -0.083 0.36428
vt -0.45851 0.36428
vt -1 0.35896
vt -0.75005 0.36428
vt -0.141 2.14543
vt -0.14228 2.15719
vt 0.13699 2.5415
vt 0.14434 2.72947
vt -0.14024 2.28381
vt 0.3534 2.72853
vt 0.25164 2.73389
vt 0.5 4
vt 0.42558 4
vt 0.43617 4
vt 0.44574 0.25
vt 0.43302 0.0415
vt 0.47702 0.0415
vt 0.48334 0.25
vt 0.44673 0.45849
vt 0.48383 0.45849
vt 0.45624 0.91699
vt 0.45242 0.583
vt 0.48666 0.583
vt 0.48856 0.91699
vt 0.48673 1
vt 0.45255 1
vt 0.44005 1
vt 0.43987 1
vt 0.48042 1
vt 0.48051 1
vt 0.45793 2
vt 0.37263 2
vt 0.37437 2
vt 0.5 2
vt 0.45849 2
vt 0.38437 2
vt 0.38306 2
vt 0.3923 2
vt 0.37176 2
vt 0.45849 2.083
vt 0.39575 2.083
vt 0.39575 2
vt 0.39575 2.45849
vt 0.45849 2.45849
vt 0.45849 2.73045
vt 0.39575 2.72975
vt 0.39575 2.87705
vt 0.45849 2.87986
vt 0.5 3
vt 0.2339 2.083
vt 0.23071 2
vt 0.25 2
vt 0.25 2.083
vt 0.304 2
vt 0.26126 2
vt 0.23204 2
vt 0.25252 2
vt 0.22789 2.37506
vt 0.2335 2.41699
vt 0.14213 2.5
vt 0.34896 2
vt 0.28655 2
vt 0.36591 1
vt 0.0415 1.0436
vt 0.00008 1.5436
vt 0 1.25843
vt 0.02133 1.91699
vt 0.12605 2
vt 0.22949 2
vt 0.44269 1
vt 0.48182 1
vt 0 0
vt 0.13572 0
vt 0.25 0
vt 0.375 0
vt 0.06918 0.40585
vt 0.42558 0
vt 0.5 0
vt 0.8035 0.76056
vt 0.77509 0.77171
vt 0.76879 0.7564
vt 0.80134 0.74996
vt 0.56846 0.79887
vt 0.54943 0.79884
vt 0.54266 0.71068
vt 0.56886 0.70893
vt 0.32217 0.60677
vt 0.26275 0.61305
vt 0.25386 0.52804
vt 0.33275 0.53001
vt 0.76762 0.59487
vt 0.74612 0.59274
vt 0.73247 0.51983
vt 0.75735 0.52922
vt 0.42322 0.60264
vt 0.38726 0.60474
vt 0.37721 0.55089
vt 0.407 0.55351
vt 0.25419 0.44741
vt 0.30836 0.46246
vt 0.72873 0.44616
vt 0.75019 0.47441
vt 0.54477 0.50024
vt 0.49237 0.50554
vt 0.47269 0.44656
vt 0.51794 0.43768
vt 0.401 0.51811
vt 0.36619 0.51313
vt 0.35253 0.46846
vt 0.42647 0.48914
vt 0.29156 0.37771
vt 0.23994 0.38038
vt 0.24198 0.23185
vt 0.28804 0.23041
vt 0.74274 0.3705
vt 0.68007 0.36202
vt 0.6469 0.21059
vt 0.75488 0.21566
vt 0.49295 0.35721
vt 0.45353 0.36628
vt 0.42335 0.22874
vt 0.45207 0.22243
vt 0.36757 0.38449
vt 0.32828 0.38308
vt 0.31626 0.23477
vt 0.34878 0.23781
vt 0.83908 0.75008
vt 0.84811 0.8012
vt 0.81029 0.52758
vt 0.82527 0.61283
vt 0.80444 0.61793
vt 0.79993 0.55318
vt 0.83297 0.23185
vt 0.83091 0.38038
vt 0.5499 0.34202
vt 0.49297 0.21397
vt 0.59989 0.48476
vt 0.58133 0.4215
vt 0.62676 0.53916
vt 0.59356 0.57347
vt 0.65487 0.79702
vt 0.61649 0.7072
vt 0.70613 0.59818
vt 0.66476 0.57269
vt 0.66391 0.50813
vt 0.69379 0.51712
vt 0.66519 0.43945
vt 0.6892 0.4598
vt 0.57952 0.21122
vt 0.63957 0.34623
vt 0.58917 0.33856
vt 0.52705 0.21213
vt 0.41609 0.37239
vt 0.39231 0.23362
vt 0.45711 0.59529
vt 0.43351 0.55769
vt 0.47127 0.75638
vt 0.44201 0.7566
vt 0.44038 0.70737
vt 0.47782 0.70963
vt 0.66454 0.69872
vt 0.7209 0.70892
vt 0.72092 0.75976
vt 0.67911 0.75395
vt -1.73428 1.55808
vt -1.73428 1.86218
vt -1.73428 1.92865
vt -1.73428 1.58019
vt -1.73428 1.96997
vt -1.73428 1.59491
vt -1.73428 2.0119
vt -1.73428 1.17791
vt -1.73428 1.21984
vt -1.73428 2.05039
vt -1.73428 2.09491
vt -1.73428 1.09491
vt -1.73428 1.99807
vt -1.73428 1.67448
vt -1.73428 1.67791
vt -1.73428 2.09147
vt -1.73428 1.71984
vt 0.84516 0.44741
vt 0.78052 0.45907
vt 0.43967 0.44055
vt 0.77717 0.70964
vt 0.76102 0.7038
vt 0.7547 0.65718
vt 0.77617 0.66277
vt 0.83211 0.68604
vt 0.80596 0.68567
vt 0.33667 0.72402
vt 0.28744 0.73848
vt 0.27389 0.68217
vt 0.32708 0.66894
vt 0.4024 0.70847
vt 0.39537 0.65694
vt 0.43381 0.65355
vt 0.47305 0.65067
vt 0.54033 0.66
vt 0.55318 0.63813
vt 0.59434 0.63357
vt 0.71314 0.65338
vt 0.64943 0.62818
vt 0.72878 0.59695
vt 0.71399 0.50979
vt 0.78526 0.53549
vt 0.7901 0.60989
vt 0.7058 0.43531
vt 0.78443 0.72993
vt 0.75167 0.73012
vt 0.73872 0.66272
vt 0.79259 0.67792
vt 0.443 0.79904
vt 0.40216 0.81008
vt 0.40694 0.76079
vt 0.89502 0.48465
vt 0.30111 0.77937
vt 0.35488 0.55774
vt 0.3521 0.60682
vt 0.43612 0.53795
vt 0.49129 0.57099
vt 0.48939 0.79747
vt 0.51487 0.71085
vt 0.35638 0.66125
vt 0.36443 0.71459
vt 0.51549 0.64454
vt 0.39752 0.08287
vt 0.41404 0.08296
vt 0.46412 0.06257
vt 0.639 0.07606
vt 0.81982 0.05699
vt 0.83868 0.05813
vt 0.24769 0.05813
vt 0.28533 0.05902
vt 0.31246 0.06909
vt 0.33717 0.07133
vt 0.37454 0.07327
vt 0.63649 0.51651
vt 0.62358 0.47916
vt 0.64553 0.49172
vt 0.65047 0.53029
vt 0.64487 0.42824
vt 0.61526 0.41888
vt 0.74908 0.8045
vt 0.84483 0.52804
vt 0.85374 0.61305
vt 0.86569 0.68217
vt 0.87924 0.73848
vt 0.85455 0.61305
vt 0.54189 0.57184
vt -1.73428 2.09452
vt 0.89291 0.77937
vt 0.43079 0.6785
vt 0.38957 0.74822
vt -1.73428 1.8655
vt -1.73428 1.8502
vt -1.73428 1.13942
vt -1.73428 2.0938
vt -1.73428 2.05189
vt -1.73428 2.07277
vt 0.50827 0.06668
vt 0.55371 0.06929
vt 0.36164 0.81051
vt 0.9806 0.02461
vt -1.73428 1.87107
vt 1 0
vt 0 0.15914
vt 0 0.47746
vt 0.05 0.47746
vt 0.05 0.26483
vt 0.1 0.47746
vt 0.1 0.26483
vt 0.14999 0.47746
vt 0.14999 0.26483
vt 0.19999 0.47746
vt 0.18339 0.26483
vt 0.7166 0.26483
vt 0.69999 0.47746
vt 0.75 0.47746
vt 0.75 0.26483
vt 0.8 0.47746
vt 0.8 0.26483
vt 0.85 0.47746
vt 0.85 0.26483
vt 0.89999 0.47746
vt 0.89999 0.26483
vt 0.94999 0.47746
vt 0.94577 0.26483
vt 0.97471 0.26483
vt 0.97132 0.47746
vt 1 0.47746
vt 1 0.15914
vt 1 1
vt 0.42652 0
vt 0.52128 1
vt 0.66796 0.66796
vt 0.33203 0.71662
vt 0.52128 0
vt 0.49093 1
vt 0.705 0.32753
vt 0.70181 0.29138
vt 0.71806 0.28724
vt 0.71266 0.33957
vt 0.53376 0.47265
vt 0.52122 0.47254
vt 0.52086 0.46559
vt 0.53254 0.46573
vt 0.84713 0.6115
vt 0.84136 0.65231
vt 0.80981 0.65137
vt 0.8115 0.6103
vt 0.74005 0.61061
vt 0.73726 0.65137
vt 0.68123 0.65107
vt 0.68679 0.6123
vt 0.67822 0.33026
vt 0.68775 0.33945
vt 0.67686 0.35611
vt 0.66952 0.34397
vt 0.84126 0.49079
vt 0.848 0.51756
vt 0.81601 0.5259
vt 0.80968 0.50156
vt 0.71312 0.78568
vt 0.71354 0.72507
vt 0.75082 0.72214
vt 0.75671 0.78866
vt 0.83562 0.71595
vt 0.83845 0.77313
vt 0.81743 0.77927
vt 0.81217 0.71735
vt 0.54637 0.65946
vt 0.56941 0.65788
vt 0.57212 0.68231
vt 0.55011 0.68368
vt 0.6345 0.48367
vt 0.62926 0.50973
vt 0.61239 0.50549
vt 0.62075 0.48041
vt 0.52403 0.40304
vt 0.52698 0.39184
vt 0.54773 0.39482
vt 0.53967 0.4038
vt 0.5261 0.52802
vt 0.51823 0.52725
vt 0.51902 0.5057
vt 0.52798 0.50555
vt 0.53787 0.4254
vt 0.52339 0.4248
vt 0.60957 0.45433
vt 0.62728 0.45638
vt 0.82933 0.43515
vt 0.83397 0.46654
vt 0.80231 0.47786
vt 0.79343 0.44972
vt 0.52653 0.56196
vt 0.51503 0.56126
vt 0.51754 0.54931
vt 0.52512 0.54817
vt 0.52866 0.60476
vt 0.51892 0.60516
vt 0.51503 0.58131
vt 0.52837 0.58051
vt 0.72822 0.55872
vt 0.72874 0.58192
vt 0.67413 0.58621
vt 0.67757 0.55927
vt 0.85002 0.54873
vt 0.84949 0.57994
vt 0.81803 0.58259
vt 0.81891 0.55523
vt 0.88923 0.71676
vt 0.87851 0.75463
vt 0.85963 0.76416
vt 0.86376 0.71465
vt 0.90755 0.66052
vt 0.8778 0.65604
vt 0.91426 0.6192
vt 0.88395 0.61621
vt 0.91562 0.55018
vt 0.91581 0.58491
vt 0.88519 0.58286
vt 0.88541 0.54866
vt 0.90658 0.48316
vt 0.91199 0.5163
vt 0.88329 0.51628
vt 0.87556 0.48601
vt 0.90801 0.43294
vt 0.90582 0.45885
vt 0.87184 0.46218
vt 0.87292 0.43548
vt 0.90284 0.36418
vt 0.92726 0.36979
vt 0.91637 0.40034
vt 0.88395 0.39858
vt 0.85588 0.39262
vt 0.87223 0.35444
vt 0.78264 0.71973
vt 0.78936 0.78549
vt 0.77801 0.65164
vt 0.77926 0.61624
vt 0.76883 0.53386
vt 0.76811 0.54775
vt 0.76106 0.54293
vt 0.76258 0.53389
vt 0.73302 0.46563
vt 0.74668 0.49222
vt 0.73078 0.49316
vt 0.72249 0.46529
vt 0.70263 0.34343
vt 0.70266 0.35918
vt 0.55214 0.42629
vt 0.55042 0.44532
vt 0.53484 0.44381
vt 0.6174 0.43355
vt 0.58926 0.43252
vt 0.80958 0.40302
vt 0.78177 0.41623
vt 0.77369 0.37367
vt 0.79764 0.36744
vt 0.60057 0.40607
vt 0.58072 0.40481
vt 0.68193 0.4231
vt 0.64222 0.43622
vt 0.62805 0.40722
vt 0.64962 0.40327
vt 0.71167 0.40934
vt 0.72415 0.44479
vt 0.71513 0.44715
vt 0.58113 0.48298
vt 0.57312 0.48769
vt 0.57377 0.48215
vt 0.58059 0.47879
vt 0.58018 0.46933
vt 0.57833 0.47122
vt 0.57375 0.47084
vt 0.57327 0.46728
vt 0.55301 0.4069
vt 0.56498 0.4043
vt 0.6407 0.36193
vt 0.72728 0.39401
vt 0.72618 0.33384
vt 0.64943 0.67057
vt 0.62246 0.67796
vt 0.6171 0.65813
vt 0.63524 0.65098
vt 0.65928 0.48844
vt 0.65344 0.51379
vt 0.65483 0.45985
vt 0.6411 0.62236
vt 0.659 0.61718
vt 0.65141 0.63781
vt 0.62872 0.6378
vt 0.63675 0.57373
vt 0.63064 0.59174
vt 0.60798 0.58655
vt 0.6093 0.56889
vt 0.5863 0.62483
vt 0.59211 0.61069
vt 0.59524 0.61448
vt 0.5905 0.62539
vt 0.61691 0.64929
vt 0.59843 0.66147
vt 0.60359 0.65041
vt 0.59907 0.68155
vt 0.63197 0.61431
vt 0.64885 0.60242
vt 0.58369 0.59477
vt 0.58476 0.57236
vt 0.6104 0.60631
vt 0.60985 0.6113
vt 0.62418 0.61247
vt 0.62135 0.61728
vt 0.61571 0.6425
vt 0.61687 0.6461
vt 0.60517 0.64645
vt 0.60557 0.64273
vt 0.59303 0.63584
vt 0.58981 0.63828
vt 0.56761 0.5767
vt 0.56274 0.60118
vt 0.54674 0.54364
vt 0.551 0.559
vt 0.55074 0.57911
vt 0.54744 0.60422
vt 0.52643 0.66055
vt 0.52096 0.63705
vt 0.53308 0.63595
vt 0.56134 0.53786
vt 0.56655 0.55475
vt 0.54394 0.52928
vt 0.54356 0.50592
vt 0.55178 0.4719
vt 0.54929 0.46587
vt 0.52198 0.44303
vt 0.54982 0.63328
vt 0.56351 0.62706
vt 0.5753 0.61924
vt 0.6099 0.60045
vt 0.58954 0.60643
vt 0.62607 0.60554
vt 0.58278 0.64102
vt 0.58238 0.62389
vt 0.55474 0.52724
vt 0.5583 0.50778
vt 0.56554 0.47108
vt 0.5637 0.46627
vt 0.6227 0.79239
vt 0.69299 0.83199
vt 0.68582 0.87251
vt 0.58938 0.80466
vt 0.7587 0.83888
vt 0.76771 0.86606
vt 0.80079 0.83184
vt 0.81109 0.85493
vt 0.8528 0.81
vt 0.86412 0.82991
vt 0.84023 0.84362
vt 0.83022 0.8215
vt 0.93559 0.73134
vt 0.91157 0.7792
vt 0.89692 0.76855
vt 0.91826 0.72433
vt 0.95615 0.67372
vt 0.93784 0.66784
vt 0.96493 0.62803
vt 0.94577 0.62406
vt 0.96575 0.55116
vt 0.96729 0.58933
vt 0.9471 0.58759
vt 0.94488 0.55114
vt 0.95742 0.47782
vt 0.9614 0.51385
vt 0.94186 0.51528
vt 0.93927 0.47969
vt 0.95921 0.43381
vt 0.95742 0.45439
vt 0.93915 0.45533
vt 0.94119 0.43272
vt 0.96586 0.37915
vt 0.97773 0.38635
vt 0.96602 0.41157
vt 0.9492 0.40693
vt 0.64084 0.55327
vt 0.61331 0.54873
vt 0.58259 0.54726
vt 0.77006 0.45897
vt 0.75952 0.43107
vt 0.58477 0.7416
vt 0.55851 0.74478
vt 0.53436 0.53857
vt 0.53288 0.53898
vt 0.53312 0.53797
vt 0.53413 0.53772
vt 0.53755 0.54017
vt 0.53608 0.53462
vt 0.52899 0.53426
vt 0.52909 0.54163
vt 0.53501 0.53884
vt 0.53432 0.537
vt 0.53224 0.53718
vt 0.53192 0.53955
vt 0.63831 0.72212
vt 0.61652 0.73527
vt 0.67108 0.72772
vt 0.88705 0.80878
vt 0.87484 0.79324
vt 0.62318 0.64025
vt 0.62083 0.63708
vt 0.62575 0.64378
vt 0.53369 0.45633
vt 0.52139 0.45581
vt 0.55025 0.45754
vt 0.56526 0.4592
vt 0.57631 0.46232
vt 0.58555 0.46666
vt 0.58717 0.48871
vt 0.58558 0.47528
vt 0.59451 0.4769
vt 0.54555 0.49403
vt 0.55958 0.49234
vt 0.52876 0.49499
vt 0.51924 0.49404
vt 0.69473 0.4919
vt 0.68877 0.51656
vt 0.6929 0.46175
vt 0.60958 0.36697
vt 0.56727 0.38601
vt 0.53382 0.3785
vt 0.5153 0.34715
vt 0.77326 0.5777
vt 0.77428 0.58131
vt 0.76856 0.58285
vt 0.7674 0.58097
vt 0.78059 0.48704
vt 0.77519 0.55411
vt 0.77361 0.54264
vt 0.77489 0.56719
vt 0.76943 0.56594
vt 0.76714 0.55933
vt 0.77245 0.56096
vt 0.74704 0.56025
vt 0.74657 0.57865
vt 0.75222 0.52102
vt 0.73013 0.52069
vt 0.72923 0.53939
vt 0.74738 0.54045
vt 0.75596 0.5995
vt 0.77858 0.60404
vt 0.79559 0.5408
vt 0.78567 0.52008
vt 0.79979 0.56064
vt 0.79984 0.58056
vt 0.7946 0.59508
vt 0.75132 0.56471
vt 0.75529 0.56158
vt 0.75676 0.56862
vt 0.7511 0.5703
vt 0.77027 0.5141
vt 0.77171 0.52747
vt 0.75909 0.52906
vt 0.75442 0.54196
vt 0.75329 0.55559
vt 0.75247 0.57909
vt 0.76038 0.59513
vt 0.77768 0.59667
vt 0.78731 0.54953
vt 0.78179 0.53592
vt 0.79064 0.56652
vt 0.79089 0.57966
vt 0.78768 0.58842
vt 0.76503 0.56861
vt 0.76188 0.56384
vt 0.75756 0.54824
vt 0.76138 0.54841
vt 0.76668 0.55438
vt 0.75865 0.55468
vt 0.7562 0.58088
vt 0.76085 0.58127
vt 0.76659 0.58911
vt 0.7636 0.59186
vt 0.77701 0.58957
vt 0.77747 0.59288
vt 0.78381 0.55258
vt 0.78029 0.55425
vt 0.77731 0.54309
vt 0.78117 0.54307
vt 0.78701 0.56808
vt 0.78415 0.56726
vt 0.78779 0.579
vt 0.78551 0.57725
vt 0.78551 0.58609
vt 0.78375 0.58386
vt 0.79162 0.30006
vt 0.7593 0.29786
vt 0.75192 0.38673
vt 0.73868 0.32593
vt 0.72827 0.29313
vt 0.73711 0.44024
vt 0.76229 0.48986
vt 0.7474 0.46387
vt 0.74379 0.2955
vt 0.8335 0.37798
vt 0.81875 0.35948
vt 0.82554 0.32049
vt 0.84814 0.34252
vt 0.60042 0.49985
vt 0.60906 0.47903
vt 0.53671 0.4794
vt 0.51501 0.47985
vt 0.55682 0.4781
vt 0.57133 0.4763
vt 0.51993 0.48871
vt 0.53085 0.48884
vt 0.54871 0.48784
vt 0.56089 0.48606
vt 0.76424 0.57596
vt 0.76205 0.5749
vt 0.62741 0.63075
vt 0.62677 0.62735
vt 0.59916 0.52535
vt 0.5872 0.5147
vt 0.62061 0.53097
vt 0.64623 0.53467
vt 0.68276 0.53697
vt 0.57285 0.52799
vt 0.57572 0.49691
vt 0.57861 0.47488
vt 0.59645 0.45991
vt 0.58111 0.45114
vt 0.57435 0.47567
vt 0.61175 0.62759
vt 0.60702 0.62547
vt 0.60379 0.62645
vt 0.60467 0.62742
vt 0.60336 0.62783
vt 0.60607 0.62965
vt 0.61085 0.62919
vt 0.61143 0.62799
vt 0.61012 0.62789
vt 0.65731 0.7676
vt 0.54526 0.80974
vt 0.5321 0.74601
vt 0.5153 0.88201
vt 0.78318 0.88625
vt 0.75053 0.91931
vt 0.82108 0.87231
vt 0.87218 0.84327
vt 0.84791 0.85951
vt 0.89557 0.81959
vt 0.92023 0.78664
vt 0.94517 0.73669
vt 0.96676 0.67802
vt 0.97742 0.63094
vt 0.9807 0.5896
vt 0.97842 0.54977
vt 0.9728 0.51192
vt 0.96778 0.47648
vt 0.96658 0.45405
vt 0.96804 0.43473
vt 0.76298 0.57902
vt 0.76414 0.58045
vt 0.76644 0.58491
vt 0.7764 0.58694
vt 0.76881 0.58769
vt 0.78145 0.56725
vt 0.78326 0.57604
vt 0.782 0.58208
vt 0.76731 0.57502
vt 0.7656 0.57146
vt 0.77075 0.57477
vt 0.7754 0.58453
vt 0.77887 0.56941
vt 0.77373 0.55907
vt 0.78134 0.57537
vt 0.77014 0.56995
vt 0.78007 0.58015
vt 0.76022 0.55965
vt 0.77844 0.5777
vt 0.56685 0.42769
vt 0.56559 0.44741
vt 0.55578 0.39109
vt 0.52967 0.38638
vt 0.52811 0.68476
vt 0.97417 0.41408
vt 0.98767 0.39219
vt 0.5 1
vt 0.62846 0.6231
vt 0.67515 0.31486
vt 0.66322 0.33355
vt 1 0.2772
vt 0.33203 0.36176
vt 1 0.2969
vt 0 0.2772
vt 0.66796 0.35582
vt 0 0.2969
vt 0 0.27975
vt 0 0.33902
vt 1 0.27975
vt 0.51498 0.4878
vt 0.53042 0.48783
vt 0.55155 0.48664
vt 0.55975 0.48565
vt 0.57582 0.48045
vt 0 0.0635
vt 0.24772 0.27114
vt 0 0.22938
vt 0.19178 2
vt 0.29934 2
vt 0.38377 2
vt 0.30704 2
vt 0.20878 2
vt 0.31918 2
vt 0.45836 2
vt 0.38473 2
vt 0.44573 1
vt 0.4828 1
vt 0.3125 1
vt 0.38072 1
vt 0.125 1
vt 0 1.26025
vt 0.01974 2
vt 0.39935 1
vt 0.36042 1
vt 0.47798 1
vt 0.4389 1
vt 0.12175 2
vt 0.81565 0.30078
vt 0.82792 0.30078
vt 0.82812 0.31347
vt 0.81543 0.31347
vt 0.94824 0.30078
vt 0.96093 0.30078
vt 0.96093 0.31347
vt 0.94824 0.31347
vt 0.96484 0.30078
vt 0.97753 0.30078
vt 0.97728 0.31347
vt 0.96339 0.30777
vt 0.98144 0.30078
vt 0.99414 0.30078
vt 0.99414 0.31347
vt 0.98144 0.31347
vt 0.00195 0.31738
vt 0.01464 0.31738
vt 0.01464 0.33007
vt 0.00195 0.33007
vt 0.01855 0.31738
vt 0.03125 0.31738
vt 0.05175 0.31738
vt 0.06445 0.31738
vt 0.04785 0.33007
vt 0.03515 0.33007
vt 0.06835 0.31738
vt 0.08105 0.31738
vt 0.26367 0.36328
vt 0.11816 0.31738
vt 0.13085 0.31738
vt 0.26367 0.35058
vt 0.15136 0.31738
vt 0.16406 0.31738
vt 0.16406 0.33007
vt 0.15136 0.33007
vt 0.16796 0.31738
vt 0.18066 0.31738
vt 0.18066 0.33007
vt 0.16796 0.33007
vt 0.18457 0.31738
vt 0.19726 0.31738
vt 0.19726 0.33007
vt 0.18457 0.33007
vt 0.20117 0.31738
vt 0.21386 0.31738
vt 0.21386 0.33007
vt 0.20117 0.33007
vt 0.21777 0.31738
vt 0.23046 0.31738
vt 0.23046 0.33007
vt 0.21777 0.33007
vt 0.26367 0.33007
vt 0.25097 0.33007
vt 0.26757 0.33007
vt 0.26757 0.31738
vt 0.31347 0.31738
vt 0.29687 0.31738
vt 0.29687 0.33007
vt 0.30078 0.31738
vt 0.33398 0.31738
vt 0.34668 0.31738
vt 0.34668 0.33007
vt 0.33398 0.33007
vt 0.35058 0.31738
vt 0.36328 0.31738
vt 0.36328 0.33007
vt 0.35058 0.33007
vt 0.38378 0.31738
vt 0.39648 0.31738
vt 0.39648 0.33007
vt 0.38378 0.33007
vt 0.64941 0.31738
vt 0.6621 0.31738
vt 0.6621 0.33007
vt 0.64941 0.33007
vt 0.67871 0.33007
vt 0.66601 0.33007
vt 0.69531 0.31738
vt 0.69531 0.33007
vt 0.69921 0.33007
vt 0.69921 0.31738
vt 0.81543 0.33007
vt 0.81543 0.31738
vt 0.76171 0.33007
vt 0.74902 0.33007
vt 0.76562 0.31738
vt 0.77832 0.31738
vt 0.78222 0.31738
vt 0.79492 0.31738
vt 0.79492 0.33007
vt 0.78222 0.33007
vt 0.79882 0.31738
vt 0.81152 0.31738
vt 0.81152 0.33007
vt 0.79882 0.33007
vt 0.83203 0.31738
vt 0.84472 0.31738
vt 0.84472 0.33007
vt 0.83203 0.33007
vt 0.84863 0.31738
vt 0.86132 0.31738
vt 0.86132 0.33007
vt 0.84863 0.33007
vt 0.88183 0.31738
vt 0.89453 0.31738
vt 0.89453 0.33007
vt 0.88183 0.33007
vt 0.89843 0.31738
vt 0.91113 0.31738
vt 0.91113 0.33007
vt 0.89843 0.33007
vt 0.91503 0.31738
vt 0.92773 0.31738
vt 0.92773 0.33007
vt 0.91503 0.33007
vt 0.93164 0.31738
vt 0.94433 0.31738
vt 0.94433 0.33007
vt 0.93164 0.33007
vt 0.94824 0.31738
vt 0.96093 0.31738
vt 0.96093 0.33007
vt 0.94824 0.33007
vt 0.96484 0.31738
vt 0.97753 0.31738
vt 0.97753 0.33007
vt 0.96484 0.33007
vt 0.98144 0.31738
vt 0.99414 0.31738
vt 0.99414 0.33007
vt 0.98144 0.33007
vt 0.06835 0.33398
vt 0.08105 0.33398
vt 0.08105 0.34668
vt 0.06835 0.34668
vt 0.10156 0.33398
vt 0.11425 0.33398
vt 0.11425 0.34668
vt 0.10156 0.34668
vt 0.13476 0.33398
vt 0.14746 0.33398
vt 0.14746 0.34668
vt 0.13476 0.34668
vt 0.18457 0.33398
vt 0.19726 0.33398
vt 0.19726 0.34668
vt 0.18457 0.34668
vt 0.20117 0.33398
vt 0.21386 0.33398
vt 0.21386 0.34668
vt 0.20117 0.34668
vt 0.25097 0.33398
vt 0.26367 0.33398
vt 0.26367 0.34668
vt 0.25097 0.34668
vt 0.29687 0.33398
vt 0.28027 0.33398
vt 0.28027 0.34668
vt 0.28418 0.33398
vt 0.30078 0.33398
vt 0.31347 0.33398
vt 0.31738 0.34668
vt 0.31738 0.33398
vt 0.36718 0.33398
vt 0.37988 0.33398
vt 0.37988 0.34668
vt 0.36718 0.34668
vt 0.38378 0.33398
vt 0.39648 0.33398
vt 0.39648 0.34668
vt 0.38378 0.34668
vt 0.40039 0.33398
vt 0.41308 0.33398
vt 0.41308 0.34668
vt 0.40039 0.34668
vt 0.41699 0.33398
vt 0.42968 0.33398
vt 0.42968 0.34668
vt 0.41699 0.34668
vt 0.44628 0.34668
vt 0.43359 0.34668
vt 0.5 0.33398
vt 0.51269 0.33398
vt 0.45019 0.34668
vt 0.45019 0.33398
vt 0.5166 0.34668
vt 0.5166 0.33398
vt 0.49609 0.34668
vt 0.47949 0.34668
vt 0.46679 0.34668
vt 0.49609 0.33398
vt 0.5664 0.33398
vt 0.5791 0.33398
vt 0.5791 0.34668
vt 0.5664 0.34668
vt 0.5996 0.33398
vt 0.6123 0.33398
vt 0.6123 0.34668
vt 0.5996 0.34668
vt 0.71582 0.33398
vt 0.72851 0.33398
vt 0.72851 0.34668
vt 0.71582 0.34668
vt 0.74902 0.33398
vt 0.76171 0.33398
vt 0.76171 0.34668
vt 0.74902 0.34668
vt 0.79882 0.33398
vt 0.81152 0.33398
vt 0.81152 0.34668
vt 0.79882 0.34668
vt 0.84863 0.33398
vt 0.86132 0.33398
vt 0.86132 0.34668
vt 0.84863 0.34668
vt 0.94824 0.33398
vt 0.96093 0.33398
vt 0.96093 0.34668
vt 0.94824 0.34668
vt 0.00195 0.35058
vt 0.01464 0.35058
vt 0.01464 0.36328
vt 0.00195 0.36328
vt 0.06835 0.35058
vt 0.08105 0.35058
vt 0.08105 0.36328
vt 0.06835 0.36328
vt 0.08496 0.35058
vt 0.09765 0.35058
vt 0.09765 0.36328
vt 0.08496 0.36328
vt 0.10156 0.35058
vt 0.11425 0.35058
vt 0.11425 0.36328
vt 0.10156 0.36328
vt 0.11816 0.35058
vt 0.13085 0.35058
vt 0.13085 0.36328
vt 0.11816 0.36328
vt 0.13476 0.35058
vt 0.14746 0.35058
vt 0.14746 0.36328
vt 0.13476 0.36328
vt 0.16796 0.36328
vt 0.16796 0.35058
vt 0.21777 0.36328
vt 0.21777 0.35058
vt 0.19726 0.36328
vt 0.18457 0.36328
vt 0.20117 0.36328
vt 0.20117 0.35058
vt 0.23437 0.35058
vt 0.24707 0.35058
vt 0.24707 0.36328
vt 0.23437 0.36328
vt 0.29687 0.35058
vt 0.28027 0.36328
vt 0.26757 0.36328
vt 0.28418 0.35058
vt 0.33398 0.35058
vt 0.34668 0.35058
vt 0.34668 0.36328
vt 0.33398 0.36328
vt 0.35058 0.35058
vt 0.36328 0.35058
vt 0.36328 0.36328
vt 0.35058 0.36328
vt 0.36718 0.35058
vt 0.37988 0.35058
vt 0.37988 0.36328
vt 0.36718 0.36328
vt 0.38378 0.35058
vt 0.39648 0.35058
vt 0.39648 0.36328
vt 0.38378 0.36328
vt 0.5166 0.35058
vt 0.52929 0.35058
vt 0.52929 0.36328
vt 0.5166 0.36328
vt 0.5332 0.35058
vt 0.54589 0.35058
vt 0.54589 0.36328
vt 0.5332 0.36328
vt 0.5498 0.35058
vt 0.5625 0.35058
vt 0.5625 0.36328
vt 0.5498 0.36328
vt 0.5664 0.35058
vt 0.5791 0.35058
vt 0.5791 0.36328
vt 0.5664 0.36328
vt 0.5996 0.35058
vt 0.6123 0.35058
vt 0.6123 0.36328
vt 0.5996 0.36328
vt 0.61621 0.35058
vt 0.6289 0.35058
vt 0.6289 0.36328
vt 0.61621 0.36328
vt 0.63281 0.35058
vt 0.6455 0.35058
vt 0.6455 0.36328
vt 0.63281 0.36328
vt 0.64941 0.35058
vt 0.6621 0.35058
vt 0.6621 0.36328
vt 0.64941 0.36328
vt 0.66601 0.35058
vt 0.67871 0.35058
vt 0.67871 0.36328
vt 0.66601 0.36328
vt 0.71582 0.35058
vt 0.72851 0.35058
vt 0.72851 0.36328
vt 0.71582 0.36328
vt 0.76562 0.35058
vt 0.77832 0.35058
vt 0.77832 0.36328
vt 0.76562 0.36328
vt 0.78222 0.35058
vt 0.79492 0.35058
vt 0.79492 0.36328
vt 0.78222 0.36328
vt 0.88183 0.35058
vt 0.89453 0.35058
vt 0.89453 0.36328
vt 0.88183 0.36328
vt 0.89843 0.35058
vt 0.91113 0.35058
vt 0.91113 0.36328
vt 0.89843 0.36328
vt 0.91503 0.35058
vt 0.92773 0.35058
vt 0.92773 0.36328
vt 0.91503 0.36328
vt 0.93164 0.35058
vt 0.94433 0.35058
vt 0.94433 0.36328
vt 0.93164 0.36328
vt 0.96484 0.35058
vt 0.97753 0.35058
vt 0.97753 0.36328
vt 0.96484 0.36328
vt 0.98144 0.35058
vt 0.99414 0.35058
vt 0.99414 0.36328
vt 0.98144 0.36328
vt 0.00195 0.36718
vt 0.01464 0.36718
vt 0.01464 0.37988
vt 0.00195 0.37988
vt 0.01855 0.36718
vt 0.03125 0.36718
vt 0.03125 0.37988
vt 0.01855 0.37988
vt 0.03515 0.36718
vt 0.04785 0.36718
vt 0.04785 0.37988
vt 0.03515 0.37988
vt 0.05175 0.36718
vt 0.06445 0.36718
vt 0.06445 0.37988
vt 0.05175 0.37988
vt 0.06835 0.36718
vt 0.08105 0.36718
vt 0.08105 0.37988
vt 0.06835 0.37988
vt 0.08496 0.36718
vt 0.09765 0.36718
vt 0.09765 0.37988
vt 0.08496 0.37988
vt 0.13476 0.36718
vt 0.14746 0.36718
vt 0.14746 0.37988
vt 0.13476 0.37988
vt 0.15136 0.36718
vt 0.16406 0.36718
vt 0.16406 0.37988
vt 0.15136 0.37988
vt 0.16796 0.36718
vt 0.17794 0.36972
vt 0.18066 0.37988
vt 0.16796 0.37988
vt 0.20117 0.36718
vt 0.21386 0.36718
vt 0.21386 0.37988
vt 0.20117 0.37988
vt 0.21777 0.36718
vt 0.23046 0.36718
vt 0.23046 0.37988
vt 0.21777 0.37988
vt 0.2398 0.36718
vt 0.24707 0.36718
vt 0.24707 0.37988
vt 0.2407 0.37988
vt 0.25097 0.37225
vt 0.25945 0.37287
vt 0.26367 0.37988
vt 0.25097 0.37988
vt 0.583 0.36718
vt 0.5957 0.36718
vt 0.5957 0.3731
vt 0.583 0.37355
vt 0.5996 0.36718
vt 0.6123 0.36718
vt 0.6123 0.37988
vt 0.5996 0.37988
vt 0.61621 0.36718
vt 0.6289 0.36718
vt 0.6289 0.37988
vt 0.61621 0.37988
vt 0.66601 0.36718
vt 0.67871 0.36718
vt 0.67871 0.37988
vt 0.66601 0.37988
vt 0.68261 0.36718
vt 0.69531 0.36718
vt 0.69531 0.37988
vt 0.68261 0.37988
vt 0.69921 0.36718
vt 0.71191 0.36718
vt 0.71191 0.37988
vt 0.69921 0.37988
vt 0.71582 0.37355
vt 0.72851 0.37396
vt 0.72851 0.37988
vt 0.71582 0.37988
vt 0.81543 0.36718
vt 0.82812 0.36718
vt 0.82812 0.37988
vt 0.81543 0.37988
vt 0.83203 0.37297
vt 0.84472 0.37355
vt 0.84472 0.37988
vt 0.83203 0.37988
vt 0.88183 0.36718
vt 0.89453 0.36718
vt 0.89453 0.37988
vt 0.88183 0.37988
vt 0.93164 0.36718
vt 0.94433 0.36718
vt 0.94433 0.37988
vt 0.93164 0.37988
vt 0.94824 0.36718
vt 0.96093 0.36718
vt 0.96093 0.37988
vt 0.94824 0.37988
vt 0.21777 0.38378
vt 0.23046 0.39013
vt 0.21777 0.39648
vt 0.21777 0.3907
vt 0.23437 0.38378
vt 0.24707 0.38378
vt 0.24707 0.39648
vt 0.23437 0.39648
vt 0.25097 0.38378
vt 0.26367 0.38378
vt 0.26367 0.39648
vt 0.25097 0.39648
vt 0.26757 0.38378
vt 0.28027 0.38378
vt 0.28027 0.39648
vt 0.26757 0.39648
vt 0.28418 0.38378
vt 0.29687 0.38378
vt 0.29687 0.39648
vt 0.28418 0.39648
vt 0.31738 0.38378
vt 0.33007 0.38378
vt 0.33007 0.39648
vt 0.31738 0.39648
vt 0.33398 0.38378
vt 0.34668 0.38378
vt 0.34668 0.39648
vt 0.33398 0.39648
vt 0.35058 0.38378
vt 0.36328 0.38378
vt 0.36328 0.39648
vt 0.35058 0.39648
vt 0.36718 0.38378
vt 0.37988 0.38378
vt 0.37988 0.39648
vt 0.36718 0.39648
vt 0.38378 0.38378
vt 0.39648 0.38378
vt 0.39648 0.39648
vt 0.38378 0.39648
vt 0.40039 0.38378
vt 0.41308 0.38378
vt 0.41308 0.39648
vt 0.40039 0.39648
vt 0.43359 0.38378
vt 0.44628 0.38378
vt 0.44628 0.39648
vt 0.43359 0.39648
vt 0.45019 0.38378
vt 0.46289 0.38378
vt 0.46289 0.39648
vt 0.45019 0.39648
vt 0.48339 0.38378
vt 0.49609 0.38378
vt 0.49609 0.39648
vt 0.48339 0.39648
vt 0.5 0.38378
vt 0.51269 0.38378
vt 0.51269 0.39648
vt 0.5 0.39648
vt 0.583 0.38378
vt 0.5957 0.38378
vt 0.5957 0.39648
vt 0.583 0.39648
vt 0.5996 0.38378
vt 0.6123 0.38378
vt 0.6123 0.39648
vt 0.5996 0.39648
vt 0.61621 0.38378
vt 0.6289 0.38378
vt 0.6289 0.39648
vt 0.61621 0.39648
vt 0.66601 0.38378
vt 0.67871 0.38378
vt 0.67871 0.39648
vt 0.66601 0.39648
vt 0.68261 0.38378
vt 0.69531 0.38378
vt 0.69531 0.39648
vt 0.68261 0.39648
vt 0.69921 0.38378
vt 0.71191 0.38378
vt 0.71191 0.39648
vt 0.69921 0.39648
vt 0.71582 0.38378
vt 0.72851 0.38378
vt 0.72851 0.39648
vt 0.71582 0.39648
vt 0.73242 0.38378
vt 0.74511 0.38378
vt 0.74511 0.39648
vt 0.73242 0.39648
vt 0.74902 0.38378
vt 0.76171 0.38378
vt 0.76171 0.39648
vt 0.74902 0.39648
vt 0.76562 0.38378
vt 0.77832 0.38378
vt 0.77832 0.39648
vt 0.76562 0.39648
vt 0.78222 0.38378
vt 0.79492 0.38378
vt 0.79492 0.39648
vt 0.78222 0.39648
vt 0.83203 0.38378
vt 0.84472 0.38378
vt 0.84472 0.39648
vt 0.83203 0.39648
vt 0.84863 0.38378
vt 0.86132 0.38378
vt 0.86132 0.39648
vt 0.84863 0.39648
vt 0.88183 0.38378
vt 0.89453 0.38378
vt 0.89453 0.39648
vt 0.88183 0.39648
vt 0.89843 0.38378
vt 0.91113 0.38378
vt 0.91113 0.39648
vt 0.89843 0.39648
vt 0.91503 0.38378
vt 0.92773 0.38378
vt 0.92773 0.39648
vt 0.91503 0.39648
vt 0.93164 0.38378
vt 0.94433 0.38378
vt 0.94433 0.39648
vt 0.93164 0.39648
vt 0.94824 0.38378
vt 0.96093 0.38378
vt 0.96093 0.39648
vt 0.94824 0.39648
vt 0.96484 0.38378
vt 0.97753 0.38378
vt 0.97753 0.39648
vt 0.96484 0.39648
vt 0.98144 0.38378
vt 0.99414 0.38378
vt 0.99414 0.39648
vt 0.98144 0.39648
vt 0.00195 0.40039
vt 0.01464 0.40039
vt 0.01464 0.41308
vt 0.00195 0.41308
vt 0.01855 0.40039
vt 0.03125 0.40039
vt 0.03125 0.41308
vt 0.01855 0.41308
vt 0.03515 0.40039
vt 0.04785 0.40039
vt 0.04785 0.41308
vt 0.03515 0.41308
vt 0.08496 0.40039
vt 0.09765 0.40039
vt 0.09765 0.41308
vt 0.08496 0.41308
vt 0.10156 0.40039
vt 0.11425 0.40039
vt 0.11425 0.41308
vt 0.10156 0.41308
vt 0.11816 0.40039
vt 0.13085 0.40039
vt 0.13085 0.41308
vt 0.11816 0.41308
vt 0.13476 0.40039
vt 0.14746 0.40039
vt 0.14746 0.41308
vt 0.13476 0.41308
vt 0.15136 0.40039
vt 0.16406 0.40039
vt 0.16406 0.41308
vt 0.15136 0.41308
vt 0.16796 0.40039
vt 0.18066 0.40039
vt 0.18066 0.41308
vt 0.16796 0.41308
vt 0.28418 0.40039
vt 0.29687 0.40039
vt 0.29687 0.41308
vt 0.28418 0.41308
vt 0.30078 0.40039
vt 0.31347 0.40039
vt 0.31347 0.41308
vt 0.30078 0.41308
vt 0.31738 0.40039
vt 0.33007 0.40039
vt 0.33007 0.41308
vt 0.31738 0.41308
vt 0.33398 0.40039
vt 0.34668 0.40039
vt 0.34668 0.41308
vt 0.33398 0.41308
vt 0.35058 0.40039
vt 0.36328 0.40039
vt 0.36328 0.41308
vt 0.35058 0.41308
vt 0.36718 0.40039
vt 0.37988 0.40039
vt 0.37988 0.41308
vt 0.36718 0.41308
vt 0.38378 0.40039
vt 0.39648 0.40039
vt 0.39648 0.41308
vt 0.38378 0.41308
vt 0.40039 0.40039
vt 0.41308 0.40039
vt 0.41308 0.41308
vt 0.40039 0.41308
vt 0.41699 0.40039
vt 0.42968 0.40039
vt 0.42968 0.41308
vt 0.41699 0.41308
vt 0.43359 0.40039
vt 0.44628 0.40039
vt 0.44628 0.41308
vt 0.43359 0.41308
vt 0.45019 0.40039
vt 0.46289 0.40039
vt 0.46289 0.41308
vt 0.45019 0.41308
vt 0.46679 0.40039
vt 0.47949 0.40039
vt 0.47949 0.41308
vt 0.46679 0.41308
vt 0.48339 0.40039
vt 0.49609 0.40039
vt 0.49609 0.41308
vt 0.48339 0.41308
vt 0.5 0.40039
vt 0.51269 0.40039
vt 0.51269 0.41308
vt 0.5 0.41308
vt 0.5166 0.40039
vt 0.52929 0.40039
vt 0.52929 0.41308
vt 0.5166 0.41308
vt 0.5332 0.40039
vt 0.54589 0.40039
vt 0.54589 0.41308
vt 0.5332 0.41308
vt 0.5498 0.40039
vt 0.5625 0.40039
vt 0.5625 0.41308
vt 0.5498 0.41308
vt 0.5664 0.40039
vt 0.5791 0.40039
vt 0.5791 0.41308
vt 0.5664 0.41308
vt 0.583 0.40039
vt 0.5957 0.40039
vt 0.5957 0.41308
vt 0.583 0.41308
vt 0.5996 0.40039
vt 0.6123 0.40039
vt 0.6123 0.41308
vt 0.5996 0.41308
vt 0.61621 0.40039
vt 0.6289 0.40039
vt 0.6289 0.41308
vt 0.61621 0.41308
vt 0.63281 0.40039
vt 0.6455 0.40039
vt 0.6455 0.41308
vt 0.63281 0.41308
vt 0.64941 0.40039
vt 0.6621 0.40039
vt 0.6621 0.41308
vt 0.64941 0.41308
vt 0.40869 1
vt 0.54299 0
vt 0.33184 0.59748
vt 1 0.47088
vt 0.52 1
vt 0.83203 0.36718
vt 0.84472 0.36718
vt 0.71582 0.36718
vt 0.72851 0.36718
vt 0.5957 0.37988
vt 0.583 0.37988
vt 0.23437 0.36718
vt 0.23437 0.37988
vt 0.25097 0.36718
vt 0.26367 0.36718
vt 0.03515 0.00195
vt 0.03515 0.01464
vt 0.04785 0.01464
vt 0.04785 0.00195
vt 0.05175 0.00195
vt 0.05175 0.01464
vt 0.06445 0.01464
vt 0.06445 0.00195
vt 0.06835 0.00195
vt 0.06835 0.01464
vt 0.08105 0.01464
vt 0.08105 0.00195
vt 0.08496 0.00195
vt 0.08496 0.01464
vt 0.09765 0.01464
vt 0.09765 0.00195
vt 0.10156 0.00195
vt 0.10156 0.01464
vt 0.11425 0.01464
vt 0.11425 0.00195
vt 0.11816 0.00195
vt 0.11816 0.01464
vt 0.13085 0.01464
vt 0.13085 0.00195
vt 0.13476 0.00195
vt 0.13476 0.01464
vt 0.14746 0.01464
vt 0.14746 0.00195
vt 0.15136 0.00195
vt 0.15136 0.01464
vt 0.16406 0.01464
vt 0.16406 0.00195
vt 0.16796 0.00195
vt 0.16796 0.01464
vt 0.18066 0.01464
vt 0.18066 0.00195
vt 0.18457 0.00195
vt 0.18457 0.01464
vt 0.19726 0.01464
vt 0.19726 0.00195
vt 0.20117 0.00195
vt 0.20117 0.01464
vt 0.21386 0.01464
vt 0.21386 0.00195
vt 0.21777 0.00195
vt 0.21777 0.01464
vt 0.23046 0.01464
vt 0.23046 0.00195
vt 0.23437 0.00195
vt 0.23437 0.01464
vt 0.24707 0.01464
vt 0.24707 0.00195
vt 0.25097 0.00195
vt 0.25097 0.01464
vt 0.26367 0.01464
vt 0.26367 0.00195
vt 0.26757 0.00195
vt 0.26757 0.01464
vt 0.28027 0.01464
vt 0.28027 0.00195
vt 0.28418 0.00195
vt 0.28418 0.01464
vt 0.29687 0.01464
vt 0.29687 0.00195
vt 0.30078 0.00195
vt 0.30078 0.01464
vt 0.31347 0.01464
vt 0.31347 0.00195
vt 0.31738 0.00195
vt 0.31738 0.01464
vt 0.33007 0.01464
vt 0.33007 0.00195
vt 0.33398 0.00195
vt 0.33398 0.01464
vt 0.34668 0.01464
vt 0.34668 0.00195
vt 0.35058 0.00195
vt 0.35058 0.01464
vt 0.36328 0.01464
vt 0.36328 0.00195
vt 0.36718 0.00195
vt 0.36718 0.01464
vt 0.37988 0.01464
vt 0.37988 0.00195
vt 0.38378 0.00195
vt 0.38378 0.01464
vt 0.39648 0.01464
vt 0.39648 0.00195
vt 0.40039 0.00195
vt 0.40039 0.01464
vt 0.41308 0.01464
vt 0.41308 0.00195
vt 0.41699 0.00195
vt 0.41699 0.01464
vt 0.42968 0.01464
vt 0.42968 0.00195
vt 0.43359 0.00195
vt 0.43359 0.01464
vt 0.44628 0.01464
vt 0.44628 0.00195
vt 0.45019 0.00195
vt 0.45019 0.01464
vt 0.46289 0.01464
vt 0.46289 0.00195
vt 0.46679 0.00195
vt 0.46679 0.01464
vt 0.47949 0.01464
vt 0.47949 0.00195
vt 0.48339 0.00195
vt 0.48339 0.01464
vt 0.49609 0.01464
vt 0.49609 0.00195
vt 0.5 0.00195
vt 0.5 0.01464
vt 0.51269 0.01464
vt 0.51269 0.00195
vt 0.5166 0.00195
vt 0.5166 0.01464
vt 0.52929 0.01464
vt 0.52929 0.00195
vt 0.5332 0.00195
vt 0.5332 0.01464
vt 0.54589 0.01464
vt 0.54589 0.00195
vt 0.5498 0.00195
vt 0.5498 0.01464
vt 0.5625 0.01464
vt 0.5625 0.00195
vt 0.5664 0.00195
vt 0.5664 0.01464
vt 0.5791 0.01464
vt 0.5791 0.00195
vt 0.583 0.00195
vt 0.583 0.01464
vt 0.5957 0.01464
vt 0.5957 0.00195
vt 0.5996 0.00195
vt 0.5996 0.01464
vt 0.6123 0.01464
vt 0.6123 0.00195
vt 0.61621 0.00195
vt 0.61621 0.01464
vt 0.6289 0.01464
vt 0.6289 0.00195
vt 0.63281 0.00195
vt 0.63281 0.01464
vt 0.6455 0.01464
vt 0.6455 0.00195
vt 0.64941 0.00195
vt 0.64941 0.01464
vt 0.6621 0.01464
vt 0.6621 0.00195
vt 0.66601 0.00195
vt 0.66601 0.01464
vt 0.67871 0.01464
vt 0.67871 0.00195
vt 0.68261 0.00195
vt 0.68261 0.01464
vt 0.69531 0.01464
vt 0.69531 0.00195
vt 0.69921 0.00195
vt 0.69921 0.01464
vt 0.71191 0.01464
vt 0.71191 0.00195
vt 0.71582 0.00195
vt 0.71582 0.01464
vt 0.72851 0.01464
vt 0.72851 0.00195
vt 0.73242 0.00195
vt 0.73242 0.01464
vt 0.74511 0.01464
vt 0.74511 0.00195
vt 0.74902 0.00195
vt 0.74902 0.01464
vt 0.76171 0.01464
vt 0.76171 0.00195
vt 0.76562 0.00195
vt 0.76562 0.01464
vt 0.77832 0.01464
vt 0.77832 0.00195
vt 0.78222 0.00195
vt 0.78222 0.01464
vt 0.79492 0.01464
vt 0.79492 0.00195
vt 0.79882 0.00195
vt 0.79882 0.01464
vt 0.81152 0.01464
vt 0.81152 0.00195
vt 0.81543 0.00195
vt 0.81543 0.01464
vt 0.82812 0.01464
vt 0.82812 0.00195
vt 0.83203 0.00195
vt 0.83203 0.01464
vt 0.84472 0.01464
vt 0.84472 0.00195
vt 0.84863 0.00195
vt 0.84863 0.01464
vt 0.86132 0.01464
vt 0.86132 0.00195
vt 0.86523 0.00195
vt 0.86523 0.01464
vt 0.87793 0.01464
vt 0.87793 0.00195
vt 0.88183 0.00195
vt 0.88183 0.01464
vt 0.89453 0.01464
vt 0.89453 0.00195
vt 0.89843 0.00195
vt 0.89843 0.01464
vt 0.91113 0.01464
vt 0.91113 0.00195
vt 0.91503 0.00195
vt 0.91503 0.01464
vt 0.92773 0.01464
vt 0.92773 0.00195
vt 0.93164 0.00195
vt 0.93164 0.01464
vt 0.94433 0.01464
vt 0.94433 0.00195
vt 0.94824 0.00195
vt 0.94824 0.01464
vt 0.96093 0.01464
vt 0.96093 0.00195
vt 0.96484 0.00195
vt 0.96484 0.01464
vt 0.97753 0.01464
vt 0.97753 0.00195
vt 0.98144 0.00195
vt 0.98144 0.01464
vt 0.99414 0.01464
vt 0.99414 0.00195
vt 0.00195 0.01855
vt 0.00195 0.03125
vt 0.01464 0.03125
vt 0.01464 0.01855
vt 0.03515 0.01855
vt 0.03515 0.03125
vt 0.04785 0.03125
vt 0.04785 0.01855
vt 0.05175 0.01855
vt 0.05175 0.03125
vt 0.06445 0.03125
vt 0.06445 0.01855
vt 0.06835 0.01855
vt 0.06835 0.03125
vt 0.08105 0.03125
vt 0.08105 0.01855
vt 0.08496 0.01855
vt 0.08496 0.03125
vt 0.09765 0.03125
vt 0.09765 0.01855
vt 0.10156 0.01855
vt 0.10156 0.03125
vt 0.11425 0.03125
vt 0.11425 0.01855
vt 0.11816 0.01855
vt 0.11816 0.03125
vt 0.13085 0.03125
vt 0.13085 0.01855
vt 0.13476 0.01855
vt 0.13476 0.03125
vt 0.14746 0.03125
vt 0.14746 0.01855
vt 0.16796 0.01855
vt 0.16796 0.03125
vt 0.18066 0.03125
vt 0.18066 0.01855
vt 0.21777 0.01855
vt 0.21777 0.03125
vt 0.23046 0.03125
vt 0.23046 0.01855
vt 0.25097 0.01855
vt 0.25097 0.03125
vt 0.25683 0.03125
vt 0.25657 0.01855
vt 0.30078 0.01855
vt 0.30078 0.02539
vt 0.30723 0.03125
vt 0.30664 0.01855
vt 0.44068 0.01855
vt 0.44076 0.03125
vt 0.44628 0.03125
vt 0.44628 0.01855
vt 0.45019 0.01855
vt 0.45019 0.03125
vt 0.46289 0.03125
vt 0.46289 0.01855
vt 0.46679 0.01855
vt 0.46679 0.03125
vt 0.47949 0.03125
vt 0.47949 0.01855
vt 0.48339 0.0249
vt 0.48892 0.02766
vt 0.49609 0.03125
vt 0.49609 0.01855
vt 0.5664 0.01855
vt 0.5664 0.03125
vt 0.5791 0.03125
vt 0.5791 0.01855
vt 0.583 0.01855
vt 0.583 0.03125
vt 0.5957 0.03125
vt 0.5957 0.01855
vt 0.5996 0.01855
vt 0.5996 0.03125
vt 0.6123 0.03125
vt 0.6123 0.01855
vt 0.61621 0.01855
vt 0.61621 0.03125
vt 0.6289 0.03125
vt 0.6289 0.01855
vt 0.63281 0.01855
vt 0.63281 0.03125
vt 0.6455 0.03125
vt 0.6455 0.01855
vt 0.64941 0.01855
vt 0.64941 0.03125
vt 0.6621 0.03125
vt 0.6621 0.01855
vt 0.66601 0.01855
vt 0.66601 0.03125
vt 0.67871 0.03125
vt 0.67871 0.01855
vt 0.68261 0.01855
vt 0.68261 0.03125
vt 0.69531 0.03125
vt 0.69531 0.01855
vt 0.69921 0.01855
vt 0.69921 0.03125
vt 0.71191 0.03125
vt 0.71191 0.01855
vt 0.71582 0.01855
vt 0.71582 0.03125
vt 0.72851 0.03125
vt 0.72851 0.01855
vt 0.73242 0.01855
vt 0.73242 0.03125
vt 0.74511 0.03125
vt 0.74511 0.01855
vt 0.74902 0.01855
vt 0.74902 0.03125
vt 0.76171 0.03125
vt 0.76171 0.01855
vt 0.76562 0.01855
vt 0.76562 0.03125
vt 0.77832 0.03125
vt 0.77832 0.01855
vt 0.78222 0.01855
vt 0.78222 0.03125
vt 0.79492 0.03125
vt 0.79492 0.01855
vt 0.79882 0.01855
vt 0.79882 0.03125
vt 0.81152 0.03125
vt 0.81152 0.01855
vt 0.81543 0.01855
vt 0.81543 0.03125
vt 0.82812 0.03125
vt 0.82812 0.01855
vt 0.83203 0.01855
vt 0.83203 0.03125
vt 0.84472 0.03125
vt 0.84472 0.01855
vt 0.84863 0.01855
vt 0.84863 0.03125
vt 0.86132 0.03125
vt 0.86132 0.01855
vt 0.86523 0.01855
vt 0.86523 0.03125
vt 0.87793 0.03125
vt 0.87793 0.01855
vt 0.88183 0.01855
vt 0.88183 0.03125
vt 0.89453 0.03125
vt 0.89453 0.01855
vt 0.93164 0.01855
vt 0.93164 0.03125
vt 0.94433 0.03125
vt 0.94433 0.01855
vt 0.94824 0.01855
vt 0.94824 0.03125
vt 0.96093 0.03125
vt 0.96093 0.01855
vt 0.96484 0.01855
vt 0.96484 0.03125
vt 0.97753 0.03125
vt 0.97753 0.01855
vt 0.98144 0.01855
vt 0.98144 0.03125
vt 0.99414 0.03125
vt 0.99414 0.01855
vt 0.00195 0.03515
vt 0.00195 0.04785
vt 0.01464 0.04785
vt 0.01464 0.03515
vt 0.43359 0.03515
vt 0.43359 0.04785
vt 0.44628 0.04785
vt 0.44628 0.03515
vt 0.45019 0.03515
vt 0.45019 0.04785
vt 0.46289 0.04785
vt 0.46289 0.03515
vt 0.46679 0.03515
vt 0.46679 0.04785
vt 0.47949 0.04785
vt 0.47949 0.03515
vt 0.48339 0.03515
vt 0.48339 0.04785
vt 0.49609 0.04785
vt 0.49609 0.03515
vt 0.5 0.03515
vt 0.5 0.04785
vt 0.51269 0.04785
vt 0.51269 0.03515
vt 0.5166 0.03515
vt 0.5166 0.04785
vt 0.52929 0.04785
vt 0.52929 0.03515
vt 0.5332 0.03515
vt 0.5332 0.04785
vt 0.54589 0.04785
vt 0.54589 0.03515
vt 0.5498 0.03515
vt 0.5498 0.04785
vt 0.5625 0.04785
vt 0.5625 0.03515
vt 0.5664 0.03515
vt 0.5664 0.04785
vt 0.5791 0.04785
vt 0.5791 0.03515
vt 0.583 0.03515
vt 0.583 0.04785
vt 0.5957 0.04785
vt 0.5957 0.03515
vt 0.5996 0.03515
vt 0.5996 0.04785
vt 0.6123 0.04785
vt 0.6123 0.03515
vt 0.61621 0.03515
vt 0.61621 0.04785
vt 0.6289 0.04785
vt 0.6289 0.03515
vt 0.63281 0.03515
vt 0.63281 0.04785
vt 0.6455 0.04785
vt 0.6455 0.03515
vt 0.64941 0.03515
vt 0.64941 0.04785
vt 0.6621 0.04785
vt 0.6621 0.03515
vt 0.66601 0.03515
vt 0.66601 0.04785
vt 0.67871 0.04785
vt 0.67871 0.03515
vt 0.68261 0.03515
vt 0.68261 0.04785
vt 0.69531 0.04785
vt 0.69531 0.03515
vt 0.69921 0.03515
vt 0.69921 0.04785
vt 0.71191 0.04785
vt 0.71191 0.03515
vt 0.36718 0.05175
vt 0.36718 0.06445
vt 0.37988 0.06445
vt 0.37988 0.05175
vt 0.38378 0.05175
vt 0.38378 0.06445
vt 0.39648 0.06445
vt 0.39648 0.05175
vt 0.41699 0.05175
vt 0.41699 0.06445
vt 0.42968 0.06445
vt 0.42968 0.05175
vt 0.43359 0.05175
vt 0.43359 0.06445
vt 0.44628 0.06445
vt 0.44628 0.05175
vt 0.45019 0.05175
vt 0.45019 0.06445
vt 0.46289 0.06445
vt 0.46289 0.05175
vt 0.46679 0.66601
vt 0.46679 0.67871
vt 0.47949 0.67871
vt 0.47949 0.66601
vt 0.48339 0.66601
vt 0.48339 0.67871
vt 0.49609 0.67871
vt 0.49609 0.66601
vt 0.5 0.66601
vt 0.5 0.67871
vt 0.51269 0.67871
vt 0.51269 0.66601
vt 0.5166 0.66601
vt 0.5166 0.67871
vt 0.52929 0.67871
vt 0.52929 0.66601
vt 0.5332 0.66601
vt 0.5332 0.67871
vt 0.54589 0.67871
vt 0.54589 0.66601
vt 0.5498 0.66601
vt 0.5498 0.67871
vt 0.5625 0.67871
vt 0.5625 0.66601
vt 0.5664 0.66601
vt 0.5664 0.67871
vt 0.5791 0.67871
vt 0.5791 0.66601
vt 0.583 0.66601
vt 0.583 0.67871
vt 0.5957 0.67871
vt 0.5957 0.66601
vt 0.5996 0.66601
vt 0.5996 0.67871
vt 0.6123 0.67871
vt 0.6123 0.66601
vt 0.61621 0.66601
vt 0.61621 0.67871
vt 0.6289 0.67871
vt 0.6289 0.66601
vt 0.63281 0.66601
vt 0.63281 0.67871
vt 0.6455 0.67871
vt 0.6455 0.66601
vt 0.64941 0.66601
vt 0.64941 0.67871
vt 0.6621 0.67871
vt 0.6621 0.66601
vt 0.66601 0.66601
vt 0.66601 0.67871
vt 0.67871 0.67871
vt 0.67871 0.66601
vt 0.68261 0.66601
vt 0.68261 0.67871
vt 0.69531 0.67871
vt 0.69531 0.66601
vt 0.69921 0.66601
vt 0.69921 0.67871
vt 0.71191 0.67871
vt 0.71191 0.66601
vt 0.71582 0.66601
vt 0.71582 0.67871
vt 0.72851 0.67871
vt 0.72851 0.66601
vt 0.73242 0.66601
vt 0.73242 0.67871
vt 0.74511 0.67871
vt 0.74511 0.66601
vt 0.74902 0.66601
vt 0.74902 0.67871
vt 0.76171 0.67871
vt 0.76171 0.66601
vt 0.76562 0.66601
vt 0.76562 0.67871
vt 0.77832 0.67871
vt 0.77832 0.66601
vt 0.78222 0.66601
vt 0.78222 0.67871
vt 0.79492 0.67871
vt 0.79492 0.66601
vt 0.79882 0.66601
vt 0.79882 0.67871
vt 0.81152 0.67871
vt 0.81152 0.66601
vt 0.81543 0.66601
vt 0.81543 0.67871
vt 0.82812 0.67871
vt 0.82812 0.66601
vt 0.83203 0.66601
vt 0.83203 0.67871
vt 0.84472 0.67871
vt 0.84472 0.66601
vt 0.84863 0.66601
vt 0.84863 0.67871
vt 0.86132 0.67871
vt 0.86132 0.66601
vt 0.86523 0.66601
vt 0.86523 0.67871
vt 0.87793 0.67871
vt 0.87793 0.66601
vt 0.88183 0.66601
vt 0.88183 0.67871
vt 0.89453 0.67871
vt 0.89453 0.66601
vt 0.89843 0.66601
vt 0.89843 0.67871
vt 0.91113 0.67871
vt 0.91113 0.66601
vt 0.91503 0.66601
vt 0.91503 0.67871
vt 0.92773 0.67871
vt 0.92773 0.66601
vt 0.93164 0.66601
vt 0.93164 0.67871
vt 0.94433 0.67871
vt 0.94433 0.66601
vt 0.94824 0.66601
vt 0.94824 0.67871
vt 0.96093 0.67871
vt 0.96093 0.66601
vt 0.96484 0.66601
vt 0.96484 0.67871
vt 0.97753 0.67871
vt 0.97753 0.66601
vt 0.98144 0.66601
vt 0.98144 0.67871
vt 0.99414 0.67871
vt 0.99414 0.66601
vt 0.00195 0.68261
vt 0.00195 0.69531
vt 0.01464 0.69531
vt 0.01464 0.68261
vt 0.01855 0.68261
vt 0.01855 0.69531
vt 0.03125 0.69531
vt 0.03125 0.68261
vt 0.03515 0.68261
vt 0.03515 0.69531
vt 0.04785 0.69531
vt 0.04785 0.68261
vt 0.05175 0.68261
vt 0.05175 0.69531
vt 0.06445 0.69531
vt 0.06445 0.68261
vt 0.06835 0.68261
vt 0.06835 0.69531
vt 0.08105 0.69531
vt 0.08105 0.68261
vt 0.08496 0.68261
vt 0.08496 0.69531
vt 0.09765 0.69531
vt 0.09765 0.68261
vt 0.10156 0.68261
vt 0.10156 0.69531
vt 0.11425 0.69531
vt 0.11425 0.68261
vt 0.11816 0.68261
vt 0.11816 0.69531
vt 0.13085 0.69531
vt 0.13085 0.68261
vt 0.13476 0.68261
vt 0.13476 0.69531
vt 0.14746 0.69531
vt 0.14746 0.68261
vt 0.15136 0.68261
vt 0.15136 0.69531
vt 0.16406 0.69531
vt 0.16406 0.68261
vt 0.16796 0.68261
vt 0.16796 0.69531
vt 0.18066 0.69531
vt 0.18066 0.68261
vt 0.18457 0.68261
vt 0.18457 0.69531
vt 0.19726 0.69531
vt 0.19726 0.68261
vt 0.20117 0.68261
vt 0.20117 0.69531
vt 0.21386 0.69531
vt 0.21386 0.68261
vt 0.21777 0.68261
vt 0.21777 0.69531
vt 0.23046 0.69531
vt 0.23046 0.68261
vt 0.23437 0.68261
vt 0.23437 0.69531
vt 0.24707 0.69531
vt 0.24707 0.68261
vt 0.25097 0.68261
vt 0.25097 0.69531
vt 0.26367 0.69531
vt 0.26367 0.68261
vt 0.26757 0.68261
vt 0.26757 0.69531
vt 0.28027 0.69531
vt 0.28027 0.68261
vt 0.28418 0.68261
vt 0.28418 0.69531
vt 0.29687 0.69531
vt 0.29687 0.68261
vt 0.30078 0.68261
vt 0.30078 0.69531
vt 0.31347 0.69531
vt 0.31347 0.68261
vt 0.31738 0.68261
vt 0.31738 0.69531
vt 0.33007 0.69531
vt 0.33007 0.68261
vt 0.33398 0.68261
vt 0.33398 0.69531
vt 0.34668 0.69531
vt 0.34668 0.68261
vt 0.35058 0.68261
vt 0.35058 0.69531
vt 0.36328 0.69531
vt 0.36328 0.68261
vt 0.36718 0.68261
vt 0.36718 0.69531
vt 0.37988 0.69531
vt 0.37988 0.68261
vt 0.38378 0.68261
vt 0.38378 0.69531
vt 0.39648 0.69531
vt 0.39648 0.68261
vt 0.40039 0.68261
vt 0.40039 0.69531
vt 0.41308 0.69531
vt 0.41308 0.68261
vt 0.41699 0.68261
vt 0.41699 0.69531
vt 0.42968 0.69531
vt 0.42968 0.68261
vt 0.43359 0.68261
vt 0.43359 0.69531
vt 0.44628 0.69531
vt 0.44628 0.68261
vt 0.45019 0.68261
vt 0.45019 0.69531
vt 0.46289 0.69531
vt 0.46289 0.68261
vt 0.46679 0.68261
vt 0.46679 0.69531
vt 0.47949 0.69531
vt 0.47949 0.68261
vt 0.48339 0.68261
vt 0.48339 0.69531
vt 0.49609 0.69531
vt 0.49609 0.68261
vt 0.5 0.68261
vt 0.5 0.69531
vt 0.51269 0.69531
vt 0.51269 0.68261
vt 0.5166 0.68261
vt 0.5166 0.69531
vt 0.52929 0.69531
vt 0.52929 0.68261
vt 0.5332 0.68261
vt 0.5332 0.69531
vt 0.54589 0.69531
vt 0.54589 0.68261
vt 0.5498 0.68261
vt 0.5498 0.69531
vt 0.5625 0.69531
vt 0.5625 0.68261
vt 0.5664 0.68261
vt 0.5664 0.69531
vt 0.5791 0.69531
vt 0.5791 0.68261
vt 0.583 0.68261
vt 0.583 0.69531
vt 0.5957 0.69531
vt 0.5957 0.68261
vt 0.5996 0.68261
vt 0.5996 0.69531
vt 0.6123 0.69531
vt 0.6123 0.68261
vt 0.61621 0.68261
vt 0.61621 0.69531
vt 0.6289 0.69531
vt 0.6289 0.68261
vt 0.63281 0.68261
vt 0.63281 0.69531
vt 0.6455 0.69531
vt 0.6455 0.68261
vt 0.64941 0.68261
vt 0.64941 0.69531
vt 0.6621 0.69531
vt 0.6621 0.68261
vt 0.66601 0.68261
vt 0.66601 0.69531
vt 0.67871 0.69531
vt 0.67871 0.68261
vt 0.68261 0.68261
vt 0.68261 0.69531
vt 0.69531 0.69531
vt 0.69531 0.68261
vt 0.69921 0.68261
vt 0.69921 0.69531
vt 0.71191 0.69531
vt 0.71191 0.68261
vt 0.71582 0.68261
vt 0.71582 0.69531
vt 0.72851 0.69531
vt 0.72851 0.68261
vt 0.73242 0.68261
vt 0.73242 0.69531
vt 0.74511 0.69531
vt 0.74511 0.68261
vt 0.74902 0.68261
vt 0.74902 0.69531
vt 0.76171 0.69531
vt 0.76171 0.68261
vt 0.76562 0.68261
vt 0.76562 0.69531
vt 0.77832 0.69531
vt 0.77832 0.68261
vt 0.78222 0.68261
vt 0.78222 0.69531
vt 0.79492 0.69531
vt 0.79492 0.68261
vt 0.79882 0.68261
vt 0.79882 0.69531
vt 0.81152 0.69531
vt 0.81152 0.68261
vt 0.81543 0.68261
vt 0.81543 0.69531
vt 0.82812 0.69531
vt 0.82812 0.68261
vt 0.83203 0.68261
vt 0.83203 0.69531
vt 0.84472 0.69531
vt 0.84472 0.68261
vt 0.84863 0.68261
vt 0.84863 0.69531
vt 0.86132 0.69531
vt 0.86132 0.68261
vt 0.86523 0.68261
vt 0.86523 0.69531
vt 0.87793 0.69531
vt 0.87793 0.68261
vt 0.88183 0.68261
vt 0.88183 0.69531
vt 0.89453 0.69531
vt 0.89453 0.68261
vt 0.89843 0.68261
vt 0.89843 0.69531
vt 0.91113 0.69531
vt 0.91113 0.68261
vt 0.91503 0.68261
vt 0.91503 0.69531
vt 0.92773 0.69531
vt 0.92773 0.68261
vt 0.93164 0.68261
vt 0.93164 0.69531
vt 0.94433 0.69531
vt 0.94433 0.68261
vt 0.94824 0.68261
vt 0.94824 0.69531
vt 0.96093 0.69531
vt 0.96093 0.68261
vt 0.96484 0.68261
vt 0.96484 0.69531
vt 0.97753 0.69531
vt 0.97753 0.68261
vt 0.98144 0.68261
vt 0.98144 0.69531
vt 0.99414 0.69531
vt 0.99414 0.68261
vt 0.00195 0.69921
vt 0.00195 0.71191
vt 0.01464 0.71191
vt 0.01464 0.69921
vt 0.01855 0.69921
vt 0.01855 0.71191
vt 0.03125 0.71191
vt 0.03125 0.69921
vt 0.03515 0.69921
vt 0.03515 0.71191
vt 0.04785 0.71191
vt 0.04785 0.69921
vt 0.05175 0.69921
vt 0.05175 0.71191
vt 0.06445 0.71191
vt 0.06445 0.69921
vt 0.06835 0.69921
vt 0.06835 0.71191
vt 0.08105 0.71191
vt 0.08105 0.69921
vt 0.08496 0.69921
vt 0.08496 0.71191
vt 0.09765 0.71191
vt 0.09765 0.69921
vt 0.10156 0.69921
vt 0.10156 0.71191
vt 0.11425 0.71191
vt 0.11425 0.69921
vt 0.11816 0.69921
vt 0.11816 0.71191
vt 0.13085 0.71191
vt 0.13085 0.69921
vt 0.13476 0.69921
vt 0.13476 0.71191
vt 0.14746 0.71191
vt 0.14746 0.69921
vt 0.15136 0.69921
vt 0.15136 0.71191
vt 0.16406 0.71191
vt 0.16406 0.69921
vt 0.16796 0.69921
vt 0.16796 0.71191
vt 0.18066 0.71191
vt 0.18066 0.69921
vt 0.18457 0.69921
vt 0.18457 0.71191
vt 0.19726 0.71191
vt 0.19726 0.69921
vt 0.20117 0.69921
vt 0.20117 0.71191
vt 0.21386 0.71191
vt 0.21386 0.69921
vt 0.21777 0.69921
vt 0.21777 0.71191
vt 0.23046 0.71191
vt 0.23046 0.69921
vt 0.23437 0.69921
vt 0.23437 0.71191
vt 0.24707 0.71191
vt 0.24707 0.69921
vt 0.25097 0.69921
vt 0.25097 0.71191
vt 0.26367 0.71191
vt 0.26367 0.69921
vt 0.26757 0.69921
vt 0.26757 0.71191
vt 0.28027 0.71191
vt 0.28027 0.69921
vt 0.28418 0.69921
vt 0.28418 0.71191
vt 0.29687 0.71191
vt 0.29687 0.69921
vt 0.30078 0.69921
vt 0.30078 0.71191
vt 0.31347 0.71191
vt 0.31347 0.69921
vt 0.31738 0.69921
vt 0.31738 0.71191
vt 0.33007 0.71191
vt 0.33007 0.69921
vt 0.33398 0.69921
vt 0.33398 0.71191
vt 0.34668 0.71191
vt 0.34668 0.69921
vt 0.35058 0.69921
vt 0.35058 0.71191
vt 0.36328 0.71191
vt 0.36328 0.69921
vt 0.36718 0.69921
vt 0.36718 0.71191
vt 0.37988 0.71191
vt 0.37988 0.69921
vt 0.38378 0.69921
vt 0.38378 0.71191
vt 0.39648 0.71191
vt 0.39648 0.69921
vt 0.40039 0.69921
vt 0.40039 0.71191
vt 0.41308 0.71191
vt 0.41308 0.69921
vt 0.41699 0.69921
vt 0.41699 0.71191
vt 0.42968 0.71191
vt 0.42968 0.69921
vt 0.43359 0.69921
vt 0.43359 0.71191
vt 0.44628 0.71191
vt 0.44628 0.69921
vt 0.45019 0.69921
vt 0.45019 0.71191
vt 0.46289 0.71191
vt 0.46289 0.69921
vt 0.46679 0.69921
vt 0.46679 0.71191
vt 0.47949 0.71191
vt 0.47949 0.69921
vt 0.48339 0.69921
vt 0.48339 0.71191
vt 0.49609 0.71191
vt 0.49609 0.69921
vt 0.5 0.69921
vt 0.5 0.71191
vt 0.51269 0.71191
vt 0.51269 0.69921
vt 0.5166 0.69921
vt 0.5166 0.71191
vt 0.52929 0.71191
vt 0.52929 0.69921
vt 0.5332 0.69921
vt 0.5332 0.71191
vt 0.54589 0.71191
vt 0.54589 0.69921
vt 0.5498 0.69921
vt 0.5498 0.71191
vt 0.5625 0.71191
vt 0.5625 0.69921
vt 0.5664 0.69921
vt 0.5664 0.71191
vt 0.5791 0.71191
vt 0.5791 0.69921
vt 0.583 0.69921
vt 0.583 0.71191
vt 0.5957 0.71191
vt 0.5957 0.69921
vt 0.5996 0.69921
vt 0.5996 0.71191
vt 0.6123 0.71191
vt 0.6123 0.69921
vt 0.61621 0.69921
vt 0.61621 0.71191
vt 0.6289 0.71191
vt 0.6289 0.69921
vt 0.63281 0.69921
vt 0.63281 0.71191
vt 0.6455 0.71191
vt 0.6455 0.69921
vt 0.64941 0.69921
vt 0.64941 0.71191
vt 0.6621 0.71191
vt 0.6621 0.69921
vt 0.66601 0.69921
vt 0.66601 0.71191
vt 0.67871 0.71191
vt 0.67871 0.69921
vt 0.68261 0.69921
vt 0.68261 0.71191
vt 0.69531 0.71191
vt 0.69531 0.69921
vt 0.69921 0.69921
vt 0.69921 0.71191
vt 0.71191 0.71191
vt 0.71191 0.69921
vt 0.71582 0.69921
vt 0.71582 0.71191
vt 0.72851 0.71191
vt 0.72851 0.69921
vt 0.73242 0.69921
vt 0.73242 0.71191
vt 0.74511 0.71191
vt 0.74511 0.69921
vt 0.74902 0.69921
vt 0.74902 0.71191
vt 0.76171 0.71191
vt 0.76171 0.69921
vt 0.76562 0.69921
vt 0.76562 0.71191
vt 0.77832 0.71191
vt 0.77832 0.69921
vt 0.78222 0.69921
vt 0.78222 0.71191
vt 0.79492 0.71191
vt 0.79492 0.69921
vt 0.79882 0.69921
vt 0.79882 0.71191
vt 0.81152 0.71191
vt 0.81152 0.69921
vt 0.81543 0.69921
vt 0.81543 0.71191
vt 0.82812 0.71191
vt 0.82812 0.69921
vt 0.83203 0.69921
vt 0.83203 0.71191
vt 0.84472 0.71191
vt 0.84472 0.69921
vt 0.84863 0.69921
vt 0.84863 0.71191
vt 0.86132 0.71191
vt 0.86132 0.69921
vt 0.86523 0.69921
vt 0.86523 0.71191
vt 0.87793 0.71191
vt 0.87793 0.69921
vt 0.88183 0.69921
vt 0.88183 0.71191
vt 0.89453 0.71191
vt 0.89453 0.69921
vt 0.89843 0.69921
vt 0.89843 0.71191
vt 0.91113 0.71191
vt 0.91113 0.69921
vt 0.91503 0.69921
vt 0.91503 0.71191
vt 0.92773 0.71191
vt 0.92773 0.69921
vt 0.93164 0.69921
vt 0.93164 0.71191
vt 0.94433 0.71191
vt 0.94433 0.69921
vt 0.94824 0.69921
vt 0.94824 0.71191
vt 0.96093 0.71191
vt 0.96093 0.69921
vt 0.96484 0.69921
vt 0.96484 0.71191
vt 0.97753 0.71191
vt 0.97753 0.69921
vt 0.98144 0.69921
vt 0.98144 0.71191
vt 0.99414 0.71191
vt 0.99414 0.69921
vt 0.00195 0.71582
vt 0.00195 0.72851
vt 0.01464 0.72851
vt 0.01464 0.71582
vt 0.01855 0.71582
vt 0.01855 0.72851
vt 0.03125 0.72851
vt 0.03125 0.71582
vt 0.03515 0.71582
vt 0.03515 0.72851
vt 0.04785 0.72851
vt 0.04785 0.71582
vt 0.05175 0.71582
vt 0.05175 0.72851
vt 0.06445 0.72851
vt 0.06445 0.71582
vt 0.06835 0.71582
vt 0.06835 0.72851
vt 0.08105 0.72851
vt 0.08105 0.71582
vt 0.08496 0.71582
vt 0.08496 0.72851
vt 0.09765 0.72851
vt 0.09765 0.71582
vt 0.10156 0.71582
vt 0.10156 0.72851
vt 0.11425 0.72851
vt 0.11425 0.71582
vt 0.11816 0.71582
vt 0.11816 0.72851
vt 0.13085 0.72851
vt 0.13085 0.71582
vt 0.13476 0.71582
vt 0.13476 0.72851
vt 0.14746 0.72851
vt 0.14746 0.71582
vt 0.15136 0.71582
vt 0.15136 0.72851
vt 0.16406 0.72851
vt 0.16406 0.71582
vt 0.16796 0.71582
vt 0.16796 0.72851
vt 0.18066 0.72851
vt 0.18066 0.71582
vt 0.18457 0.71582
vt 0.18457 0.72851
vt 0.19726 0.72851
vt 0.19726 0.71582
vt 0.20117 0.71582
vt 0.20117 0.72851
vt 0.21386 0.72851
vt 0.21386 0.71582
vt 0.21777 0.71582
vt 0.21777 0.72851
vt 0.23046 0.72851
vt 0.23046 0.71582
vt 0.23437 0.71582
vt 0.23437 0.72851
vt 0.24707 0.72851
vt 0.24707 0.71582
vt 0.25097 0.71582
vt 0.25097 0.72851
vt 0.26367 0.72851
vt 0.26367 0.71582
vt 0.26757 0.71582
vt 0.26757 0.72851
vt 0.28027 0.72851
vt 0.28027 0.71582
vt 0.28418 0.71582
vt 0.28418 0.72851
vt 0.29687 0.72851
vt 0.29687 0.71582
vt 0.30078 0.71582
vt 0.30078 0.72851
vt 0.31347 0.72851
vt 0.31347 0.71582
vt 0.31738 0.71582
vt 0.31738 0.72851
vt 0.33007 0.72851
vt 0.33007 0.71582
vt 0.33398 0.71582
vt 0.33398 0.72851
vt 0.34668 0.72851
vt 0.34668 0.71582
vt 0.35058 0.71582
vt 0.35058 0.72851
vt 0.36328 0.72851
vt 0.36328 0.71582
vt 0.36718 0.71582
vt 0.36718 0.72851
vt 0.37988 0.72851
vt 0.37988 0.71582
vt 0.38378 0.71582
vt 0.38378 0.72851
vt 0.39648 0.72851
vt 0.39648 0.71582
vt 0.40039 0.71582
vt 0.40039 0.72851
vt 0.41308 0.72851
vt 0.41308 0.71582
vt 0.41699 0.71582
vt 0.41699 0.72851
vt 0.42968 0.72851
vt 0.42968 0.71582
vt 0.43359 0.71582
vt 0.43359 0.72851
vt 0.44628 0.72851
vt 0.44628 0.71582
vt 0.45019 0.71582
vt 0.45019 0.72851
vt 0.46289 0.72851
vt 0.46289 0.71582
vt 0.46679 0.71582
vt 0.46679 0.72851
vt 0.47949 0.72851
vt 0.47949 0.71582
vt 0.48339 0.71582
vt 0.48339 0.72851
vt 0.49609 0.72851
vt 0.49609 0.71582
vt 0.5 0.71582
vt 0.5 0.72851
vt 0.51269 0.72851
vt 0.51269 0.71582
vt 0.5166 0.71582
vt 0.5166 0.72851
vt 0.52929 0.72851
vt 0.52929 0.71582
vt 0.5332 0.71582
vt 0.5332 0.72851
vt 0.54589 0.72851
vt 0.54589 0.71582
vt 0.5498 0.71582
vt 0.5498 0.72851
vt 0.5625 0.72851
vt 0.5625 0.71582
vt 0.5664 0.71582
vt 0.5664 0.72851
vt 0.5791 0.72851
vt 0.5791 0.71582
vt 0.583 0.71582
vt 0.583 0.72851
vt 0.5957 0.72851
vt 0.5957 0.71582
vt 0.5996 0.71582
vt 0.5996 0.72851
vt 0.6123 0.72851
vt 0.6123 0.71582
vt 0.61621 0.71582
vt 0.61621 0.72851
vt 0.6289 0.72851
vt 0.6289 0.71582
vt 0.63281 0.71582
vt 0.63281 0.72851
vt 0.6455 0.72851
vt 0.6455 0.71582
vt 0.64941 0.71582
vt 0.64941 0.72851
vt 0.6621 0.72851
vt 0.6621 0.71582
vt 0.66601 0.71582
vt 0.66601 0.72851
vt 0.67871 0.72851
vt 0.67871 0.71582
vt 0.68261 0.71582
vt 0.68261 0.72851
vt 0.69531 0.72851
vt 0.69531 0.71582
vt 0.69921 0.71582
vt 0.69921 0.72851
vt 0.71191 0.72851
vt 0.71191 0.71582
vt 0.71582 0.71582
vt 0.71582 0.72851
vt 0.72851 0.72851
vt 0.72851 0.71582
vt 0.73242 0.71582
vt 0.73242 0.72851
vt 0.74511 0.72851
vt 0.74511 0.71582
vt 0.74902 0.71582
vt 0.74902 0.72851
vt 0.76171 0.72851
vt 0.76171 0.71582
vt 0.76562 0.71582
vt 0.76562 0.72851
vt 0.77832 0.72851
vt 0.77832 0.71582
vt 0.78222 0.71582
vt 0.78222 0.72851
vt 0.79492 0.72851
vt 0.79492 0.71582
vt 0.79882 0.71582
vt 0.79882 0.72851
vt 0.81152 0.72851
vt 0.81152 0.71582
vt 0.81543 0.71582
vt 0.81543 0.72851
vt 0.82812 0.72851
vt 0.82812 0.71582
vt 0.83203 0.71582
vt 0.83203 0.72851
vt 0.84472 0.72851
vt 0.84472 0.71582
vt 0.84863 0.71582
vt 0.84863 0.72851
vt 0.86132 0.72851
vt 0.86132 0.71582
vt 0.86523 0.71582
vt 0.86523 0.72851
vt 0.87793 0.72851
vt 0.87793 0.71582
vt 0.88183 0.71582
vt 0.88183 0.72851
vt 0.89453 0.72851
vt 0.89453 0.71582
vt 0.89843 0.71582
vt 0.89843 0.72851
vt 0.91113 0.72851
vt 0.91113 0.71582
vt 0.91503 0.71582
vt 0.91503 0.72851
vt 0.92773 0.72851
vt 0.92773 0.71582
vt 0.93164 0.71582
vt 0.93164 0.72851
vt 0.94433 0.72851
vt 0.94433 0.71582
vt 0.94824 0.71582
vt 0.94824 0.72851
vt 0.96093 0.72851
vt 0.96093 0.71582
vt 0.96484 0.71582
vt 0.96484 0.72851
vt 0.97753 0.72851
vt 0.97753 0.71582
vt 0.98144 0.71582
vt 0.98144 0.72851
vt 0.99414 0.72851
vt 0.99414 0.71582
vt 0.00195 0.73242
vt 0.00195 0.74511
vt 0.01464 0.74511
vt 0.01464 0.73242
vt 0.01855 0.73242
vt 0.01855 0.74511
vt 0.03125 0.74511
vt 0.03125 0.73242
vt 0.03515 0.73242
vt 0.03515 0.74511
vt 0.04785 0.74511
vt 0.04785 0.73242
vt 0.05175 0.73242
vt 0.05175 0.74511
vt 0.06445 0.74511
vt 0.06445 0.73242
vt 0.06835 0.73242
vt 0.06835 0.74511
vt 0.08105 0.74511
vt 0.08105 0.73242
vt 0.08496 0.73242
vt 0.08496 0.74511
vt 0.09765 0.74511
vt 0.09765 0.73242
vt 0.10156 0.73242
vt 0.10156 0.74511
vt 0.11425 0.74511
vt 0.11425 0.73242
vt 0.11816 0.73242
vt 0.11816 0.74511
vt 0.13085 0.74511
vt 0.13085 0.73242
vt 0.13476 0.73242
vt 0.13476 0.74511
vt 0.14746 0.74511
vt 0.14746 0.73242
vt 0.15136 0.73242
vt 0.15136 0.74511
vt 0.16406 0.74511
vt 0.16406 0.73242
vt 0.16796 0.73242
vt 0.16796 0.74511
vt 0.18066 0.74511
vt 0.18066 0.73242
vt 0.18457 0.73242
vt 0.18457 0.74511
vt 0.19726 0.74511
vt 0.19726 0.73242
vt 0.20117 0.73242
vt 0.20117 0.74511
vt 0.21386 0.74511
vt 0.21386 0.73242
vt 0.21777 0.73242
vt 0.21777 0.74511
vt 0.23046 0.74511
vt 0.23046 0.73242
vt 0.23437 0.73242
vt 0.23437 0.74511
vt 0.24707 0.74511
vt 0.24707 0.73242
vt 0.25097 0.73242
vt 0.25097 0.74511
vt 0.26367 0.74511
vt 0.26367 0.73242
vt 0.26757 0.73242
vt 0.26757 0.74511
vt 0.28027 0.74511
vt 0.28027 0.73242
vt 0.28418 0.73242
vt 0.28418 0.74511
vt 0.29687 0.74511
vt 0.29687 0.73242
vt 0.30078 0.73242
vt 0.30078 0.74511
vt 0.31347 0.74511
vt 0.31347 0.73242
vt 0.31738 0.73242
vt 0.31738 0.74511
vt 0.33007 0.74511
vt 0.33007 0.73242
vt 0.33398 0.73242
vt 0.33398 0.74511
vt 0.34668 0.74511
vt 0.34668 0.73242
vt 0.35058 0.73242
vt 0.35058 0.74511
vt 0.36328 0.74511
vt 0.36328 0.73242
vt 0.36718 0.73242
vt 0.36718 0.74511
vt 0.37988 0.74511
vt 0.37988 0.73242
vt 0.38378 0.73242
vt 0.38378 0.74511
vt 0.39648 0.74511
vt 0.39648 0.73242
vt 0.40039 0.73242
vt 0.40039 0.74511
vt 0.41308 0.74511
vt 0.41308 0.73242
vt 0.41699 0.73242
vt 0.41699 0.74511
vt 0.42968 0.74511
vt 0.42968 0.73242
vt 0.43359 0.73242
vt 0.43359 0.74511
vt 0.44628 0.74511
vt 0.44628 0.73242
vt 0.45019 0.73242
vt 0.45019 0.74511
vt 0.46289 0.74511
vt 0.46289 0.73242
vt 0.46679 0.73242
vt 0.46679 0.74511
vt 0.47949 0.74511
vt 0.47949 0.73242
vt 0.48339 0.73242
vt 0.48339 0.74511
vt 0.49609 0.74511
vt 0.49609 0.73242
vt 0.5 0.73242
vt 0.5 0.74511
vt 0.51269 0.74511
vt 0.51269 0.73242
vt 0.5166 0.73242
vt 0.5166 0.74511
vt 0.52929 0.74511
vt 0.52929 0.73242
vt 0.5332 0.73242
vt 0.5332 0.74511
vt 0.54589 0.74511
vt 0.54589 0.73242
vt 0.5498 0.73242
vt 0.5498 0.74511
vt 0.5625 0.74511
vt 0.5625 0.73242
vt 0.5664 0.73242
vt 0.5664 0.74511
vt 0.5791 0.74511
vt 0.5791 0.73242
vt 0.583 0.73242
vt 0.583 0.74511
vt 0.5957 0.74511
vt 0.5957 0.73242
vt 0.5996 0.73242
vt 0.5996 0.74511
vt 0.6123 0.74511
vt 0.6123 0.73242
vt 0.61621 0.73242
vt 0.61621 0.74511
vt 0.6289 0.74511
vt 0.6289 0.73242
vt 0.63281 0.73242
vt 0.63281 0.74511
vt 0.6455 0.74511
vt 0.6455 0.73242
vt 0.64941 0.73242
vt 0.64941 0.74511
vt 0.6621 0.74511
vt 0.6621 0.73242
vt 0.66601 0.73242
vt 0.66601 0.74511
vt 0.67871 0.74511
vt 0.67871 0.73242
vt 0.68261 0.73242
vt 0.68261 0.74511
vt 0.69531 0.74511
vt 0.69531 0.73242
vt 0.69921 0.73242
vt 0.69921 0.74511
vt 0.71191 0.74511
vt 0.71191 0.73242
vt 0.71582 0.73242
vt 0.71582 0.74511
vt 0.72851 0.74511
vt 0.72851 0.73242
vt 0.73242 0.73242
vt 0.73242 0.74511
vt 0.74511 0.74511
vt 0.74511 0.73242
vt 0.74902 0.73242
vt 0.74902 0.74511
vt 0.76171 0.74511
vt 0.76171 0.73242
vt 0.76562 0.73242
vt 0.76562 0.74511
vt 0.77832 0.74511
vt 0.77832 0.73242
vt 0.78222 0.73242
vt 0.78222 0.74511
vt 0.79492 0.74511
vt 0.79492 0.73242
vt 0.79882 0.73242
vt 0.79882 0.74511
vt 0.81152 0.74511
vt 0.81152 0.73242
vt 0.81543 0.73242
vt 0.81543 0.74511
vt 0.82812 0.74511
vt 0.82812 0.73242
vt 0.83203 0.73242
vt 0.83203 0.74511
vt 0.84472 0.74511
vt 0.84472 0.73242
vt 0.84863 0.73242
vt 0.84863 0.74511
vt 0.86132 0.74511
vt 0.86132 0.73242
vt 0.86523 0.73242
vt 0.86523 0.74511
vt 0.87793 0.74511
vt 0.87793 0.73242
vt 0.88183 0.73242
vt 0.88183 0.74511
vt 0.89453 0.74511
vt 0.89453 0.73242
vt 0.89843 0.73242
vt 0.89843 0.74511
vt 0.91113 0.74511
vt 0.91113 0.73242
vt 0.91503 0.73242
vt 0.91503 0.74511
vt 0.92773 0.74511
vt 0.92773 0.73242
vt 0.93164 0.73242
vt 0.93164 0.74511
vt 0.94433 0.74511
vt 0.94433 0.73242
vt 0.94824 0.73242
vt 0.94824 0.74511
vt 0.96093 0.74511
vt 0.96093 0.73242
vt 0.96484 0.73242
vt 0.96484 0.74511
vt 0.97753 0.74511
vt 0.97753 0.73242
vt 0.98144 0.73242
vt 0.98144 0.74511
vt 0.99414 0.74511
vt 0.99414 0.73242
vt 0.00195 0.74902
vt 0.00195 0.76171
vt 0.01464 0.76171
vt 0.01464 0.74902
vt 0.01855 0.74902
vt 0.01855 0.76171
vt 0.03125 0.76171
vt 0.03125 0.74902
vt 0.03515 0.74902
vt 0.03515 0.76171
vt 0.04785 0.76171
vt 0.04785 0.74902
vt 0.05175 0.74902
vt 0.05175 0.76171
vt 0.06445 0.76171
vt 0.06445 0.74902
vt 0.06835 0.74902
vt 0.06835 0.76171
vt 0.08105 0.76171
vt 0.08105 0.74902
vt 0.08496 0.74902
vt 0.08496 0.76171
vt 0.09765 0.76171
vt 0.09765 0.74902
vt 0.10156 0.74902
vt 0.10156 0.76171
vt 0.11425 0.76171
vt 0.11425 0.74902
vt 0.11816 0.74902
vt 0.11816 0.76171
vt 0.13085 0.76171
vt 0.13085 0.74902
vt 0.13476 0.74902
vt 0.13476 0.76171
vt 0.14746 0.76171
vt 0.14746 0.74902
vt 0.15136 0.74902
vt 0.15136 0.76171
vt 0.16406 0.76171
vt 0.16406 0.74902
vt 0.16796 0.74902
vt 0.16796 0.76171
vt 0.18066 0.76171
vt 0.18066 0.74902
vt 0.18457 0.74902
vt 0.18457 0.76171
vt 0.19726 0.76171
vt 0.19726 0.74902
vt 0.20117 0.74902
vt 0.20117 0.76171
vt 0.21386 0.76171
vt 0.21386 0.74902
vt 0.21777 0.74902
vt 0.21777 0.76171
vt 0.23046 0.76171
vt 0.23046 0.74902
vt 0.23437 0.74902
vt 0.23437 0.76171
vt 0.24707 0.76171
vt 0.24707 0.74902
vt 0.25097 0.74902
vt 0.25097 0.76171
vt 0.26367 0.76171
vt 0.26367 0.74902
vt 0.26757 0.74902
vt 0.26757 0.76171
vt 0.28027 0.76171
vt 0.28027 0.74902
vt 0.28418 0.74902
vt 0.28418 0.76171
vt 0.29687 0.76171
vt 0.29687 0.74902
vt 0.31347 0.03125
vt 0.31347 0.01855
vt 0.26367 0.03125
vt 0.26367 0.01855
vt 0.43359 0.01855
vt 0.43359 0.03125
vt 0.84661 0.30098
vt 0.83229 0.31347
vt 0.83203 0.30078
vt 0.47374 0.06254
vt 0.47949 0.06445
vt 0.47949 0.05175
vt -0.00361 0.52487
vt -0.461 0.47658
vt 0.35087 2.87211
vt 0.36698 1
vt 0.00156 1.54194
vt 0.45242 0.583
vt 0.43987 1
vt 0.36591 1
vt 0.0415 1.0436
vt 0.8035 0.76056
vt 0.77509 0.77171
vt 0.28804 0.23041
vt 0.36757 0.38449
vt 0.69379 0.51712
vt 0.6892 0.4598
vt 0.58917 0.33856
vt 0.66454 0.69872
vt 0.7209 0.70892
vt 0.78052 0.45907
vt 0.83211 0.68604
vt 0.39537 0.65694
vt 0.4024 0.70847
vt 0.72878 0.59695
vt 0.7901 0.60989
vt 0.63649 0.51651
vt 0.62358 0.47916
vt 0.71266 0.33957
vt 0.53254 0.46573
vt 0.73726 0.65137
vt 0.80968 0.50156
vt 0.81217 0.71735
vt 0.54637 0.65946
vt 0.55011 0.68368
vt 0.57212 0.68231
vt 0.5261 0.52802
vt 0.83397 0.46654
vt 0.52162 0.56079
vt 0.52866 0.60476
vt 0.5337 0.57453
vt 0.81803 0.58259
vt 0.86376 0.71465
vt 0.85963 0.76416
vt 0.91562 0.55018
vt 0.88541 0.54866
vt 0.88519 0.58286
vt 0.87556 0.48601
vt 0.88329 0.51628
vt 0.90582 0.45885
vt 0.85588 0.39262
vt 0.76106 0.54293
vt 0.58926 0.43252
vt 0.78177 0.41623
vt 0.60057 0.40607
vt 0.64962 0.40327
vt 0.72415 0.44479
vt 0.56498 0.4043
vt 0.65483 0.45985
vt 0.6411 0.62236
vt 0.65141 0.63781
vt 0.659 0.61718
vt 0.58632 0.62483
vt 0.59051 0.62539
vt 0.59525 0.61448
vt 0.59213 0.61071
vt 0.61691 0.64929
vt 0.60359 0.65041
vt 0.59907 0.68155
vt 0.64885 0.60242
vt 0.60985 0.61131
vt 0.6104 0.60634
vt 0.62135 0.61729
vt 0.62417 0.61251
vt 0.61571 0.6425
vt 0.60557 0.64273
vt 0.60517 0.64644
vt 0.61686 0.64609
vt 0.59303 0.63584
vt 0.58982 0.63827
vt 0.56274 0.60118
vt 0.54674 0.54364
vt 0.54929 0.46587
vt 0.54982 0.63328
vt 0.58955 0.60643
vt 0.6099 0.60046
vt 0.62607 0.60555
vt 0.58278 0.64101
vt 0.58239 0.62389
vt 0.69299 0.83199
vt 0.80079 0.83184
vt 0.84023 0.84362
vt 0.86412 0.82991
vt 0.93559 0.73134
vt 0.91157 0.7792
vt 0.96575 0.55116
vt 0.95742 0.47782
vt 0.93927 0.47969
vt 0.9614 0.51385
vt 0.58259 0.54726
vt 0.70843 0.34431
vt 0.55851 0.74478
vt 0.53556 0.53868
vt 0.53413 0.53772
vt 0.53312 0.53797
vt 0.53167 0.53981
vt 0.61652 0.73527
vt 0.63831 0.72212
vt 0.88705 0.80878
vt 0.62317 0.64023
vt 0.62083 0.63707
vt 0.62575 0.64377
vt 0.54555 0.49403
vt 0.76856 0.58285
vt 0.76714 0.55933
vt 0.74704 0.56025
vt 0.75222 0.52102
vt 0.73013 0.52069
vt 0.74738 0.54045
vt 0.75132 0.56471
vt 0.75529 0.56158
vt 0.75442 0.54196
vt 0.77768 0.59667
vt 0.76503 0.56861
vt 0.76085 0.58127
vt 0.78701 0.56808
vt 0.78551 0.57725
vt 0.81875 0.35948
vt 0.76205 0.5749
vt 0.62739 0.63067
vt 0.62061 0.53097
vt 0.76298 0.57902
vt 0.7764 0.58694
vt 0.782 0.58208
vt 0.77014 0.56995
vt 0.76022 0.55965
vt 0.56559 0.44741
vt 0.62841 0.62321
vt 0.38072 1
vt 0.62793 0.62693
vt 0.62791 0.62693
vt 0.00041 0
g Group2
f 100/1 103/2 102/3 101/4
f 104/5 107/6 106/7 105/8
f 108/9 111/10 110/11 109/12
f 101/4 102/3 113/13 112/14
f 107/6 104/5 115/15 114/16
f 109/17 110/18 117/19 116/20
f 118/21 121/22 120/23 119/24
f 122/25 125/26 124/27 123/28
f 126/29 129/30 128/31 127/32
f 130/33 133/34 132/35 131/36
f 134/37 135/37 118/21 119/24
f 111/10 108/9 137/38 136/39
f 105/40 140/40 139/40 138/40
f 141/41 144/42 143/43 142/44
f 145/45 100/1 147/43 146/43
f 119/24 120/23 149/46 148/24
f 150/47 153/48 152/49 151/49
f 133/50 130/51 155/51 154/52
f 104/5 109/17 116/20 115/15
f 105/40 108/9 109/12 104/53
f 137/38 108/9 105/40 138/40
f 156/40 159/54 158/55 157/40
f 160/37 163/56 162/57 161/58
f 134/37 165/59 164/60 135/37
f 166/61 165/62 134/24 167/24
f 144/42 145/45 146/43 143/43
f 168/63 169/64 124/27 125/26
f 170/65 168/63 125/26 122/25
f 171/37 172/66 163/56 160/37
f 173/58 171/37 160/37 161/58
f 139/40 140/40 156/40 157/40
f 174/67 177/68 176/69 175/70
f 102/3 103/2 179/71 178/72
f 113/13 102/3 178/72 180/73
f 181/74 184/75 183/76 182/77
f 185/78 184/75 181/74 186/79
f 149/46 120/23 188/80 187/81
f 189/82 192/83 191/83 190/84
f 193/85 196/86 195/87 194/88
f 197/89 200/13 199/90 198/91
f 201/92 200/13 197/89 202/93
f 203/94 206/95 205/96 204/97
f 207/98 203/94 204/97 208/99
f 209/100 207/98 195/87 196/86
f 175/70 176/69 211/101 210/102
f 212/103 213/104 100/1 145/45
f 214/105 212/103 145/45 144/42
f 215/106 214/105 144/42 141/41
f 216/107 217/108 159/54 156/40
f 140/40 218/107 216/107 156/40
f 219/109 218/107 140/40 105/8
f 220/110 223/111 222/112 221/113
f 224/114 225/115 185/78 186/79
f 1/116 227/117 226/118 2/116
f 228/119 229/120 3/121 4/122
f 230/123 228/119 4/122 5/124
f 231/125 232/126 6/127 7/128
f 8/129 233/130 231/125 7/128
f 234/131 235/132 9/133 10/134
f 11/135 237/136 236/137 12/138
f 13/139 239/140 238/141 14/139
f 15/139 241/142 240/143 16/139
f 17/144 243/145 242/146 18/139
f 244/147 243/145 17/144 19/148
f 20/149 245/150 244/147 19/148
f 246/81 247/151 21/152 22/153
f 167/24 134/24 119/24 148/24
f 248/154 251/155 250/156 249/157
f 252/158 255/159 254/160 253/161
f 242/146 243/145 181/74 182/77
f 256/162 248/154 249/157 257/163
f 243/145 244/147 186/79 181/74
f 247/151 246/81 187/81 188/80
f 105/8 106/7 258/164 219/109
f 244/147 245/150 224/114 186/79
f 259/165 260/166 240/143 241/142
f 221/113 171/37 173/58 220/110
f 200/13 262/13 261/167 199/90
f 263/168 262/13 200/13 201/92
f 264/169 265/170 206/95 203/94
f 266/171 264/169 203/94 207/98
f 267/172 266/171 207/98 209/100
f 268/156 269/173 254/160 255/159
f 270/77 271/76 260/166 259/165
f 241/142 272/146 270/77 259/165
f 23/139 272/146 241/142 15/139
f 235/132 273/174 24/175 9/133
f 126/29 127/32 152/176 153/177
f 192/178 189/179 177/68 174/67
f 179/71 103/2 210/102 211/101
f 103/2 100/1 274/180 210/102
f 100/1 213/104 129/30 274/180
f 227/181 1/182 3/121 229/120
f 6/127 232/126 230/123 5/124
f 116/20 117/19 265/170 264/169
f 115/15 116/20 264/169 266/171
f 114/16 115/15 266/171 267/172
f 250/156 251/155 269/173 268/156
f 182/77 183/76 271/76 270/77
f 272/146 242/146 182/77 270/77
f 18/139 242/146 272/146 23/139
f 24/175 273/174 233/130 8/129
f 262/13 113/13 180/73 261/167
f 112/14 113/13 262/13 263/168
f 155/51 130/51 165/62 166/61
f 164/60 165/59 130/33 131/36
f 163/56 172/66 170/65 122/25
f 162/57 163/56 122/25 123/28
f 159/54 217/108 215/106 141/41
f 158/55 159/54 141/41 142/44
f 275/183 278/184 277/185 276/186
f 158/187 142/188 280/189 279/190
f 281/191 284/192 283/193 282/194
f 285/195 288/196 287/197 286/198
f 289/199 292/200 291/201 290/202
f 282/194 283/193 294/203 293/204
f 286/198 287/197 296/205 295/206
f 297/207 300/208 299/209 298/210
f 301/211 304/212 303/213 302/214
f 305/215 308/216 307/217 306/218
f 309/219 312/220 311/221 310/222
f 313/223 316/224 315/225 314/226
f 317/227 320/228 319/229 318/230
f 321/231 322/232 275/183 276/186
f 323/233 326/234 325/235 324/236
f 307/237 308/238 309/219 310/222
f 327/239 313/223 314/226 328/240
f 329/241 297/207 298/210 330/242
f 331/243 332/244 297/207 329/241
f 157/245 158/187 279/190 333/246
f 334/247 337/248 336/249 335/250
f 338/251 339/252 335/250 336/249
f 340/253 343/254 342/255 341/256
f 344/257 317/227 318/230 345/258
f 346/259 289/199 290/202 347/260
f 348/261 351/262 350/263 349/264
f 352/265 355/266 354/267 353/268
f 356/269 359/270 358/271 357/272
f 360/273 363/274 362/274 361/275
f 364/276 356/269 357/272 365/277
f 363/274 367/277 366/276 362/274
f 368/275 371/274 370/274 369/273
f 371/274 373/276 372/277 370/274
f 374/278 377/274 376/274 375/275
f 378/274 381/279 380/275 379/274
f 382/279 374/278 375/275 383/279
f 377/274 385/280 384/276 376/274
f 385/280 387/280 386/280 384/276
f 388/280 378/274 379/274 389/276
f 390/275 393/274 392/274 391/275
f 394/274 397/275 396/275 395/274
f 398/279 390/275 391/275 399/279
f 393/274 401/276 400/276 392/274
f 401/276 403/280 402/280 400/276
f 404/276 394/274 395/274 405/276
f 406/275 409/274 408/274 407/275
f 410/274 413/275 412/275 411/274
f 414/279 406/275 407/275 415/279
f 409/274 417/276 416/276 408/274
f 417/276 419/280 418/280 416/276
f 420/276 411/274 422/274 421/276
f 357/272 358/271 424/281 423/282
f 425/283 428/283 427/275 426/275
f 426/275 427/275 430/279 429/279
f 431/284 433/279 432/275 424/281
f 434/283 432/275 436/275 435/283
f 427/275 428/283 438/283 437/275
f 430/279 427/275 437/275 439/279
f 432/275 433/279 440/279 436/275
f 441/283 444/275 443/275 442/285
f 445/275 448/283 447/285 446/275
f 449/279 445/275 446/275 450/279
f 444/275 452/279 451/279 443/275
f 308/238 294/286 453/287 309/219
f 293/204 294/203 308/216 305/215
f 302/214 303/213 320/228 317/227
f 454/288 302/214 317/227 344/257
f 298/210 299/209 316/224 313/223
f 330/242 298/210 313/223 327/239
f 455/289 458/290 457/291 456/292
f 459/293 321/231 276/186 460/294
f 461/295 464/296 463/297 462/298
f 350/263 467/299 466/300 465/301
f 349/264 350/263 465/301 468/302
f 279/190 280/189 470/303 469/304
f 333/246 279/190 469/304 471/305
f 472/306 355/266 352/265 473/307
f 474/308 475/309 287/197 288/196
f 476/310 477/311 285/195 286/198
f 475/309 478/312 296/205 287/197
f 309/219 296/205 478/312 312/220
f 453/287 476/310 286/198 295/206
f 479/313 480/314 458/290 455/289
f 480/314 481/315 457/291 458/290
f 482/316 479/313 455/289 456/292
f 295/206 296/205 309/219 453/287
f 146/317 147/318 483/319 351/262
f 138/320 275/183 322/232 484/321
f 281/191 282/194 486/322 485/323
f 304/212 301/211 290/202 291/201
f 301/211 487/324 347/260 290/202
f 487/324 488/325 346/259 347/260
f 143/326 146/317 351/262 348/261
f 489/327 143/326 348/261 349/264
f 461/295 462/298 491/328 490/329
f 492/330 489/327 349/264 468/302
f 314/226 315/225 494/331 493/332
f 328/240 314/226 493/332 495/333
f 310/222 311/221 497/334 496/335
f 498/336 307/237 310/222 496/335
f 306/218 307/217 498/337 499/338
f 318/230 319/229 501/339 500/340
f 345/258 318/230 500/340 502/341
f 280/189 142/188 143/326 489/327
f 470/303 280/189 489/327 492/330
f 302/214 488/325 487/324 301/211
f 316/224 299/209 454/288 344/257
f 315/225 316/224 344/257 345/258
f 494/331 315/225 345/258 502/341
f 503/342 506/343 505/344 504/345
f 475/309 474/308 334/247 335/250
f 342/255 343/254 508/346 507/347
f 478/312 475/309 335/250 339/252
f 506/343 507/347 508/346 505/344
f 480/314 139/348 354/267 355/266
f 139/348 157/245 353/268 354/267
f 157/245 333/246 352/265 353/268
f 481/315 480/314 355/266 472/306
f 333/246 471/305 473/307 352/265
f 338/251 312/220 478/312 339/252
f 138/320 139/348 278/184 275/183
f 139/348 480/314 277/185 278/184
f 480/314 479/313 276/186 277/185
f 283/349 284/350 326/234 323/233
f 477/311 476/310 324/236 325/235
f 453/287 323/233 324/236 476/310
f 463/351 464/352 321/231 459/293
f 479/313 482/316 460/294 276/186
f 326/234 459/293 460/294 325/235
f 284/353 463/351 459/293 326/234
f 462/298 463/297 284/192 281/191
f 491/328 462/298 281/191 485/323
f 465/301 466/300 292/200 289/199
f 468/302 465/301 289/199 346/259
f 488/325 492/330 468/302 346/259
f 471/305 509/354 332/244 473/307
f 473/307 332/244 331/243 337/248
f 334/247 472/306 473/307 337/248
f 474/308 481/315 472/306 334/247
f 457/291 481/315 474/308 288/196
f 456/292 457/291 288/196 285/195
f 477/311 482/316 456/292 285/195
f 460/294 482/316 477/311 325/235
f 283/349 323/233 453/287 294/286
f 299/209 300/208 302/214 454/288
f 492/330 488/325 469/304 470/303
f 332/244 509/354 300/208 297/207
f 510/280 511/280 372/277 373/276
f 512/280 515/280 514/280 513/280
f 495/280 516/280 512/280 513/280
f 365/277 518/280 517/280 364/276
f 519/274 518/280 365/277 357/272
f 520/279 368/275 369/273 521/279
f 522/279 500/279 501/279 523/279
f 524/355 502/279 500/279 522/279
f 433/279 431/284 429/279 430/279
f 439/279 440/279 433/279 430/279
f 451/279 452/279 449/279 450/279
f 443/275 451/279 450/279 446/275
f 447/285 442/285 443/275 446/275
f 448/283 441/283 442/285 447/285
f 428/283 434/283 435/283 438/283
f 425/283 423/282 434/283 428/283
f 370/274 372/277 511/280 525/274
f 369/273 370/274 525/274 521/279
f 387/280 388/280 389/276 386/280
f 402/280 403/280 404/276 405/276
f 418/280 419/280 526/276 420/276
f 362/274 366/276 528/277 527/274
f 361/275 362/274 527/274 529/273
f 413/275 414/279 415/279 412/275
f 397/275 398/279 399/279 396/275
f 381/279 382/279 383/279 380/275
f 322/232 321/231 464/352 484/356
f 461/295 530/357 484/321 464/296
f 461/295 490/329 531/358 530/357
f 467/299 350/263 351/262 483/319
f 490/329 467/299 483/319 531/358
f 466/300 467/299 490/329 491/328
f 292/200 466/300 491/328 485/323
f 291/201 292/200 485/323 486/322
f 282/194 304/212 291/201 486/322
f 303/213 304/212 282/194 293/204
f 320/228 303/213 293/204 305/215
f 319/229 320/228 305/215 306/218
f 501/339 319/229 306/218 499/338
f 421/276 532/280 418/280 420/276
f 416/276 418/280 532/280 533/276
f 408/274 416/276 533/276 534/274
f 407/275 408/274 534/274 535/275
f 415/279 407/275 535/275 536/279
f 412/275 415/279 536/279 537/275
f 411/274 412/275 537/275 422/274
f 526/276 410/274 411/274 420/276
f 405/276 395/274 410/274 526/276
f 419/280 402/280 405/276 526/276
f 400/276 402/280 419/280 417/276
f 392/274 400/276 417/276 409/274
f 391/275 392/274 409/274 406/275
f 399/279 391/275 406/275 414/279
f 396/275 399/279 414/279 413/275
f 395/274 396/275 413/275 410/274
f 511/279 539/279 538/279 525/279
f 540/274 542/274 541/359 510/360
f 515/280 545/361 544/280 543/280
f 516/280 385/280 546/280 512/280
f 518/279 388/279 387/279 517/279
f 519/274 378/274 388/274 518/274
f 381/279 378/279 519/279 547/279
f 548/362 374/278 382/279 549/279
f 522/279 551/278 550/279 524/355
f 523/279 552/279 551/278 522/279
f 521/279 554/279 553/279 520/279
f 525/280 538/280 554/280 521/280
f 376/274 384/276 401/276 393/274
f 375/275 376/274 393/274 390/275
f 383/279 375/275 390/275 398/279
f 380/275 383/279 398/279 397/275
f 379/274 380/275 397/275 394/274
f 389/276 379/274 394/274 404/276
f 386/280 389/276 404/276 403/280
f 384/276 386/280 403/280 401/276
f 367/277 533/276 532/280 366/276
f 363/274 534/274 533/276 367/277
f 360/273 535/275 534/274 363/274
f 361/275 536/279 535/275 360/273
f 529/273 537/275 536/279 361/275
f 527/274 422/274 537/275 529/273
f 528/277 421/276 422/274 527/274
f 532/280 421/276 528/277 366/276
f 437/275 438/283 448/283 445/275
f 439/279 437/275 445/275 449/279
f 452/279 440/279 439/279 449/279
f 436/275 440/279 452/279 444/275
f 435/283 436/275 444/275 441/283
f 435/283 441/283 448/283 438/283
f 555/363 556/364 358/271 359/270
f 557/355 556/364 555/363 548/362
f 548/362 549/279 547/279 557/355
f 547/279 519/274 425/283 426/275
f 519/274 357/272 423/282 425/283
f 424/281 432/275 434/283 423/282
f 387/279 385/279 516/279 517/279
f 546/280 545/361 515/280 512/280
f 544/280 542/280 540/280 543/280
f 541/359 539/279 511/279 510/360
f 509/354 488/325 302/214 300/208
f 311/221 312/220 343/254 340/253
f 327/239 328/240 341/256 342/255
f 341/256 328/240 495/333 513/365
f 331/243 329/241 506/343 503/342
f 336/249 337/248 504/345 505/344
f 337/248 331/243 503/342 504/345
f 312/220 338/251 508/346 343/254
f 330/242 327/239 342/255 507/347
f 329/241 330/242 507/347 506/343
f 338/251 336/249 505/344 508/346
f 341/256 513/365 514/366 340/253
f 340/253 514/366 497/334 311/221
f 543/280 540/280 496/280 497/280
f 515/280 543/280 497/280 514/280
f 501/279 499/279 558/279 523/279
f 558/279 559/278 552/279 523/279
f 553/279 559/278 558/279 520/279
f 499/279 368/275 520/279 558/279
f 499/279 498/274 371/274 368/275
f 498/274 496/280 373/276 371/274
f 496/280 540/280 510/280 373/276
f 560/273 563/274 562/274 561/275
f 563/274 565/277 564/276 562/274
f 551/278 568/274 567/274 566/275
f 377/274 374/278 570/275 569/274
f 550/279 551/278 566/275 571/279
f 568/274 545/361 572/276 567/274
f 545/361 546/280 573/280 572/276
f 385/280 377/274 569/274 574/276
f 575/275 578/274 577/274 576/275
f 579/274 582/275 581/275 580/274
f 583/279 575/275 576/275 584/279
f 578/274 586/276 585/276 577/274
f 586/276 588/280 587/280 585/276
f 589/276 579/274 580/274 590/276
f 591/275 594/274 593/274 592/275
f 595/274 598/275 597/275 596/274
f 599/279 591/275 592/275 600/279
f 594/274 602/276 601/276 593/274
f 602/276 604/280 603/280 601/276
f 605/276 596/274 607/274 606/276
f 546/280 385/280 574/276 573/280
f 587/280 588/280 589/276 590/276
f 603/280 604/280 608/276 605/276
f 562/274 564/276 610/277 609/274
f 561/275 562/274 609/274 611/273
f 598/275 599/279 600/279 597/275
f 582/275 583/279 584/279 581/275
f 374/278 550/279 571/279 570/275
f 606/276 612/280 603/280 605/276
f 601/276 603/280 612/280 613/276
f 593/274 601/276 613/276 614/274
f 592/275 593/274 614/274 615/275
f 600/279 592/275 615/275 616/279
f 597/275 600/279 616/279 617/275
f 596/274 597/275 617/275 607/274
f 608/276 595/274 596/274 605/276
f 590/276 580/274 595/274 608/276
f 604/280 587/280 590/276 608/276
f 585/276 587/280 604/280 602/276
f 577/274 585/276 602/276 594/274
f 576/275 577/274 594/274 591/275
f 584/279 576/275 591/275 599/279
f 581/275 584/279 599/279 598/275
f 580/274 581/275 598/275 595/274
f 567/274 572/276 586/276 578/274
f 566/275 567/274 578/274 575/275
f 571/279 566/275 575/275 583/279
f 570/275 571/279 583/279 582/275
f 569/274 570/275 582/275 579/274
f 574/276 569/274 579/274 589/276
f 573/280 574/276 589/276 588/280
f 572/276 573/280 588/280 586/276
f 565/277 613/276 612/280 564/276
f 563/274 614/274 613/276 565/277
f 560/273 615/275 614/274 563/274
f 561/275 616/279 615/275 560/273
f 611/273 617/275 616/279 561/275
f 609/274 607/274 617/275 611/273
f 610/277 606/276 607/274 609/274
f 612/280 606/276 610/277 564/276
f 618/273 621/274 620/274 619/275
f 621/274 623/277 622/276 620/274
f 559/278 626/274 625/274 624/275
f 568/274 551/278 628/275 627/274
f 552/279 559/278 624/275 629/279
f 626/274 542/280 630/276 625/274
f 542/280 544/280 631/280 630/276
f 545/361 568/274 627/274 632/276
f 633/275 636/274 635/274 634/275
f 637/274 640/275 639/275 638/274
f 641/279 633/275 634/275 642/279
f 636/274 644/276 643/276 635/274
f 644/276 646/280 645/280 643/276
f 647/276 637/274 638/274 648/276
f 649/275 652/274 651/274 650/275
f 653/274 656/275 655/275 654/274
f 657/279 649/275 650/275 658/279
f 652/274 660/276 659/276 651/274
f 660/276 662/280 661/280 659/276
f 663/276 654/274 665/274 664/276
f 544/280 545/361 632/276 631/280
f 645/280 646/280 647/276 648/276
f 661/280 662/280 666/276 663/276
f 620/274 622/276 668/277 667/274
f 619/275 620/274 667/274 669/273
f 656/275 657/279 658/279 655/275
f 640/275 641/279 642/279 639/275
f 551/278 552/279 629/279 628/275
f 664/276 670/280 661/280 663/276
f 659/276 661/280 670/280 671/276
f 651/274 659/276 671/276 672/274
f 650/275 651/274 672/274 673/275
f 658/279 650/275 673/275 674/279
f 655/275 658/279 674/279 675/275
f 654/274 655/275 675/275 665/274
f 666/276 653/274 654/274 663/276
f 648/276 638/274 653/274 666/276
f 662/280 645/280 648/276 666/276
f 643/276 645/280 662/280 660/276
f 635/274 643/276 660/276 652/274
f 634/275 635/274 652/274 649/275
f 642/279 634/275 649/275 657/279
f 639/275 642/279 657/279 656/275
f 638/274 639/275 656/275 653/274
f 625/274 630/276 644/276 636/274
f 624/275 625/274 636/274 633/275
f 629/279 624/275 633/275 641/279
f 628/275 629/279 641/279 640/275
f 627/274 628/275 640/275 637/274
f 632/276 627/274 637/274 647/276
f 631/280 632/276 647/276 646/280
f 630/276 631/280 646/280 644/276
f 623/277 671/276 670/280 622/276
f 621/274 672/274 671/276 623/277
f 618/273 673/275 672/274 621/274
f 619/275 674/279 673/275 618/273
f 669/273 675/275 674/279 619/275
f 667/274 665/274 675/275 669/273
f 668/277 664/276 665/274 667/274
f 670/280 664/276 668/277 622/276
f 676/273 679/274 678/274 677/275
f 679/274 681/277 680/276 678/274
f 554/279 538/274 683/274 682/275
f 626/274 559/278 685/275 684/274
f 553/279 554/279 682/275 686/279
f 538/274 539/280 687/276 683/274
f 539/280 541/280 688/280 687/276
f 542/280 626/274 684/274 689/276
f 690/275 693/274 692/274 691/275
f 694/274 697/275 696/275 695/274
f 698/279 690/275 691/275 699/279
f 693/274 701/276 700/276 692/274
f 701/276 703/280 702/280 700/276
f 704/276 694/274 695/274 705/276
f 706/275 709/274 708/274 707/275
f 710/274 713/275 712/275 711/274
f 714/279 706/275 707/275 715/279
f 709/274 717/276 716/276 708/274
f 717/276 719/280 718/280 716/276
f 720/276 711/274 722/274 721/276
f 541/280 542/280 689/276 688/280
f 702/280 703/280 704/276 705/276
f 718/280 719/280 723/276 720/276
f 678/274 680/276 725/277 724/274
f 677/275 678/274 724/274 726/273
f 713/275 714/279 715/279 712/275
f 697/275 698/279 699/279 696/275
f 559/278 553/279 686/279 685/275
f 721/276 727/280 718/280 720/276
f 716/276 718/280 727/280 728/276
f 708/274 716/276 728/276 729/274
f 707/275 708/274 729/274 730/275
f 715/279 707/275 730/275 731/279
f 712/275 715/279 731/279 732/275
f 711/274 712/275 732/275 722/274
f 723/276 710/274 711/274 720/276
f 705/276 695/274 710/274 723/276
f 719/280 702/280 705/276 723/276
f 700/276 702/280 719/280 717/276
f 692/274 700/276 717/276 709/274
f 691/275 692/274 709/274 706/275
f 699/279 691/275 706/275 714/279
f 696/275 699/279 714/279 713/275
f 695/274 696/275 713/275 710/274
f 683/274 687/276 701/276 693/274
f 682/275 683/274 693/274 690/275
f 686/279 682/275 690/275 698/279
f 685/275 686/279 698/279 697/275
f 684/274 685/275 697/275 694/274
f 689/276 684/274 694/274 704/276
f 688/280 689/276 704/276 703/280
f 687/276 688/280 703/280 701/276
f 681/277 728/276 727/280 680/276
f 679/274 729/274 728/276 681/277
f 676/273 730/275 729/274 679/274
f 677/275 731/279 730/275 676/273
f 726/273 732/275 731/279 677/275
f 724/274 722/274 732/275 726/273
f 725/277 721/276 722/274 724/274
f 727/280 721/276 725/277 680/276
f 550/279 374/278 548/362 524/355
f 548/362 555/363 502/279 524/355
f 382/279 381/279 547/279 549/279
f 136/367 531/358 483/319 147/318
f 100/1 111/10 136/39 147/43
f 110/11 111/10 100/1 101/4
f 117/19 110/18 101/4 112/14
f 265/170 117/19 112/14 263/168
f 206/95 265/170 263/168 201/92
f 205/96 206/95 201/92 202/93
f 530/357 531/358 136/367 137/368
f 484/321 530/357 137/368 138/320
f 517/280 516/280 495/280 364/276
f 495/280 493/274 356/269 364/276
f 493/274 494/369 359/270 356/269
f 557/355 547/279 426/275 429/279
f 431/284 556/364 557/355 429/279
f 358/271 556/364 431/284 424/281
f 502/279 555/363 359/270 494/369
f 151/4 154/176 155/43 733/370
f 734/371 737/372 736/373 735/374
f 735/374 736/373 739/375 738/376
f 738/376 739/375 741/377 740/378
f 740/378 741/377 25/379 26/380
f 27/381 28/382 743/383 742/384
f 742/384 743/383 745/385 744/386
f 744/386 745/385 747/387 746/388
f 746/388 747/387 749/389 748/390
f 748/390 749/389 751/391 750/392
f 752/393 753/394 737/395 734/396
f 737/176 755/4 754/397 736/370
f 736/176 754/4 756/397 739/370
f 739/176 756/4 757/397 741/370
f 741/176 757/4 29/397 25/370
f 28/176 30/4 758/397 743/370
f 743/176 758/4 759/397 745/370
f 745/176 759/4 760/397 747/370
f 747/176 760/4 761/397 749/370
f 749/176 761/4 762/397 751/370
f 753/398 763/399 755/397 737/370
f 755/176 765/4 764/397 754/370
f 754/176 764/4 766/397 756/370
f 756/176 766/4 767/397 757/370
f 757/176 767/4 31/400 29/370
f 30/176 32/401 768/397 758/370
f 758/176 768/4 769/397 759/370
f 759/176 769/4 770/397 760/370
f 760/176 770/4 771/397 761/370
f 761/176 771/4 772/397 762/370
f 763/402 773/403 765/397 755/370
f 33/404 34/405 775/406 774/407
g Group46480
f 776/408 35/409 36/410 777/411
g Group2
f 778/412 781/413 780/414 779/415
f 782/416 785/417 784/418 783/419
f 37/420 38/421 787/422 786/423
f 788/424 791/425 790/426 789/427
f 792/428 795/429 794/430 793/431
f 796/432 799/433 798/434 797/435
f 800/436 803/437 802/438 801/439
f 781/413 796/432 797/435 780/414
g Group46480
f 804/440 807/441 806/442 805/443
f 39/444 40/445 809/446 808/447
g Group2
f 810/448 41/449 42/450 811/451
g Group46480
f 39/444 808/447 812/452 43/453
f 805/443 814/454 813/455 804/440
g Group2
f 815/456 818/457 817/458 816/459
f 819/460 44/461 45/462 820/463
f 821/464 46/465 47/466 822/467
f 823/468 826/469 825/470 824/471
f 827/472 830/473 829/474 828/475
f 831/476 834/477 833/478 832/479
f 835/480 831/476 832/479 836/481
f 837/482 835/480 836/481 838/483
f 839/484 842/485 841/486 840/487
f 843/488 846/489 845/490 844/491
f 847/492 850/493 849/494 848/495
f 148/496 149/497 852/498 851/499
f 851/499 853/500 167/501 148/496
f 854/502 855/503 793/431 794/430
f 856/504 854/502 794/430 785/417
f 857/505 856/504 785/417 782/416
f 858/506 861/507 860/508 859/509
f 862/510 865/511 864/512 863/513
f 48/514 33/404 774/407 866/515
g Group46480
f 812/452 869/516 868/517 867/518
f 870/519 813/455 814/454 871/520
g Group2
f 872/521 875/522 874/523 873/524
g Group46480
f 876/525 870/519 871/520 877/526
g Group2
f 878/527 881/528 880/529 879/530
f 882/531 884/532 883/533 878/527
f 885/534 888/535 887/536 886/537
g Group46480
f 889/538 892/539 891/540 890/541
f 893/542 869/516 812/452 808/447
f 809/446 894/543 893/542 808/447
g Group2
f 787/422 878/527 879/530 786/544
f 774/407 895/545 882/531 866/515
f 775/406 896/546 895/545 774/407
f 897/547 900/548 899/549 898/550
g Group46480
f 901/551 902/552 807/441 804/440
f 903/553 901/551 804/440 813/455
g Group2
f 904/554 907/555 906/556 905/557
f 908/558 911/559 910/560 909/561
f 3452/562 3453/563 914/564 913/565
f 916/566 899/549 918/567 917/568
f 918/567 899/549 900/548 919/569
f 907/555 904/554 921/570 920/571
f 909/561 910/560 923/572 922/573
f 914/564 3453/563 3445/574 924/575
f 924/575 3445/574 3446/576 926/577
f 928/578 3449/579 3450/580 929/581
f 930/582 3451/583 3452/562 913/565
f 932/584 922/573 923/572 933/585
f 934/586 935/587 819/460 820/463
f 936/588 937/589 821/464 822/467
f 800/436 49/590 50/591 938/592
f 939/593 940/594 935/587 934/586
f 936/588 932/584 933/585 937/589
f 941/595 810/448 811/451 942/596
g Group46480
f 943/597 776/408 777/411 944/598
f 812/452 867/518 51/599 43/453
g Group2
f 938/592 50/591 46/465 821/464
f 937/589 945/600 938/592 821/464
f 933/585 946/601 945/600 937/589
f 923/572 947/602 946/601 933/585
f 910/560 925/603 915/604 923/572
f 911/559 927/605 925/603 910/560
f 946/601 931/606 803/437 945/600
f 923/572 915/604 912/607 947/602
f 820/463 45/462 41/449 810/448
f 948/608 941/595 942/596 949/609
g Group46480
f 950/610 943/597 944/598 951/611
g Group2
f 952/612 955/613 954/614 953/615
f 956/616 957/617 954/614 955/613
f 958/618 959/619 957/617 956/616
f 960/620 963/621 962/622 961/623
f 964/624 967/625 966/626 965/627
f 968/628 964/624 965/627 969/629
f 970/630 968/628 969/629 971/631
f 972/632 975/633 974/634 973/635
f 976/636 979/637 978/638 977/639
f 980/640 983/641 982/642 981/643
f 187/644 246/645 985/646 984/647
f 824/471 825/470 908/558 986/648
f 986/648 908/558 909/561 987/649
f 987/649 909/561 922/573 988/650
f 940/594 988/650 922/573 932/584
f 935/587 940/594 932/584 936/588
f 935/587 936/588 822/467 819/460
f 47/466 44/461 819/460 822/467
f 989/651 990/652 875/522 816/459
f 985/646 980/640 981/643 984/647
f 991/653 952/612 953/615 992/654
f 948/608 939/593 934/586 941/595
f 3500/655 3499/656 3501/657 3502/658
f 934/586 998/659 997/660 941/595
f 941/595 997/660 999/661 810/448
f 810/448 999/661 1000/662 820/463
f 820/463 1000/662 998/659 934/586
f 998/659 993/663 994/664 997/660
f 997/660 994/664 995/665 999/661
f 999/661 995/665 996/666 1000/662
f 1000/662 996/666 993/663 998/659
f 992/654 801/439 802/438 991/653
f 900/548 1002/667 1001/668 919/569
f 897/547 1003/669 1002/667 900/548
f 967/625 1005/670 1004/671 966/626
f 784/418 785/417 794/430 795/429
f 3448/672 3449/579 928/578 1007/673
f 898/550 899/549 916/566 1006/674
f 907/555 783/419 784/418 906/556
f 783/419 907/555 920/571 825/470
g Group46480
f 1008/675 777/411 36/410 52/676
f 1009/677 944/598 777/411 1008/675
f 1010/678 951/611 944/598 1009/677
f 889/538 890/541 1012/679 1011/680
f 1013/681 885/534 1015/682 1014/683
g Group2
f 942/596 1017/684 1016/685 949/609
f 811/451 1018/686 1017/684 942/596
f 42/450 53/687 1018/686 811/451
f 1019/688 1020/689 902/552 901/551
f 1021/690 1019/688 901/551 903/553
g Group46480
f 881/528 870/519 876/525 880/529
f 1022/691 880/529 876/525 1023/692
f 54/693 55/694 1022/691 1023/692
f 870/519 881/528 903/553 813/455
g Group2
f 1021/690 863/513 864/512 1019/688
f 866/515 882/531 878/527 787/422
f 38/421 48/514 866/515 787/422
f 791/425 827/472 828/475 790/426
f 1024/695 1027/696 1026/697 1025/698
f 830/473 778/412 779/415 829/474
f 817/458 1028/699 989/651 816/459
f 1029/700 861/507 858/506 1030/701
f 1031/702 1034/703 1033/704 1032/705
f 780/414 856/504 857/505 779/415
f 823/468 1036/706 1035/707 826/469
f 1037/708 1038/709 864/512 865/511
f 1039/710 1040/711 1036/706 823/468
f 826/469 1035/707 1041/712 782/416
f 782/416 1041/712 1042/713 857/505
f 790/426 1044/714 1043/715 789/427
f 828/475 1045/716 1044/714 790/426
f 829/474 1046/717 1045/716 828/475
f 779/415 1047/718 1046/717 829/474
f 1042/713 1047/718 779/415 857/505
f 1048/719 1051/720 1050/721 1049/722
f 1052/723 1054/724 1053/725 1037/708
f 1037/708 1053/725 1055/726 1040/711
f 1040/711 1055/726 1056/727 1036/706
f 1035/707 1058/728 1057/729 1041/712
f 1041/712 1057/729 1059/730 1042/713
f 1044/714 1061/731 1060/732 1043/715
f 1043/715 1060/732 1054/724 1052/723
f 1045/716 1062/733 1061/731 1044/714
f 1046/717 1063/734 1062/733 1045/716
f 1047/718 1064/735 1063/734 1046/717
f 1042/713 1059/730 1064/735 1047/718
f 1034/703 1066/736 1050/721 1065/737
f 1054/724 858/506 859/509 1053/725
f 1053/725 859/509 860/508 1055/726
f 1067/738 1070/739 1069/740 1068/741
f 1071/742 1074/743 1073/744 1072/745
f 1072/745 1073/744 1076/746 1075/747
f 1077/748 1080/749 1079/750 1078/751
f 1081/752 1082/753 1080/749 1077/748
f 1083/754 1084/755 1082/753 1081/752
f 1085/756 1086/757 1084/755 1083/754
f 1075/747 1076/746 1086/757 1085/756
f 733/758 873/524 874/523 1087/759
f 874/523 875/522 990/652 1088/760
f 1087/759 874/523 1088/760 1089/761
f 775/406 1090/762 1089/761 896/546
f 1088/760 895/545 896/546 1089/761
f 990/652 1091/763 895/545 1088/760
f 989/651 1028/699 1093/764 1092/765
f 989/651 1092/765 1091/763 990/652
f 884/532 862/510 863/513 883/533
f 878/527 883/533 863/513 1021/690
f 881/528 878/527 1021/690 903/553
f 1090/762 1094/766 1087/759 1089/761
f 1095/767 1096/768 155/769 166/770
f 155/769 1096/768 873/524 733/758
f 816/459 875/522 872/521 815/456
g Group46480
f 806/442 1098/771 1097/772 805/443
g Group2
f 1028/699 1043/715 1052/723 1093/764
f 846/489 839/484 840/487 845/490
f 979/637 972/632 973/635 978/638
f 789/427 1043/715 1028/699 817/458
f 818/457 788/424 789/427 817/458
f 850/493 843/488 844/491 849/494
f 983/641 976/636 977/639 982/642
f 872/521 873/524 1096/768 1095/767
f 851/499 852/498 847/492 848/495
f 853/500 1095/767 166/770 167/501
f 815/456 872/521 1095/767 853/500
f 851/499 848/495 815/456 853/500
f 849/494 818/457 815/456 848/495
f 844/491 788/424 818/457 849/494
f 845/490 791/425 788/424 844/491
f 840/487 827/472 791/425 845/490
f 841/486 830/473 827/472 840/487
f 836/481 781/413 778/412 838/483
f 832/479 796/432 781/413 836/481
f 833/478 799/433 796/432 832/479
f 1005/670 963/621 960/620 1004/671
g Group46480
f 1099/773 56/774 35/409 776/408
f 1100/775 1099/773 776/408 943/597
f 1101/776 1100/775 943/597 950/610
g Group2
f 53/687 57/777 1102/778 1018/686
f 1103/779 1017/684 1018/686 1102/778
f 1104/780 1016/685 1017/684 1103/779
f 1105/781 1074/743 1071/742 1106/782
f 784/418 897/547 898/550 906/556
f 906/556 898/550 1006/674 905/557
f 3447/783 3448/672 1007/673 1107/784
f 826/469 782/416 783/419 825/470
f 920/571 911/559 908/558 825/470
f 921/570 927/605 911/559 920/571
g Group46480
f 890/541 951/611 1010/678 1012/679
f 891/540 950/610 951/611 890/541
g Group2
f 887/536 888/535 1016/685 1104/780
f 1108/785 1109/786 1098/771 806/442
f 807/441 1110/787 1108/785 806/442
f 902/552 1111/788 1110/787 807/441
f 1020/689 1112/789 1111/788 902/552
f 1038/709 1039/710 1112/789 1020/689
f 1037/708 1040/711 1039/710 1038/709
f 988/650 940/594 939/593 1113/790
f 1110/787 987/649 988/650 1108/785
f 1111/788 986/648 987/649 1110/787
f 1112/789 824/471 986/648 1111/788
f 1039/710 823/468 824/471 1112/789
f 888/535 885/534 1013/681 1114/791
f 988/650 1113/790 1109/786 1108/785
f 1016/685 888/535 1114/791 949/609
f 838/483 778/412 830/473 841/486
f 842/485 837/482 838/483 841/486
f 975/633 970/630 971/631 974/634
g Group46480
f 885/534 886/537 1115/792 1015/682
f 1015/682 1115/792 892/539 889/538
f 1015/682 889/538 1011/680 1014/683
f 1097/772 1116/793 814/454 805/443
f 871/520 814/454 1116/793 1117/794
f 1118/795 1101/776 950/610 891/540
f 892/539 1115/792 1118/795 891/540
g Group2
f 926/577 1120/796 1119/797 924/575
f 924/575 1119/797 1121/798 914/564
f 914/564 1121/798 1122/799 913/565
f 913/565 1122/799 1123/800 930/582
f 930/582 1123/800 1124/801 929/581
f 929/581 1124/801 1125/802 928/578
f 928/578 1125/802 1126/803 1007/673
f 1007/673 1126/803 1127/804 1107/784
f 1107/784 1127/804 1120/796 926/577
f 852/498 149/497 187/644 984/647
f 847/492 852/498 984/647 981/643
f 850/493 847/492 981/643 982/642
f 843/488 850/493 982/642 977/639
f 846/489 843/488 977/639 978/638
f 839/484 846/489 978/638 973/635
f 842/485 839/484 973/635 974/634
f 837/482 842/485 974/634 971/631
f 835/480 837/482 971/631 969/629
f 831/476 835/480 969/629 965/627
f 834/477 831/476 965/627 966/626
f 833/478 834/477 966/626 1004/671
f 960/620 799/433 833/478 1004/671
f 798/434 799/433 960/620 961/623
f 956/616 793/431 855/503 958/618
f 955/613 792/428 793/431 956/616
f 1128/805 792/428 955/613 952/612
f 991/653 1001/668 1128/805 952/612
f 802/438 919/569 1001/668 991/653
f 803/437 918/567 919/569 802/438
f 917/568 918/567 803/437 931/606
f 930/582 929/581 3450/580 3451/583
f 953/615 58/806 59/807 992/654
f 954/614 60/808 58/806 953/615
f 957/617 61/809 60/810 954/614
f 959/619 62/811 61/809 957/617
f 963/621 63/812 64/813 962/622
f 65/814 63/812 963/621 1005/670
f 66/815 65/814 1005/670 967/625
f 67/816 66/815 967/625 964/624
f 68/817 67/816 964/624 968/628
f 69/818 68/817 968/628 970/630
f 70/819 69/818 970/630 975/633
f 71/820 70/819 975/633 972/632
f 72/821 71/820 972/632 979/637
f 73/822 72/821 979/637 976/636
f 74/823 73/822 976/636 983/641
f 75/824 74/823 983/641 980/640
f 780/414 797/435 854/502 856/504
f 798/434 855/503 854/502 797/435
f 855/503 798/434 961/623 958/618
f 962/622 959/619 958/618 961/623
f 64/813 62/811 959/619 962/622
f 1058/728 1071/742 1072/745 1057/729
f 1129/825 1131/826 1130/827 1074/743
f 1057/729 1072/745 1075/747 1059/730
f 1132/828 1076/746 1073/744 1133/829
f 1061/731 1077/748 1078/751 1060/732
f 1054/724 1060/732 1078/751 1079/750
f 1030/701 1079/750 1080/749 1029/700
f 1062/733 1081/752 1077/748 1061/731
f 1029/700 1080/749 1082/753 1134/830
f 1063/734 1083/754 1081/752 1062/733
f 1134/830 1082/753 1084/755 1135/831
f 1064/735 1085/756 1083/754 1063/734
f 1135/831 1084/755 1086/757 1136/832
f 1059/730 1075/747 1085/756 1064/735
f 1136/832 1086/757 1076/746 1132/828
f 1137/833 1105/781 1106/782 1138/834
f 1138/834 1106/782 1071/742 1058/728
f 1129/825 1074/743 1105/781 1137/833
f 1030/701 858/506 1054/724 1079/750
f 861/507 1069/740 1070/739 860/508
f 1137/833 1139/835 1131/826 1129/825
f 1133/829 1130/827 1140/836 1132/828
f 1134/830 1142/837 1141/838 1029/700
f 1029/700 1141/838 1069/740 861/507
f 1135/831 1143/839 1142/837 1134/830
f 1138/834 1144/840 1139/835 1137/833
f 1136/832 1145/841 1143/839 1135/831
f 1132/828 1140/836 1145/841 1136/832
f 1051/720 1146/842 1065/737 1050/721
f 1055/726 1067/738 1068/741 1056/727
f 860/508 1070/739 1067/738 1055/726
f 1146/842 1033/704 1034/703 1065/737
f 1128/805 1001/668 1002/667 1003/669
f 1128/805 1003/669 795/429 792/428
f 1139/835 1024/695 1025/698 1131/826
f 1131/826 1025/698 1026/697 1130/827
f 1130/827 1026/697 1027/696 1140/836
f 1142/837 1031/702 1032/705 1141/838
f 1141/838 1032/705 1033/704 1069/740
f 1140/836 1027/696 1147/843 1145/841
f 1036/706 1048/719 1049/722 1035/707
f 1035/707 1049/722 1050/721 1058/728
f 1056/727 1051/720 1048/719 1036/706
f 1058/728 1050/721 1066/736 1138/834
f 1138/834 1066/736 1034/703 1144/840
f 1068/741 1146/842 1051/720 1056/727
f 1069/740 1033/704 1146/842 1068/741
f 784/418 795/429 1003/669 897/547
f 1144/840 1034/703 1031/702 1139/835
f 1031/702 1142/837 1024/695 1139/835
f 1147/843 1027/696 1024/695 1142/837
f 1143/839 1145/841 1147/843 1142/837
f 1073/744 1074/743 1130/827 1133/829
g Group46480
f 1148/844 871/520 1117/794 1149/845
f 877/526 871/520 1148/844 894/543
f 1150/846 877/526 894/543 809/446
f 40/445 76/847 1150/846 809/446
f 869/516 1148/844 1149/845 868/517
f 894/543 1148/844 869/516 893/542
g Group2
f 59/807 77/848 801/439 992/654
f 801/439 77/848 49/590 800/436
f 1113/790 939/593 948/608 949/609
f 1013/681 1098/771 1109/786 1114/791
g Group46480
f 1014/683 1097/772 1098/771 1013/681
f 1011/680 1116/793 1097/772 1014/683
f 1012/679 1117/794 1116/793 1011/680
f 1010/678 1149/845 1117/794 1012/679
f 1009/677 868/517 1149/845 1010/678
f 1008/675 867/518 868/517 1009/677
f 52/676 51/599 867/518 1008/675
g Group2
f 78/849 75/824 980/640 985/646
f 246/645 22/850 78/849 985/646
f 775/176 34/370 2/397 226/4
f 733/176 1087/370 150/397 151/4
f 1090/176 775/370 226/397 190/4
f 1087/176 1094/182 191/851 150/4
f 1094/182 1090/370 190/397 191/851
f 1107/784 926/577 3446/576 3447/852
f 1113/790 949/609 1114/791 1109/786
f 800/436 938/592 945/600 803/437
f 947/602 912/607 931/606 946/601
g Group46480
f 76/847 54/693 1023/692 1150/846
f 1023/692 876/525 877/526 1150/846
g Group2
f 895/545 1091/763 884/532 882/531
f 1091/763 1092/765 862/510 884/532
f 1092/765 1093/764 865/511 862/510
f 1093/764 1052/723 1037/708 865/511
f 864/512 1038/709 1020/689 1019/688
f 786/544 879/530 880/529 1022/691
f 55/853 37/420 786/423 1022/854
g Group46480
f 56/176 1099/370 1151/855 79/856
f 1099/176 1100/370 1152/857 1151/858
f 1100/176 1101/370 1153/859 1152/860
f 1154/861 771/4 770/397 1153/859
f 1155/862 772/4 771/397 1154/863
g Group2
f 1102/778 57/777 80/864 1156/865
f 1103/779 1102/778 1156/865 1157/866
f 1104/780 1103/779 1157/866 1158/867
g Group46480
f 886/537 887/536 1160/868 1159/537
g Group2
f 887/536 1104/780 1158/867 1160/868
g Group46480
f 1115/176 1155/862 1154/863 1118/370
f 1118/176 1154/861 1153/859 1101/370
f 1152/860 1153/859 770/397 769/4
f 1151/858 1152/857 769/397 768/4
f 79/856 1151/855 768/397 32/401
g Group2
f 1156/176 80/370 31/400 767/4
f 1157/176 1156/370 767/397 766/4
f 1158/176 1157/370 766/397 764/4
f 1160/176 1158/370 764/397 765/4
f 1159/869 1160/370 765/397 773/403
f 762/176 772/4 773/403 763/402
f 751/176 762/4 763/399 753/398
f 750/392 751/391 753/394 752/393
g Group46480
f 1115/176 886/370 1159/397 1155/4
f 772/370 1155/870 1159/869 773/403
g Group2
f 191/83 192/83 153/48 150/47
f 126/29 153/177 192/178 174/67
f 132/35 1161/871 169/64 168/63
f 131/36 132/35 168/63 170/65
f 172/66 164/60 131/36 170/65
f 135/37 164/60 172/66 171/37
f 118/21 135/37 171/37 221/113
f 221/113 222/112 121/22 118/21
f 188/80 120/23 225/115 224/114
f 245/150 247/151 188/80 224/114
f 21/152 247/151 245/150 20/149
f 16/139 240/143 239/140 13/139
f 252/158 253/161 196/86 193/85
f 254/160 209/100 196/86 253/161
f 269/173 267/172 209/100 254/160
f 251/155 114/16 267/172 269/173
f 248/154 107/6 114/16 251/155
f 106/7 107/6 248/154 256/162
f 258/164 106/7 256/162 257/163
f 222/112 223/111 185/78 225/115
f 121/22 222/112 225/115 120/23
f 195/87 207/98 208/99 1162/872
f 194/88 195/87 1162/872 1163/873
f 14/139 238/141 1164/874 81/139
f 1165/875 1168/876 1167/156 1166/877
f 82/878 1169/879 237/136 11/135
f 1170/880 234/131 10/134 83/881
f 1171/882 197/89 198/91 1172/883
f 202/93 197/89 1171/882 1173/884
f 1174/885 205/96 202/93 1173/884
f 204/97 205/96 1174/885 1175/17
f 208/99 204/97 1175/17 1176/886
f 1162/872 208/99 1176/886 1168/876
f 1163/873 1162/872 1168/876 1165/875
f 81/139 1164/874 1169/879 82/878
f 1172/883 1178/887 1177/888 1171/882
f 1172/883 198/91 234/131 1170/880
f 198/91 199/90 235/132 234/131
f 199/90 261/167 273/174 235/132
f 233/130 273/174 261/167 180/73
f 231/125 233/130 180/73 178/72
f 178/72 179/71 232/126 231/125
f 230/123 232/126 179/71 211/101
f 211/101 176/69 228/119 230/123
f 176/69 177/68 229/120 228/119
f 189/179 227/181 229/120 177/68
f 226/118 227/117 189/82 190/84
f 84/889 1179/890 1170/880 83/881
f 1176/886 1180/891 1167/156 1168/876
f 152/49 133/50 154/52 151/49
f 132/35 133/34 152/176 127/32
f 469/304 488/325 509/354 471/305
f 1169/879 1165/875 1166/877 237/136
f 1164/874 1163/873 1165/875 1169/879
f 238/141 194/88 1163/873 1164/874
f 239/140 193/85 194/88 238/141
f 240/143 252/158 193/85 239/140
f 240/143 260/166 255/159 252/158
f 271/76 268/156 255/159 260/166
f 183/76 250/156 268/156 271/76
f 249/157 250/156 183/76 184/75
f 257/163 249/157 184/75 185/78
f 223/111 258/164 257/163 185/78
f 219/109 258/164 223/111 220/110
f 220/110 173/58 218/107 219/109
f 216/107 218/107 173/58 161/58
f 161/58 162/57 217/108 216/107
f 215/106 217/108 162/57 123/28
f 123/28 124/27 214/105 215/106
f 124/27 169/64 212/103 214/105
f 169/64 1161/871 213/104 212/103
f 129/30 213/104 1161/871 128/31
f 128/31 1161/871 132/35 127/32
f 174/67 274/180 129/30 126/29
f 274/180 174/67 175/70 210/102
f 1186/892 1188/893 1187/894 1185/895
f 1190/896 1194/897 1193/898 1189/899
f 1191/900 1194/901 1190/902 1771/903
f 1195/904 1191/905 1192/906 1196/907
f 1195/908 1193/909 1194/910 1191/911
f 1193/912 1195/913 1198/914 1197/915
f 1199/916 1193/917 1197/918 1200/919
f 1199/920 1200/921 1202/922 1201/923
f 1200/924 1204/925 1203/926 1202/927
f 1205/928 1206/929 1197/930 1198/931
f 1206/932 1204/933 1200/934 1197/935
f 1204/936 1206/937 1208/938 1207/939
f 1198/940 1210/941 1209/942 1205/943
f 1210/944 1198/945 1195/946 1196/947
f 1210/948 1196/949 1212/950 1211/951
f 1211/952 1213/953 1209/954 1210/955
f 1211/956 1215/957 1214/958 1213/959
f 1192/960 1216/961 1212/962 1196/963
f 1220/964 1212/965 1216/966 1219/967
f 1212/968 1220/969 1215/970 1211/971
f 1221/972 1224/973 1223/974 1222/975
f 1224/976 1215/977 1220/978 1223/979
f 1217/980 1223/981 1220/982 1219/983
f 1222/984 1223/985 1217/986 1218/987
f 1224/988 1225/989 1214/990 1215/991
f 1226/992 1225/993 1224/994 1221/995
f 1227/996 1230/997 1229/998 1228/999
f 1227/1000 1232/1001 1231/1002 1230/1003
f 1227/1004 1234/1005 1233/1006 1232/1007
f 1228/1008 1235/1009 1234/1010 1227/1011
f 1228/1012 1237/1013 1236/1014 1235/1015
f 1228/1016 1229/1017 1238/1018 1237/1019
f 1225/1020 1226/1021 1237/1022 1238/1023
f 1226/1024 1239/1025 1236/1026 1237/1027
f 1240/1028 1236/1029 1239/1030 1241/1031
f 1242/1032 1235/1033 1236/1034 1240/1035
f 1243/1036 1239/1037 1226/1038 1221/1039
f 1243/1040 1244/1041 1241/1042 1239/1043
f 1245/1044 1222/1045 1218/1046 1181/1047
f 1221/1048 1222/1049 1245/1050 1243/1051
f 1244/1052 1243/1053 1245/1054 1246/1055
f 1182/1056 1246/1057 1245/1058 1181/1059
f 1183/1060 1247/1061 1246/1062 1182/1063
f 1183/1064 1184/1065 1248/1066 1247/1067
f 1185/1068 1187/1069 1248/1070 1184/1071
f 1248/1072 1187/1073 1250/1074 1249/1075
f 1247/1076 1248/1077 1249/1078 1251/1079
f 1244/1080 1246/1081 1247/1082 1251/1083
f 1251/1084 1249/1085 1253/1086 1252/1087
f 1254/1088 1241/1089 1244/1090 1251/1091
f 1255/1092 1240/1093 1241/1094 1254/1095
f 1240/1096 1255/1097 1256/1098 1242/1099
f 1254/1100 1258/1101 1257/1102 1255/1103
f 1258/1104 1254/1105 1251/1106 1252/1107
f 1259/1108 1257/1109 1258/1110 1252/1111
f 1256/1112 1255/1113 1257/1114 1260/1115
f 1242/1116 1261/1117 1234/1118 1235/1119
f 1262/1120 1261/1121 1242/1122 1256/1123
f 85/1124 1261/1125 1262/1126 86/1127
f 87/1128 1234/1129 1261/1130 85/1131
f 1233/1132 1234/1133 87/1134 88/1135
f 1263/1136 1264/1137 1188/1138 1189/1139
f 1264/1140 1250/1141 1187/1142 1188/1143
f 1199/1144 1201/1145 1189/1146 1193/1147
f 1263/1148 1189/1149 1201/1150 1202/1151
f 1265/1152 1263/1153 1202/1154 1203/1155
f 1266/1156 1264/1157 1263/1158 1265/1159
f 1250/1160 1264/1161 1266/1162 1267/1163
f 1267/1164 1253/1165 1249/1166 1250/1167
f 1203/1168 1269/1169 1268/1170 1265/1171
f 1207/1172 1269/1173 1203/1174 1204/1175
f 1270/1176 1271/1177 1269/1178 1207/1179
f 1272/1180 1268/1181 1269/1182 1271/1183
f 1273/1184 1262/1185 1256/1186 1260/1187
f 1262/1188 1273/1189 89/1190 86/1191
f 1273/1192 1274/1193 90/1194 89/1195
f 1275/1196 1260/1197 1257/1198 1259/1199
f 1275/1200 1274/1201 1273/1202 1260/1203
f 90/1204 1274/1205 1276/1206 91/1207
f 1252/1208 1253/1209 1277/1210 1259/1211
f 1253/1212 1267/1213 1278/1214 1277/1215
f 1268/1216 1272/1217 1280/1218 1279/1219
f 1281/1220 1265/1221 1268/1222 1279/1223
f 1266/1224 1265/1225 1281/1226 1282/1227
f 1266/1228 1282/1229 1278/1230 1267/1231
f 1283/1232 1275/1233 1259/1234 1277/1235
f 1284/1236 1274/1237 1275/1238 1283/1239
f 1285/1240 1276/1241 1274/1242 1284/1243
f 1285/1244 92/1245 91/1246 1276/1247
f 1285/1248 1286/1249 93/1250 92/1251
f 1284/1252 1287/1253 1286/1254 1285/1255
f 1283/1256 1288/1257 1287/1258 1284/1259
f 1277/1260 1278/1261 1288/1262 1283/1263
f 1289/1264 1288/1265 1278/1266 1282/1267
f 1290/1268 1287/1269 1288/1270 1289/1271
f 1290/1272 1291/1273 1286/1274 1287/1275
f 1282/1276 1281/1277 1292/1278 1289/1279
f 1290/1280 1289/1281 1292/1282 1293/1283
f 1291/1284 1290/1285 1293/1286 1294/1287
f 1291/1288 94/1289 93/1290 1286/1291
f 1293/1292 1296/1293 1295/1294 1294/1295
f 1292/1296 1297/1297 1296/1298 1293/1299
f 1281/1300 1279/1301 1297/1302 1292/1303
f 1298/1304 1297/1305 1279/1306 1280/1307
f 1299/1308 1297/1309 1298/1310 1300/1311
f 1301/1312 1296/1313 1297/1314 1299/1315
f 1302/1316 1295/1317 1296/1318 1301/1319
f 1303/1320 1301/1321 1299/1322 1304/1323
f 1305/1324 1302/1325 1301/1326 1303/1327
f 1306/1328 1280/1329 1272/1330 1307/1331
f 1270/1332 1307/1333 1272/1334 1271/1335
f 1208/1336 1307/1337 1270/1338 1207/1339
f 1303/1340 1308/1341 1174/1342 1305/1343
f 1304/1344 1309/1345 1308/1346 1303/1347
f 1304/1348 1311/1349 1310/1350 1309/1351
f 1300/1352 1311/1353 1304/1354 1299/1355
f 1300/1356 1313/1357 1312/1358 1311/1359
f 1314/1360 1298/1361 1280/1362 1306/1363
f 1313/1364 1300/1365 1298/1366 1314/1367
f 1315/1368 1205/1369 1209/1370 1316/1371
f 1317/1372 1206/1373 1205/1374 1315/1375
f 1317/1376 1318/1377 1208/1378 1206/1379
f 1306/1380 1307/1381 1208/1382 1318/1383
f 1319/1384 1314/1385 1306/1386 1318/1387
f 1320/1388 1313/1389 1314/1390 1319/1391
f 1321/1392 1312/1393 1313/1394 1320/1395
f 1310/1396 1311/1397 1312/1398 1321/1399
f 1213/1400 1322/1401 1316/1402 1209/1403
f 1214/1404 1323/1405 1322/1406 1213/1407
f 1238/1408 1323/1409 1214/1410 1225/1411
f 1229/1412 1322/1413 1323/1414 1238/1415
f 1324/1416 1322/1417 1229/1418 1230/1419
f 1324/1420 1325/1421 1316/1422 1322/1423
f 1326/1424 1315/1425 1316/1426 1325/1427
f 1326/1428 1327/1429 1317/1430 1315/1431
f 1327/1432 1319/1433 1318/1434 1317/1435
f 1327/1436 1328/1437 1320/1438 1319/1439
f 1329/1440 1328/1441 1327/1442 1326/1443
f 1320/1444 1328/1445 1330/1446 1321/1447
f 1331/1448 1330/1449 1328/1450 1329/1451
f 1332/1452 1333/1453 1331/1454 1329/1455
f 1333/1456 1332/1457 1335/1458 1334/1459
f 1325/1460 1332/1461 1329/1462 1326/1463
f 1335/1464 1332/1465 1325/1466 1324/1467
f 1331/1468 1337/1469 1336/1470 1330/1471
f 1330/1472 1336/1473 1310/1474 1321/1475
f 1336/1476 1337/1477 1339/1478 1338/1479
f 1338/1480 1309/1481 1310/1482 1336/1483
f 1338/1484 1340/1485 1308/1486 1309/1487
f 1339/1488 1180/1489 1340/1490 1338/1491
f 1333/1492 1341/1493 1337/1494 1331/1495
f 1342/1496 1341/1497 1333/1498 1334/1499
f 1343/1500 1341/1501 1342/1502 1344/1503
f 1343/1504 1339/1505 1337/1506 1341/1507
f 1345/1508 1180/1509 1339/1510 1343/1511
f 1180/1512 1345/1513 1166/1514 1167/1515
f 1231/1516 1335/1517 1324/1518 1230/1519
f 1231/1520 1346/1521 1334/1522 1335/1523
f 1232/1524 1347/1525 1346/1526 1231/1527
f 1233/1528 1348/1529 1347/1530 1232/1531
f 88/1532 95/1533 1348/1534 1233/1535
f 95/1536 96/1537 1349/1538 1348/1539
f 1350/1540 1349/1541 96/1542 97/1543
f 1351/1544 1352/1545 1349/1546 1350/1547
f 1352/1548 1347/1549 1348/1550 1349/1551
f 1346/1552 1347/1553 1352/1554 1353/1555
f 1353/1556 1342/1557 1334/1558 1346/1559
f 1353/1560 1354/1561 1344/1562 1342/1563
f 1354/1564 1353/1565 1352/1566 1351/1567
f 1344/1568 1354/1569 1355/1570 1343/1571
f 1351/1572 1356/1573 1355/1574 1354/1575
f 1350/1576 1357/1577 1356/1578 1351/1579
f 1357/1580 1350/1581 97/1582 98/1583
f 1358/1584 1356/1585 1357/1586 98/1587
f 1359/1588 1355/1589 1356/1590 1358/1591
f 1359/1592 1345/1593 1343/1594 1355/1595
f 1345/1596 1359/1597 237/1598 1166/1599
f 1359/1600 1358/1601 236/1602 237/1603
f 12/1604 236/1605 1358/1606 98/1607
f 99/851 1360/1608 1179/890 84/889
f 1177/888 1178/887 1179/890 1360/1608
f 1170/880 1179/890 1178/887 1172/883
f 1176/176 1175/1609 1340/1610 1180/176
f 1340/1610 1175/1609 1174/1611 1308/1612
f 1174/1613 1173/1614 1302/1325 1305/1324
f 1173/1615 1171/1616 1295/1317 1302/1316
f 1294/1295 1295/1294 1171/1617 1177/1618
f 1360/1619 1291/1284 1294/1287 1177/1620
f 1360/1621 99/1622 94/1289 1291/1288
f 1361/1623 1364/1624 1363/1625 1362/1626
f 1365/1627 1366/1628 1364/1629 1361/1630
f 1367/1631 1368/1632 1366/1633 1365/1634
f 1369/1635 1370/1636 1368/1637 1367/1638
f 1371/1639 1372/1640 1370/1641 1369/1642
f 1373/1643 1374/1644 1372/1645 1371/1646
f 1375/1647 1372/1648 1374/1649 1376/1650
f 1372/1651 1375/1652 1377/1653 1370/1654
f 1378/1655 1381/1656 1380/1657 1379/1658
f 1369/1659 1383/1660 1382/1661 1371/1662
f 1367/1663 1384/1664 1383/1665 1369/1666
f 1384/1667 1367/1668 1365/1669 1385/1670
f 1371/1671 1382/1672 1386/1673 1373/1674
f 1382/1675 1388/1676 1387/1677 1386/1678
f 1383/1679 1389/1680 1388/1681 1382/1682
f 1389/1683 1392/1684 1391/1685 1390/1686
f 1384/1687 1392/1688 1389/1689 1383/1690
f 1385/1691 1393/1692 1392/1693 1384/1694
f 1388/1695 1395/1696 1394/1697 1387/1698
f 1390/1699 1395/1700 1388/1701 1389/1702
f 1396/1703 1394/1704 1395/1705 1397/1706
f 1397/1707 1380/1708 1381/1709 1396/1710
f 1398/1711 1397/1712 1395/1713 1390/1714
f 1398/1715 1399/1716 1380/1717 1397/1718
f 1398/1719 1401/1720 1400/1721 1399/1722
f 1390/1723 1391/1724 1401/1725 1398/1726
f 1402/1727 1391/1728 1392/1729 1393/1730
f 1403/1731 1401/1732 1391/1733 1402/1734
f 1401/1735 1403/1736 1404/1737 1400/1738
f 1405/1739 1406/1740 1375/1741 1376/1742
f 1405/1743 1378/1744 1379/1745 1406/1746
f 1399/1747 1407/1748 1379/1749 1380/1750
f 1400/1751 1408/1752 1407/1753 1399/1754
f 1408/1755 1400/1756 1404/1757 1409/1758
f 1410/1759 1406/1760 1379/1761 1407/1762
f 1411/1763 1375/1764 1406/1765 1410/1766
f 1411/1767 1412/1768 1377/1769 1375/1770
f 1411/1771 1414/1772 1413/1773 1412/1774
f 1410/1775 1415/1776 1414/1777 1411/1778
f 1408/1779 1415/1780 1410/1781 1407/1782
f 1409/1783 1416/1784 1415/1785 1408/1786
f 1417/1787 1377/1788 1412/1789 1413/1790
f 1417/1791 1368/1792 1370/1793 1377/1794
f 1417/1795 1418/1796 1366/1797 1368/1798
f 1413/1799 1419/1800 1418/1801 1417/1802
f 1414/1803 1420/1804 1419/1805 1413/1806
f 1420/1807 1414/1808 1415/1809 1416/1810
f 1421/1811 1420/1812 1416/1813 1422/1814
f 1423/1815 1419/1816 1420/1817 1421/1818
f 1423/1819 1424/1820 1418/1821 1419/1822
f 1424/1823 1364/1824 1366/1825 1418/1826
f 1424/1827 1425/1828 1363/1829 1364/1830
f 1423/1831 1426/1832 1425/1833 1424/1834
f 1421/1835 1427/1836 1426/1837 1423/1838
f 1422/1839 1428/1840 1427/1841 1421/1842
f 1429/1843 1427/1844 1428/1845 1430/1846
f 1431/1847 1426/1848 1427/1849 1429/1850
f 1426/1851 1431/1852 1432/1853 1425/1854
f 1430/1855 1434/1856 1433/1857 1429/1858
f 1409/1859 1435/1860 1422/1861 1416/1862
f 1404/1863 1436/1864 1435/1865 1409/1866
f 1437/1867 1435/1868 1436/1869 1438/1870
f 1437/1871 1428/1872 1422/1873 1435/1874
f 1437/1875 1439/1876 1430/1877 1428/1878
f 1440/1879 1439/1880 1437/1881 1438/1882
f 1430/1883 1439/1884 1441/1885 1434/1886
f 1441/1887 1439/1888 1440/1889 1442/1890
f 1443/1891 1445/1892 1444/1893 1441/1894
f 1192/1895 1191/1896 1768/1897 1769/1898
f 1191/1899 1771/1900 1767/1901 1768/1902
f 1769/1903 1770/1904 1216/1905 1192/1906
f 1442/1907 1447/1908 1443/1909 1441/1910
f 1447/1911 1442/1912 1449/1913 1448/1914
f 1216/1915 1770/1916 1447/1917 1448/1918
f 1440/1919 1450/1920 1449/1921 1442/1922
f 1438/1923 1451/1924 1450/1925 1440/1926
f 1436/1927 1452/1928 1451/1929 1438/1930
f 1403/1931 1452/1932 1436/1933 1404/1934
f 1402/1935 1453/1936 1452/1937 1403/1938
f 1393/1939 1454/1940 1453/1941 1402/1942
f 1361/1943 1455/1944 1385/1945 1365/1946
f 1455/1947 1454/1948 1393/1949 1385/1950
f 1455/1951 1457/1952 1456/1953 1454/1954
f 1362/1955 1457/1956 1455/1957 1361/1958
f 1457/1959 1362/1960 1459/1961 1458/1962
f 1460/1963 1456/1964 1457/1965 1458/1966
f 1461/1967 1462/1968 1456/1969 1460/1970
f 1462/1971 1453/1972 1454/1973 1456/1974
f 1462/1975 1451/1976 1452/1977 1453/1978
f 1461/1979 1450/1980 1451/1981 1462/1982
f 1463/1983 1449/1984 1450/1985 1461/1986
f 1464/1987 1448/1988 1449/1989 1463/1990
f 1464/1991 1219/1992 1216/1993 1448/1994
f 1217/1995 1466/1996 1465/1997 1218/1998
f 1464/1999 1466/2000 1217/2001 1219/2002
f 1463/2003 1467/2004 1466/2005 1464/2006
f 1460/2007 1467/2008 1463/2009 1461/2010
f 1468/2011 1467/2012 1460/2013 1458/2014
f 1468/2015 1465/2016 1466/2017 1467/2018
f 1469/2019 1468/2020 1458/2021 1459/2022
f 1465/2023 1468/2024 1469/2025 1470/2026
f 1181/2027 1218/2028 1465/2029 1470/2030
f 1182/2031 1181/2032 1470/2033 1471/2034
f 1472/2035 1471/2036 1470/2037 1469/2038
f 1473/2039 1363/2040 1425/2041 1432/2042
f 1473/2043 1459/2044 1362/2045 1363/2046
f 1473/2047 1472/2048 1469/2049 1459/2050
f 1432/2051 1474/2052 1472/2053 1473/2054
f 1432/2055 1431/2056 1475/2057 1474/2058
f 1429/2059 1433/2060 1475/2061 1431/2062
f 1476/2063 1477/2064 1475/2065 1433/2066
f 1475/2067 1477/2068 1478/2069 1474/2070
f 1478/2071 1471/2072 1472/2073 1474/2074
f 1478/2075 1183/2076 1182/2077 1471/2078
f 1185/2079 1184/2080 1477/2081 1476/2082
f 1183/2083 1478/2084 1477/2085 1184/2086
f 1476/2087 1479/2088 1186/2089 1185/2090
f 1434/2091 1479/2092 1476/2093 1433/2094
f 1444/2095 1480/2096 1434/2097 1441/2098
f 1446/2099 1480/2100 1444/2101 1445/2102
f 1446/2103 1479/2104 1434/2105 1480/2106
f 1481/2107 1482/2108 1374/2109 1373/2110
f 1483/2111 1482/2112 1481/2113 1484/2114
f 1485/2115 1482/2116 1483/2117 1486/2118
f 1376/2119 1374/2120 1482/2121 1485/2122
f 1487/2123 1483/2124 1484/2125 1488/2126
f 1487/2127 1489/2128 1486/2129 1483/2130
f 1487/2131 1491/2132 1490/2133 1489/2134
f 1492/2135 1491/2136 1487/2137 1488/2138
f 1493/2139 1491/2140 1492/2141 1494/2142
f 1493/2143 1495/2144 1490/2145 1491/2146
f 1496/2147 1499/2148 1498/2149 1497/2150
f 1493/2151 1499/2152 1496/2153 1495/2154
f 1500/2155 1499/2156 1493/2157 1494/2158
f 1501/2159 1498/2160 1499/2161 1500/2162
f 1502/2163 1498/2164 1501/2165 1503/2166
f 1504/2167 1497/2168 1498/2169 1502/2170
f 1505/2171 1497/2172 1504/2173 1506/2174
f 1507/2175 1509/2176 1505/2177 1508/2178
f 1510/2179 1513/2180 1512/2181 1511/2182
f 1514/2183 1507/2184 1513/2185 1510/2186
f 1514/2187 1515/2188 1509/2189 1507/2190
f 1509/2191 1496/2192 1497/2193 1505/2194
f 1515/2195 1495/2196 1496/2197 1509/2198
f 1516/2199 1490/2200 1495/2201 1515/2202
f 1517/2203 1489/2204 1490/2205 1516/2206
f 1518/2207 1486/2208 1489/2209 1517/2210
f 1519/2211 1485/2212 1486/2213 1518/2214
f 1381/2215 1378/2216 1521/2217 1520/2218
f 1520/2219 1521/2220 1523/2221 1522/2222
f 1522/2223 1525/2224 1524/2225 1520/2226
f 1526/2227 1529/2228 1528/2229 1527/2230
f 1522/2231 1529/2232 1526/2233 1525/2234
f 1530/2235 1529/2236 1522/2237 1523/2238
f 1531/2239 1528/2240 1529/2241 1530/2242
f 1532/2243 1528/2244 1531/2245 1533/2246
f 1532/2247 1534/2248 1527/2249 1528/2250
f 1535/2251 1538/2252 1537/2253 1536/2254
f 1532/2255 1538/2256 1535/2257 1534/2258
f 1538/2259 1532/2260 1533/2261 1539/2262
f 1536/2263 1541/2264 1540/2265 1535/2266
f 1536/2267 1543/2268 1542/2269 1541/2270
f 1537/2271 1544/2272 1543/2273 1536/2274
f 1545/2275 1546/2276 1510/2277 1511/2278
f 1537/2279 1546/2280 1545/2281 1544/2282
f 1538/2283 1539/2284 1546/2285 1537/2286
f 1547/2287 1541/2288 1542/2289 1548/2290
f 1547/2291 1549/2292 1540/2293 1541/2294
f 1547/2295 1551/2296 1550/2297 1549/2298
f 1548/2299 1552/2300 1551/2301 1547/2302
f 1553/2303 1554/2304 1551/2305 1552/2306
f 1555/2307 1556/2308 1554/2309 1553/2310
f 1557/2311 1558/2312 1556/2313 1555/2314
f 1559/2315 1513/2316 1507/2317 1508/2318
f 1559/2319 1560/2320 1512/2321 1513/2322
f 1559/2323 1558/2324 1557/2325 1560/2326
f 1561/2327 1508/2328 1505/2329 1506/2330
f 1561/2331 1558/2332 1559/2333 1508/2334
f 1562/2335 1556/2336 1558/2337 1561/2338
f 1554/2339 1563/2340 1550/2341 1551/2342
f 1554/2343 1556/2344 1562/2345 1563/2346
f 1564/2347 1504/2348 1502/2349 1565/2350
f 1566/2351 1506/2352 1504/2353 1564/2354
f 1566/2355 1562/2356 1561/2357 1506/2358
f 1567/2359 1563/2360 1562/2361 1566/2362
f 1550/2363 1563/2364 1567/2365 1568/2366
f 1567/2367 1570/2368 1569/2369 1568/2370
f 1564/2371 1570/2372 1567/2373 1566/2374
f 1565/2375 1571/2376 1570/2377 1564/2378
f 1503/2379 1571/2380 1565/2381 1502/2382
f 1501/2383 1572/2384 1571/2385 1503/2386
f 1572/2387 1569/2388 1570/2389 1571/2390
f 1573/2391 1568/2392 1569/2393 1574/2394
f 1568/2395 1573/2396 1549/2397 1550/2398
f 1573/2399 1575/2400 1540/2401 1549/2402
f 1575/2403 1534/2404 1535/2405 1540/2406
f 1575/2407 1576/2408 1527/2409 1534/2410
f 1577/2411 1575/2412 1573/2413 1574/2414
f 1578/2415 1576/2416 1575/2417 1577/2418
f 1579/2419 1576/2420 1578/2421 1580/2422
f 1579/2423 1526/2424 1527/2425 1576/2426
f 1525/2427 1582/2428 1581/2429 1524/2430
f 1579/2431 1582/2432 1525/2433 1526/2434
f 1583/2435 1582/2436 1579/2437 1580/2438
f 1582/2439 1583/2440 1584/2441 1581/2442
f 1578/2443 1586/2444 1585/2445 1580/2446
f 1577/2447 1587/2448 1586/2449 1578/2450
f 1574/2451 1588/2452 1587/2453 1577/2454
f 1572/2455 1588/2456 1574/2457 1569/2458
f 1500/2459 1588/2460 1572/2461 1501/2462
f 1494/2463 1587/2464 1588/2465 1500/2466
f 1492/2467 1586/2468 1587/2469 1494/2470
f 1488/2471 1585/2472 1586/2473 1492/2474
f 1589/2475 1585/2476 1488/2477 1484/2478
f 1589/2479 1583/2480 1580/2481 1585/2482
f 1589/2483 1590/2484 1584/2485 1583/2486
f 1481/2487 1590/2488 1589/2489 1484/2490
f 1386/2491 1590/2492 1481/2493 1373/2494
f 1386/2495 1387/2496 1584/2497 1590/2498
f 1524/2499 1396/2500 1381/2501 1520/2502
f 1581/2503 1394/2504 1396/2505 1524/2506
f 1387/2507 1394/2508 1581/2509 1584/2510
f 1539/2511 1514/2512 1510/2513 1546/2514
f 1533/2515 1515/2516 1514/2517 1539/2518
f 1531/2519 1516/2520 1515/2521 1533/2522
f 1530/2523 1517/2524 1516/2525 1531/2526
f 1523/2527 1518/2528 1517/2529 1530/2530
f 1523/2531 1521/2532 1519/2533 1518/2534
f 1521/2535 1378/2536 1405/2537 1519/2538
f 1519/2539 1405/2540 1376/2541 1485/2542
f 1591/2543 1594/2544 1593/2545 1592/2546
f 1595/2547 1598/2548 1597/2549 1596/2550
f 1599/2551 1602/2552 1601/2553 1600/2554
f 1603/2555 1606/2556 1605/2557 1604/2558
f 1607/2559 1610/2560 1609/2561 1608/2562
f 1560/2563 1545/2564 1612/2565 1611/2566
f 1545/2567 1511/2568 1613/2569 1612/2570
f 1511/2571 1512/2572 1614/2573 1613/2574
f 1512/2575 1560/2576 1611/2577 1614/2578
f 1611/2579 1612/2580 1616/2581 1615/2582
f 1612/2583 1613/2584 1617/2585 1616/2586
f 1613/2587 1614/2588 1618/2589 1617/2590
f 1614/2591 1611/2592 1615/2593 1618/2594
f 1619/2595 1622/2596 1621/2597 1620/2598
f 1622/2599 1624/2600 1623/2601 1621/2602
f 1624/2603 1626/2604 1625/2605 1623/2606
f 1626/2607 1619/2608 1620/2609 1625/2610
f 1544/2611 1545/2612 1628/2613 1627/2614
f 1545/2615 1560/2616 1629/2617 1628/2618
f 1560/2619 1557/2620 1630/2621 1629/2622
f 1557/2623 1544/2624 1627/2625 1630/2626
f 1627/2627 1628/2628 1632/2629 1631/2630
f 1628/2631 1629/2632 1633/2633 1632/2634
f 1629/2635 1630/2636 1634/2637 1633/2638
f 1630/2639 1627/2640 1631/2641 1634/2642
f 1635/2643 1638/2644 1637/2645 1636/2646
f 1638/2647 1640/2648 1639/2649 1637/2650
f 1640/2651 1642/2652 1641/2653 1639/2654
f 1642/2655 1635/2656 1636/2657 1641/2658
f 1643/2659 1646/2660 1645/2661 1644/2662
f 1646/2663 1648/2664 1647/2665 1645/2666
f 1648/2667 1650/2668 1649/2669 1647/2670
f 1650/2671 1643/2672 1644/2673 1649/2674
f 1544/2675 1557/2676 1652/2677 1651/2678
f 1557/2679 1555/2680 1653/2681 1652/2682
f 1555/2683 1543/2684 1654/2685 1653/2686
f 1543/2687 1544/2688 1651/2689 1654/2690
f 1651/2691 1652/2692 1656/2693 1655/2694
f 1652/2695 1653/2696 1657/2697 1656/2698
f 1653/2699 1654/2700 1658/2701 1657/2702
f 1654/2703 1651/2704 1655/2705 1658/2706
f 1659/2707 1662/2708 1661/2709 1660/2710
f 1662/2711 1664/2712 1663/2713 1661/2714
f 1664/2715 1666/2716 1665/2717 1663/2718
f 1666/2719 1659/2720 1660/2721 1665/2722
f 1667/2723 1670/2724 1669/2725 1668/2726
f 1670/2727 1672/2728 1671/2729 1669/2730
f 1672/2731 1674/2732 1673/2733 1671/2734
f 1674/2735 1667/2736 1668/2737 1673/2738
f 1543/2739 1555/2740 1676/2741 1675/2742
f 1555/2743 1553/2744 1677/2745 1676/2746
f 1553/2747 1542/2748 1678/2749 1677/2750
f 1542/2751 1543/2752 1675/2753 1678/2754
f 1678/2755 1675/2756 1680/2757 1679/2758
f 1677/2759 1678/2760 1679/2761 1681/2762
f 1676/2763 1677/2764 1681/2765 1682/2766
f 1675/2767 1676/2768 1682/2769 1680/2770
f 1683/2771 1686/2772 1685/2773 1684/2774
f 1686/2775 1688/2776 1687/2777 1685/2778
f 1688/2779 1690/2780 1689/2781 1687/2782
f 1690/2783 1683/2784 1684/2785 1689/2786
f 1691/2787 1694/2788 1693/2789 1692/2790
f 1694/2791 1696/2792 1695/2793 1693/2794
f 1696/2795 1698/2796 1697/2797 1695/2798
f 1698/2799 1691/2800 1692/2801 1697/2802
f 1542/2803 1553/2804 1700/2805 1699/2806
f 1553/2807 1552/2808 1701/2809 1700/2810
f 1552/2811 1548/2812 1702/2813 1701/2814
f 1548/2815 1542/2816 1699/2817 1702/2818
f 1699/2819 1700/2820 1704/2821 1703/2822
f 1700/2823 1701/2824 1705/2825 1704/2826
f 1701/2827 1702/2828 1706/2829 1705/2830
f 1702/2831 1699/2832 1703/2833 1706/2834
f 1707/2835 1710/2836 1709/2837 1708/2838
f 1710/2839 1712/2840 1711/2841 1709/2842
f 1712/2843 1714/2844 1713/2845 1711/2846
f 1714/2847 1707/2848 1708/2849 1713/2850
f 1615/2851 1616/2852 1716/2853 1715/2854
f 1618/2855 1615/2856 1715/2857 1717/2858
f 1617/2859 1618/2860 1717/2861 1718/2862
f 1616/2863 1617/2864 1718/2865 1716/2866
f 1715/2867 1716/2868 1622/2869 1619/2870
f 1717/2871 1715/2872 1619/2873 1626/2874
f 1718/2875 1717/2876 1626/2877 1624/2878
f 1716/2879 1718/2880 1624/2881 1622/2882
f 1620/2883 1621/2884 1610/2885 1607/2886
f 1625/2887 1620/2888 1607/2889 1608/2890
f 1623/2891 1625/2892 1608/2893 1609/2894
f 1719/2895 1722/2896 1721/2897 1720/2898
f 1631/2899 1632/2900 1724/2901 1723/2902
f 1634/2903 1631/2904 1723/2905 1725/2906
f 1633/2907 1634/2908 1725/2909 1726/2910
f 1632/2911 1633/2912 1726/2913 1724/2914
f 1658/2915 1655/2916 1728/2917 1727/2918
f 1657/2919 1658/2920 1727/2921 1729/2922
f 1656/2923 1657/2924 1729/2925 1730/2926
f 1655/2927 1656/2928 1730/2929 1728/2930
f 1679/2931 1680/2932 1732/2933 1731/2934
f 1681/2935 1679/2936 1731/2937 1733/2938
f 1682/2939 1681/2940 1733/2941 1734/2942
f 1680/2943 1682/2944 1734/2945 1732/2946
f 1706/2947 1703/2948 1736/2949 1735/2950
f 1705/2951 1706/2952 1735/2953 1737/2954
f 1704/2955 1705/2956 1737/2957 1738/2958
f 1703/2959 1704/2960 1738/2961 1736/2962
f 1723/2963 1724/2964 1638/2965 1635/2966
f 1725/2967 1723/2968 1635/2969 1642/2970
f 1726/2971 1725/2972 1642/2973 1640/2974
f 1724/2975 1726/2976 1640/2977 1638/2978
f 1636/2979 1637/2980 1740/2981 1739/2982
f 1641/2983 1636/2984 1739/2985 1741/2986
f 1639/2987 1641/2988 1741/2989 1742/2990
f 1637/2991 1639/2992 1742/2993 1740/2994
f 1727/2995 1728/2996 1659/2997 1666/2998
f 1729/2999 1727/3000 1666/3001 1664/3002
f 1730/3003 1729/3004 1664/3005 1662/3006
f 1728/3007 1730/3008 1662/3009 1659/3010
f 1665/3011 1660/3012 1744/3013 1743/3014
f 1663/3015 1665/3016 1743/3017 1745/3018
f 1661/3019 1663/3020 1745/3021 1746/3022
f 1660/3023 1661/3024 1746/3025 1744/3026
f 1731/3027 1732/3028 1683/3029 1690/3030
f 1733/3031 1731/3032 1690/3033 1688/3034
f 1734/3035 1733/3036 1688/3037 1686/3038
f 1732/3039 1734/3040 1686/3041 1683/3042
f 1689/3043 1684/3044 1748/3045 1747/3046
f 1687/3047 1689/3048 1747/3049 1749/3050
f 1685/3051 1687/3052 1749/3053 1750/3054
f 1684/3055 1685/3056 1750/3057 1748/3058
f 1735/3059 1736/3060 1707/3061 1714/3062
f 1737/3063 1735/3064 1714/3065 1712/3066
f 1738/3067 1737/3068 1712/3069 1710/3070
f 1736/3071 1738/3072 1710/3073 1707/3074
f 1751/3075 1754/3076 1753/3077 1752/3078
f 1711/3079 1713/3080 1592/3081 1593/3082
f 1709/3083 1711/3084 1593/3085 1594/3086
f 1708/3087 1709/3088 1594/3089 1591/3090
f 1747/3091 1748/3092 1691/3093 1698/3094
f 1749/3095 1747/3096 1698/3097 1696/3098
f 1750/3099 1749/3100 1696/3101 1694/3102
f 1748/3103 1750/3104 1694/3105 1691/3106
f 1755/3107 1758/3108 1757/3109 1756/3110
f 1695/3111 1697/3112 1596/3113 1597/3114
f 1693/3115 1695/3116 1597/3117 1598/3118
f 1692/3119 1693/3120 1598/3121 1595/3122
f 1743/3123 1744/3124 1667/3125 1674/3126
f 1745/3127 1743/3128 1674/3129 1672/3130
f 1746/3131 1745/3132 1672/3133 1670/3134
f 1744/3135 1746/3136 1670/3137 1667/3138
f 1759/3139 1762/3140 1761/3141 1760/3142
f 1671/3143 1673/3144 1600/3145 1601/3146
f 1669/3147 1671/3148 1601/3149 1602/3150
f 1668/3151 1669/3152 1602/3153 1599/3154
f 1763/3155 1766/3156 1765/3157 1764/3158
f 1649/3159 1644/3160 1603/3161 1604/3162
f 1647/3163 1649/3164 1604/3165 1605/3166
f 1645/3167 1647/3168 1605/3169 1606/3170
f 1739/3171 1740/3172 1646/3173 1643/3174
f 1741/3175 1739/3176 1643/3177 1650/3178
f 1742/3179 1741/3180 1650/3181 1648/3182
f 1740/3183 1742/3184 1648/3185 1646/3186
f 1621/3187 1623/3188 1722/3189 1719/3190
f 1623/3191 1609/3192 1721/3193 1722/3194
f 1609/3195 1610/3196 1720/3197 1721/3198
f 1610/3199 1621/3200 1719/3201 1720/3202
f 1644/3203 1645/3204 1766/3205 1763/3206
f 1645/3207 1606/3208 1765/3209 1766/3210
f 1606/3211 1603/3212 1764/3213 1765/3214
f 1603/3215 1644/3216 1763/3217 1764/3218
f 1673/3219 1668/3220 1762/3221 1759/3222
f 1668/3223 1599/3224 1761/3225 1762/3226
f 1599/3227 1600/3228 1760/3229 1761/3230
f 1600/3231 1673/3232 1759/3233 1760/3234
f 1697/3235 1692/3236 1758/3237 1755/3238
f 1692/3239 1595/3240 1757/3241 1758/3242
f 1595/3243 1596/3244 1756/3245 1757/3246
f 1596/3247 1697/3248 1755/3249 1756/3250
f 1713/3251 1708/3252 1754/3253 1751/3254
f 1708/3255 1591/3256 1753/3257 1754/3258
f 1591/3259 1592/3260 1752/3261 1753/3262
f 1592/3263 1713/3264 1751/3265 1752/3266
f 1768/1902 1767/1901 1446/3267 1445/3268
f 1769/1898 1768/1897 1445/3269 1443/3270
f 1443/3271 1447/3272 1770/1904 1769/1903
f 1188/3273 1771/903 1190/3274 1189/3275
f 1771/903 1188/3273 1186/3276 1767/1901
f 1767/1901 1186/3276 1479/3277 1446/3278
f 1773/3279 1774/4 1775/3 1776/2
f 1777/5 1778/8 1779/7 1780/6
f 1781/9 1782/12 1783/11 1784/10
f 1774/4 1785/14 1786/13 1775/3
f 1780/6 1787/16 1788/15 1777/5
f 1782/17 1789/20 1790/19 1783/18
f 1791/21 1792/24 1793/23 1794/22
f 1795/25 1796/28 1797/27 1798/26
f 1799/29 1800/32 1801/31 1802/30
f 1803/33 1804/36 1805/35 1806/34
f 1807/37 1792/24 1791/21 1808/37
f 1784/10 1809/39 1810/38 1781/9
f 1778/40 1811/40 1812/40 1813/40
f 1814/3280 1815/44 1816/43 1817/42
f 1818/45 1819/43 1820/43 1773/3279
f 1792/24 1821/24 1822/46 1793/23
f 1823/47 1824/49 1825/49 1826/48
f 1806/50 1827/52 1828/51 1803/51
f 1777/5 1788/15 1789/20 1782/17
f 1778/40 1777/53 1782/12 1781/9
f 1810/38 1811/40 1778/40 1781/9
f 1829/40 1830/40 1831/55 1832/54
f 1833/37 1834/58 1835/57 1836/56
f 1807/37 1808/37 1837/60 1838/59
f 1839/61 1840/24 1807/24 1838/62
f 1817/42 1816/43 1819/43 1818/45
f 1841/63 1798/26 1797/27 1842/64
f 1843/65 1795/25 1798/26 1841/63
f 1844/37 1833/37 1836/56 1845/66
f 1846/58 1834/58 1833/37 1844/37
f 1812/40 1830/40 1829/40 1813/40
f 1847/67 1848/70 1849/69 1850/68
f 1775/3 1851/72 1852/71 1776/2
f 1786/13 1853/73 1851/72 1775/3
f 1854/74 1855/77 1856/76 1857/75
f 1858/78 1859/79 1854/74 1857/75
f 1822/46 1860/81 1861/3281 1793/23
f 1862/82 1863/84 1864/83 1865/83
f 1866/85 1867/88 1868/87 1869/86
f 1870/89 1871/3282 1872/90 1873/13
f 1874/92 1875/93 1870/89 1873/13
f 1876/94 1877/3283 1878/96 1879/95
f 1880/98 1881/99 1877/3283 1876/94
f 1882/100 1869/86 1868/87 1880/98
f 1848/70 1883/102 1884/101 1849/69
f 1885/103 1818/45 1773/3279 1886/104
f 1887/105 1817/42 1818/45 1885/103
f 1888/106 1814/3280 1817/42 1887/105
f 1889/107 1829/40 1832/54 1890/108
f 1813/40 1829/40 1889/107 1891/107
f 1892/109 1778/8 1813/40 1891/107
f 1893/110 1894/113 1895/112 1896/111
f 1897/114 1859/79 1858/78 1898/115
f 1/116 2/116 1899/118 1900/117
f 1901/119 4/122 3/121 1902/120
f 1903/123 5/124 4/122 1901/119
f 1904/125 7/128 6/127 1905/3284
f 8/129 7/128 1904/125 1906/130
f 1907/131 10/134 9/133 1908/3285
f 11/135 12/138 1909/137 1910/136
f 13/139 14/139 1911/141 1912/140
f 15/139 16/139 1913/143 1914/142
f 17/144 18/139 1915/146 1916/145
f 1917/147 19/148 17/144 1916/145
f 20/149 19/148 1917/147 1918/150
f 1919/81 22/153 21/152 1920/151
f 1840/24 1821/24 1792/24 1807/24
f 1921/154 1922/157 1923/156 1924/155
f 1925/158 1926/161 1927/160 1928/159
f 1915/146 1855/77 1854/74 1916/145
f 1929/162 1930/163 1922/157 1921/154
f 1916/145 1854/74 1859/79 1917/147
f 1920/151 1861/3281 1860/81 1919/81
f 1778/8 1892/109 1931/164 1779/7
f 1917/147 1859/79 1897/114 1918/150
f 1932/165 1914/142 1913/143 1933/166
f 1894/113 1893/110 1846/58 1844/37
f 1873/13 1872/90 1934/3286 1935/13
f 1936/3287 1874/92 1873/13 1935/13
f 1937/169 1876/94 1879/95 1938/170
f 1939/171 1880/98 1876/94 1937/169
f 1940/172 1882/100 1880/98 1939/171
f 1941/156 1928/159 1927/160 1942/173
f 1943/77 1932/165 1933/166 1944/76
f 1914/142 1932/165 1943/77 1945/146
f 23/139 15/139 1914/142 1945/146
f 1908/3285 9/133 24/175 1946/174
f 1799/29 1826/177 1825/176 1800/32
f 1865/178 1847/67 1850/68 1862/179
f 1852/71 1884/101 1883/102 1776/2
f 1776/2 1883/102 1947/180 1773/3279
f 1773/3279 1947/180 1802/30 1886/104
f 1900/181 1902/120 3/121 1/182
f 6/127 5/124 1903/123 1905/3284
f 1789/20 1937/169 1938/170 1790/19
f 1788/15 1939/171 1937/169 1789/20
f 1787/16 1940/172 1939/171 1788/15
f 1923/156 1941/156 1942/173 1924/155
f 1855/77 1943/77 1944/76 1856/76
f 1945/146 1943/77 1855/77 1915/146
f 18/139 23/139 1945/146 1915/146
f 24/175 8/129 1906/130 1946/174
f 1935/13 1934/3286 1853/73 1786/13
f 1785/14 1936/3287 1935/13 1786/13
f 1828/51 1839/61 1838/62 1803/51
f 1837/60 1804/36 1803/33 1838/59
f 1836/56 1795/25 1843/65 1845/66
f 1835/57 1796/28 1795/25 1836/56
f 1832/54 1814/3280 1888/106 1890/108
f 1831/55 1815/44 1814/3280 1832/54
f 1948/3288 1949/186 1950/185 1951/3289
f 1831/187 1952/190 1953/189 1815/188
f 1954/191 1955/194 1956/193 1957/192
f 1958/195 1959/198 1960/197 1961/196
f 1962/199 1963/202 1964/201 1965/200
f 1955/194 1966/204 1967/203 1956/193
f 1959/198 1968/206 1969/205 1960/197
f 1970/207 1971/210 1972/209 1973/208
f 1974/211 1975/214 1976/213 1977/212
f 1978/215 1979/3290 1980/217 1981/216
f 1982/219 1983/222 1984/221 1985/220
f 1986/223 1987/226 1988/225 1989/224
f 1990/3291 1991/230 1992/229 1993/228
f 1994/231 1949/186 1948/3288 1995/232
f 1996/233 1997/236 1998/235 1999/234
f 1980/237 1983/222 1982/219 1981/238
f 2000/239 2001/240 1987/226 1986/223
f 2002/241 2003/242 1971/210 1970/207
f 2004/243 2002/241 1970/207 2005/244
f 1830/245 2006/246 1952/190 1831/187
f 2007/247 2008/3292 2009/249 2010/248
f 2011/251 2009/249 2008/3292 2012/3293
f 2013/253 2014/256 2015/3294 2016/254
f 2017/257 2018/258 1991/230 1990/3291
f 2019/259 2020/260 1963/202 1962/199
f 2021/261 2022/264 2023/263 2024/262
f 2025/3295 2026/268 2027/267 2028/3296
f 2029/269 2030/272 2031/271 2032/270
f 2033/273 2034/275 2035/274 2036/274
f 2037/276 2038/277 2030/272 2029/269
f 2036/274 2035/274 2039/276 2040/277
f 2041/275 2042/273 2043/274 2044/274
f 2044/274 2043/274 2045/277 2046/276
f 2047/278 2048/275 2049/274 2050/274
f 2051/274 2052/274 2053/275 2054/279
f 2055/279 2056/279 2048/275 2047/278
f 2050/274 2049/274 2057/276 2058/280
f 2058/280 2057/276 2059/280 2060/280
f 2061/280 2062/276 2052/274 2051/274
f 2063/275 2064/275 2065/274 2066/274
f 2067/274 2068/274 2069/275 2070/275
f 2071/279 2072/279 2064/275 2063/275
f 2066/274 2065/274 2073/276 2074/276
f 2074/276 2073/276 2075/280 2076/280
f 2077/276 2078/276 2068/274 2067/274
f 2079/275 2080/275 2081/274 2082/274
f 2083/274 2084/274 2085/275 2086/275
f 2087/279 2088/279 2080/275 2079/275
f 2082/274 2081/274 2089/276 2090/276
f 2090/276 2089/276 2091/280 2092/280
f 2093/276 2094/276 2095/274 2084/274
f 2030/272 2096/282 2097/281 2031/271
f 2098/283 2099/275 2100/275 2101/283
f 2099/275 2102/279 2103/279 2100/275
f 2104/284 2097/281 2105/275 2106/279
f 2107/283 2108/283 2109/275 2105/275
f 2100/275 2110/275 2111/283 2101/283
f 2103/279 2112/279 2110/275 2100/275
f 2105/275 2109/275 2113/279 2106/279
f 2114/283 2115/285 2116/275 2117/275
f 2118/275 2119/275 2120/285 2121/283
f 2122/279 2123/279 2119/275 2118/275
f 2117/275 2116/275 2124/279 2125/279
f 1981/238 1982/219 2126/3297 1967/286
f 1966/204 1978/215 1981/216 1967/203
f 1975/214 1990/3291 1993/228 1976/213
f 2127/288 2017/257 1990/3291 1975/214
f 1971/210 1986/223 1989/224 1972/209
f 2003/242 2000/239 1986/223 1971/210
f 2128/289 2129/292 2130/291 2131/290
f 2132/3298 2133/294 1949/186 1994/231
f 2134/295 2135/298 2136/297 2137/296
f 2023/263 2138/301 2139/3299 2140/3300
f 2022/264 2141/302 2138/301 2023/263
f 1952/190 2142/304 2143/303 1953/189
f 2006/246 2144/305 2142/304 1952/190
f 2145/306 2146/307 2025/3295 2028/3296
f 2147/3301 1961/196 1960/197 2148/309
f 2149/310 1959/198 1958/195 2150/3302
f 2148/309 1960/197 1969/205 2151/312
f 1982/219 1985/220 2151/312 1969/205
f 2126/3297 1968/206 1959/198 2149/310
f 2152/313 2128/289 2131/290 2153/314
f 2153/314 2131/290 2130/291 2154/315
f 2155/316 2129/292 2128/289 2152/313
f 1968/206 2126/3297 1982/219 1969/205
f 1819/317 2024/262 2156/319 1820/318
f 1811/320 2157/321 1995/232 1948/3288
f 1954/191 2158/323 2159/322 1955/194
f 1977/212 1964/201 1963/202 1974/211
f 1974/211 1963/202 2020/260 2160/324
f 2160/324 2020/260 2019/259 2161/325
f 1816/326 2021/261 2024/262 1819/317
f 2162/327 2022/264 2021/261 1816/326
f 2134/295 2163/329 2164/328 2135/298
f 2165/330 2141/302 2022/264 2162/327
f 1987/226 2166/332 2167/331 1988/225
f 2001/240 2168/333 2166/332 1987/226
f 1983/222 2169/335 2170/334 1984/221
f 2171/336 2169/335 1983/222 1980/237
f 1979/3290 2172/338 2171/337 1980/217
f 1991/230 2173/340 2174/339 1992/229
f 2018/258 2175/341 2173/340 1991/230
f 1953/189 2162/327 1816/326 1815/188
f 2143/303 2165/330 2162/327 1953/189
f 1975/214 1974/211 2160/324 2161/325
f 1989/224 2017/257 2127/288 1972/209
f 1988/225 2018/258 2017/257 1989/224
f 2167/331 2175/341 2018/258 1988/225
f 2176/3303 2177/345 2178/344 2179/3304
f 2148/309 2008/3292 2007/247 2147/3301
f 2015/3294 2180/347 2181/346 2016/254
f 2151/312 2012/3293 2008/3292 2148/309
f 2179/3304 2178/344 2181/346 2180/347
f 2153/314 2028/3296 2027/267 1812/348
f 1812/348 2027/267 2026/268 1830/245
f 1830/245 2026/268 2025/3295 2006/246
f 2154/315 2145/306 2028/3296 2153/314
f 2006/246 2025/3295 2146/307 2144/305
f 2011/251 2012/3293 2151/312 1985/220
f 1811/320 1948/3288 1951/3289 1812/348
f 1812/348 1951/3289 1950/185 2153/314
f 2153/314 1950/185 1949/186 2152/313
f 1956/349 1996/233 1999/234 1957/350
f 2150/3302 1998/235 1997/236 2149/310
f 2126/3297 2149/310 1997/236 1996/233
f 2136/351 2132/3298 1994/231 2137/352
f 2152/313 1949/186 2133/294 2155/316
f 1999/234 1998/235 2133/294 2132/3298
f 1957/353 1999/234 2132/3298 2136/351
f 2135/298 1954/191 1957/192 2136/297
f 2164/328 2158/323 1954/191 2135/298
f 2138/301 1962/199 1965/200 2139/3299
f 2141/302 2019/259 1962/199 2138/301
f 2161/325 2019/259 2141/302 2165/330
f 2144/305 2146/307 2005/244 2182/354
f 2146/307 2010/248 2004/243 2005/244
f 2007/247 2010/248 2146/307 2145/306
f 2147/3301 2007/247 2145/306 2154/315
f 2130/291 1961/196 2147/3301 2154/315
f 2129/292 1958/195 1961/196 2130/291
f 2150/3302 1958/195 2129/292 2155/316
f 2133/294 1998/235 2150/3302 2155/316
f 1956/349 1967/286 2126/3297 1996/233
f 1972/209 2127/288 1975/214 1973/208
f 2165/330 2143/303 2142/304 2161/325
f 2005/244 1970/207 1973/208 2182/354
f 2183/280 2046/276 2045/277 2184/280
f 2185/280 2186/280 2187/280 2188/280
f 2168/280 2186/280 2185/280 2189/280
f 2038/277 2037/276 2190/280 2191/280
f 2192/274 2030/272 2038/277 2191/280
f 2193/279 2194/279 2042/273 2041/275
f 2195/279 2196/279 2174/279 2173/279
f 2197/355 2195/279 2173/279 2175/279
f 2106/279 2103/279 2102/279 2104/284
f 2112/279 2103/279 2106/279 2113/279
f 2124/279 2123/279 2122/279 2125/279
f 2116/275 2119/275 2123/279 2124/279
f 2120/285 2119/275 2116/275 2115/285
f 2121/283 2120/285 2115/285 2114/283
f 2101/283 2111/283 2108/283 2107/283
f 2098/283 2101/283 2107/283 2096/282
f 2043/274 2198/274 2184/280 2045/277
f 2042/273 2194/279 2198/274 2043/274
f 2060/280 2059/280 2062/276 2061/280
f 2075/280 2078/276 2077/276 2076/280
f 2091/280 2093/276 2199/276 2092/280
f 2035/274 2200/274 2201/277 2039/276
f 2034/275 2202/273 2200/274 2035/274
f 2086/275 2085/275 2088/279 2087/279
f 2070/275 2069/275 2072/279 2071/279
f 2054/279 2053/275 2056/279 2055/279
f 1995/232 2157/356 2137/352 1994/231
f 2134/295 2137/296 2157/321 2203/357
f 2134/295 2203/357 2204/358 2163/329
f 2140/3300 2156/319 2024/262 2023/263
f 2163/329 2204/358 2156/319 2140/3300
f 2139/3299 2164/328 2163/329 2140/3300
f 1965/200 2158/323 2164/328 2139/3299
f 1964/201 2159/322 2158/323 1965/200
f 1955/194 2159/322 1964/201 1977/212
f 1976/213 1966/204 1955/194 1977/212
f 1993/228 1978/215 1966/204 1976/213
f 1992/229 1979/3290 1978/215 1993/228
f 2174/339 2172/338 1979/3290 1992/229
f 2094/276 2093/276 2091/280 2205/280
f 2089/276 2206/276 2205/280 2091/280
f 2081/274 2207/274 2206/276 2089/276
f 2080/275 2208/275 2207/274 2081/274
f 2088/279 2209/279 2208/275 2080/275
f 2085/275 2210/275 2209/279 2088/279
f 2084/274 2095/274 2210/275 2085/275
f 2199/276 2093/276 2084/274 2083/274
f 2078/276 2199/276 2083/274 2068/274
f 2092/280 2199/276 2078/276 2075/280
f 2073/276 2090/276 2092/280 2075/280
f 2065/274 2082/274 2090/276 2073/276
f 2064/275 2079/275 2082/274 2065/274
f 2072/279 2087/279 2079/275 2064/275
f 2069/275 2086/275 2087/279 2072/279
f 2068/274 2083/274 2086/275 2069/275
f 2184/279 2198/279 2211/279 2212/279
f 2213/274 2183/360 2214/359 2215/274
f 2188/280 2216/280 2217/280 2218/361
f 2189/280 2185/280 2219/280 2058/280
f 2191/279 2190/279 2060/279 2061/279
f 2192/274 2191/274 2061/274 2051/274
f 2054/279 2220/279 2192/279 2051/279
f 2221/362 2222/279 2055/279 2047/278
f 2195/279 2197/355 2223/279 2224/278
f 2196/279 2195/279 2224/278 2225/279
f 2194/279 2193/279 2226/279 2227/279
f 2198/280 2194/280 2227/280 2211/280
f 2049/274 2066/274 2074/276 2057/276
f 2048/275 2063/275 2066/274 2049/274
f 2056/279 2071/279 2063/275 2048/275
f 2053/275 2070/275 2071/279 2056/279
f 2052/274 2067/274 2070/275 2053/275
f 2062/276 2077/276 2067/274 2052/274
f 2059/280 2076/280 2077/276 2062/276
f 2057/276 2074/276 2076/280 2059/280
f 2040/277 2039/276 2205/280 2206/276
f 2036/274 2040/277 2206/276 2207/274
f 2033/273 2036/274 2207/274 2208/275
f 2034/275 2033/273 2208/275 2209/279
f 2202/273 2034/275 2209/279 2210/275
f 2200/274 2202/273 2210/275 2095/274
f 2201/277 2200/274 2095/274 2094/276
f 2205/280 2039/276 2201/277 2094/276
f 2110/275 2118/275 2121/283 2111/283
f 2112/279 2122/279 2118/275 2110/275
f 2125/279 2122/279 2112/279 2113/279
f 2109/275 2117/275 2125/279 2113/279
f 2108/283 2114/283 2117/275 2109/275
f 2108/283 2111/283 2121/283 2114/283
f 2228/363 2032/270 2031/271 2229/364
f 2230/355 2221/362 2228/363 2229/364
f 2221/362 2230/355 2220/279 2222/279
f 2220/279 2099/275 2098/283 2192/274
f 2192/274 2098/283 2096/282 2030/272
f 2097/281 2096/282 2107/283 2105/275
f 2060/279 2190/279 2189/279 2058/279
f 2219/280 2185/280 2188/280 2218/361
f 2217/280 2216/280 2213/280 2215/280
f 2214/359 2183/360 2184/279 2212/279
f 2182/354 1973/208 1975/214 2161/325
f 1984/221 2013/253 2016/254 1985/220
f 2000/239 2015/3294 2014/256 2001/240
f 2014/256 2186/365 2168/333 2001/240
f 2004/243 2176/3303 2179/3304 2002/241
f 2009/249 2178/344 2177/345 2010/248
f 2010/248 2177/345 2176/3303 2004/243
f 1985/220 2016/254 2181/346 2011/251
f 2003/242 2180/347 2015/3294 2000/239
f 2002/241 2179/3304 2180/347 2003/242
f 2011/251 2181/346 2178/344 2009/249
f 2014/256 2013/253 2187/366 2186/365
f 2013/253 1984/221 2170/334 2187/366
f 2216/280 2170/280 2169/280 2213/280
f 2188/280 2187/280 2170/280 2216/280
f 2174/279 2196/279 2231/279 2172/279
f 2231/279 2196/279 2225/279 2232/278
f 2226/279 2193/279 2231/279 2232/278
f 2172/279 2231/279 2193/279 2041/275
f 2172/279 2041/275 2044/274 2171/274
f 2171/274 2044/274 2046/276 2169/280
f 2169/280 2046/276 2183/280 2213/280
f 2233/273 2234/275 2235/274 2236/274
f 2236/274 2235/274 2237/276 2238/277
f 2224/278 2239/275 2240/274 2241/274
f 2050/274 2242/274 2243/275 2047/278
f 2223/279 2244/279 2239/275 2224/278
f 2241/274 2240/274 2245/276 2218/361
f 2218/361 2245/276 2246/280 2219/280
f 2058/280 2247/276 2242/274 2050/274
f 2248/275 2249/275 2250/274 2251/274
f 2252/274 2253/274 2254/275 2255/275
f 2256/279 2257/279 2249/275 2248/275
f 2251/274 2250/274 2258/276 2259/276
f 2259/276 2258/276 2260/280 2261/280
f 2262/276 2263/276 2253/274 2252/274
f 2264/275 2265/275 2266/274 2267/274
f 2268/274 2269/274 2270/275 2271/275
f 2272/279 2273/279 2265/275 2264/275
f 2267/274 2266/274 2274/276 2275/276
f 2275/276 2274/276 2276/280 2277/280
f 2278/276 2279/276 2280/274 2269/274
f 2219/280 2246/280 2247/276 2058/280
f 2260/280 2263/276 2262/276 2261/280
f 2276/280 2278/276 2281/276 2277/280
f 2235/274 2282/274 2283/277 2237/276
f 2234/275 2284/273 2282/274 2235/274
f 2271/275 2270/275 2273/279 2272/279
f 2255/275 2254/275 2257/279 2256/279
f 2047/278 2243/275 2244/279 2223/279
f 2279/276 2278/276 2276/280 2285/280
f 2274/276 2286/276 2285/280 2276/280
f 2266/274 2287/274 2286/276 2274/276
f 2265/275 2288/275 2287/274 2266/274
f 2273/279 2289/279 2288/275 2265/275
f 2270/275 2290/275 2289/279 2273/279
f 2269/274 2280/274 2290/275 2270/275
f 2281/276 2278/276 2269/274 2268/274
f 2263/276 2281/276 2268/274 2253/274
f 2277/280 2281/276 2263/276 2260/280
f 2258/276 2275/276 2277/280 2260/280
f 2250/274 2267/274 2275/276 2258/276
f 2249/275 2264/275 2267/274 2250/274
f 2257/279 2272/279 2264/275 2249/275
f 2254/275 2271/275 2272/279 2257/279
f 2253/274 2268/274 2271/275 2254/275
f 2240/274 2251/274 2259/276 2245/276
f 2239/275 2248/275 2251/274 2240/274
f 2244/279 2256/279 2248/275 2239/275
f 2243/275 2255/275 2256/279 2244/279
f 2242/274 2252/274 2255/275 2243/275
f 2247/276 2262/276 2252/274 2242/274
f 2246/280 2261/280 2262/276 2247/276
f 2245/276 2259/276 2261/280 2246/280
f 2238/277 2237/276 2285/280 2286/276
f 2236/274 2238/277 2286/276 2287/274
f 2233/273 2236/274 2287/274 2288/275
f 2234/275 2233/273 2288/275 2289/279
f 2284/273 2234/275 2289/279 2290/275
f 2282/274 2284/273 2290/275 2280/274
f 2283/277 2282/274 2280/274 2279/276
f 2285/280 2237/276 2283/277 2279/276
f 2291/273 2292/275 2293/274 2294/274
f 2294/274 2293/274 2295/276 2296/277
f 2232/278 2297/275 2298/274 2299/274
f 2241/274 2300/274 2301/275 2224/278
f 2225/279 2302/279 2297/275 2232/278
f 2299/274 2298/274 2303/276 2215/280
f 2215/280 2303/276 2304/280 2217/280
f 2218/361 2305/276 2300/274 2241/274
f 2306/275 2307/275 2308/274 2309/274
f 2310/274 2311/274 2312/275 2313/275
f 2314/279 2315/279 2307/275 2306/275
f 2309/274 2308/274 2316/276 2317/276
f 2317/276 2316/276 2318/280 2319/280
f 2320/276 2321/276 2311/274 2310/274
f 2322/275 2323/275 2324/274 2325/274
f 2326/274 2327/274 2328/275 2329/275
f 2330/279 2331/279 2323/275 2322/275
f 2325/274 2324/274 2332/276 2333/276
f 2333/276 2332/276 2334/280 2335/280
f 2336/276 2337/276 2338/274 2327/274
f 2217/280 2304/280 2305/276 2218/361
f 2318/280 2321/276 2320/276 2319/280
f 2334/280 2336/276 2339/276 2335/280
f 2293/274 2340/274 2341/277 2295/276
f 2292/275 2342/273 2340/274 2293/274
f 2329/275 2328/275 2331/279 2330/279
f 2313/275 2312/275 2315/279 2314/279
f 2224/278 2301/275 2302/279 2225/279
f 2337/276 2336/276 2334/280 2343/280
f 2332/276 2344/276 2343/280 2334/280
f 2324/274 2345/274 2344/276 2332/276
f 2323/275 2346/275 2345/274 2324/274
f 2331/279 2347/279 2346/275 2323/275
f 2328/275 2348/275 2347/279 2331/279
f 2327/274 2338/274 2348/275 2328/275
f 2339/276 2336/276 2327/274 2326/274
f 2321/276 2339/276 2326/274 2311/274
f 2335/280 2339/276 2321/276 2318/280
f 2316/276 2333/276 2335/280 2318/280
f 2308/274 2325/274 2333/276 2316/276
f 2307/275 2322/275 2325/274 2308/274
f 2315/279 2330/279 2322/275 2307/275
f 2312/275 2329/275 2330/279 2315/279
f 2311/274 2326/274 2329/275 2312/275
f 2298/274 2309/274 2317/276 2303/276
f 2297/275 2306/275 2309/274 2298/274
f 2302/279 2314/279 2306/275 2297/275
f 2301/275 2313/275 2314/279 2302/279
f 2300/274 2310/274 2313/275 2301/275
f 2305/276 2320/276 2310/274 2300/274
f 2304/280 2319/280 2320/276 2305/276
f 2303/276 2317/276 2319/280 2304/280
f 2296/277 2295/276 2343/280 2344/276
f 2294/274 2296/277 2344/276 2345/274
f 2291/273 2294/274 2345/274 2346/275
f 2292/275 2291/273 2346/275 2347/279
f 2342/273 2292/275 2347/279 2348/275
f 2340/274 2342/273 2348/275 2338/274
f 2341/277 2340/274 2338/274 2337/276
f 2343/280 2295/276 2341/277 2337/276
f 2349/273 2350/275 2351/274 2352/274
f 2352/274 2351/274 2353/276 2354/277
f 2227/279 2355/275 2356/274 2211/274
f 2299/274 2357/274 2358/275 2232/278
f 2226/279 2359/279 2355/275 2227/279
f 2211/274 2356/274 2360/276 2212/280
f 2212/280 2360/276 2361/280 2214/280
f 2215/280 2362/276 2357/274 2299/274
f 2363/275 2364/275 2365/274 2366/274
f 2367/274 2368/274 2369/275 2370/275
f 2371/279 2372/279 2364/275 2363/275
f 2366/274 2365/274 2373/276 2374/276
f 2374/276 2373/276 2375/280 2376/280
f 2377/276 2378/276 2368/274 2367/274
f 2379/275 2380/275 2381/274 2382/274
f 2383/274 2384/274 2385/275 2386/275
f 2387/279 2388/279 2380/275 2379/275
f 2382/274 2381/274 2389/276 2390/276
f 2390/276 2389/276 2391/280 2392/280
f 2393/276 2394/276 2395/274 2384/274
f 2214/280 2361/280 2362/276 2215/280
f 2375/280 2378/276 2377/276 2376/280
f 2391/280 2393/276 2396/276 2392/280
f 2351/274 2397/274 2398/277 2353/276
f 2350/275 2399/273 2397/274 2351/274
f 2386/275 2385/275 2388/279 2387/279
f 2370/275 2369/275 2372/279 2371/279
f 2232/278 2358/275 2359/279 2226/279
f 2394/276 2393/276 2391/280 2400/280
f 2389/276 2401/276 2400/280 2391/280
f 2381/274 2402/274 2401/276 2389/276
f 2380/275 2403/275 2402/274 2381/274
f 2388/279 2404/279 2403/275 2380/275
f 2385/275 2405/275 2404/279 2388/279
f 2384/274 2395/274 2405/275 2385/275
f 2396/276 2393/276 2384/274 2383/274
f 2378/276 2396/276 2383/274 2368/274
f 2392/280 2396/276 2378/276 2375/280
f 2373/276 2390/276 2392/280 2375/280
f 2365/274 2382/274 2390/276 2373/276
f 2364/275 2379/275 2382/274 2365/274
f 2372/279 2387/279 2379/275 2364/275
f 2369/275 2386/275 2387/279 2372/279
f 2368/274 2383/274 2386/275 2369/275
f 2356/274 2366/274 2374/276 2360/276
f 2355/275 2363/275 2366/274 2356/274
f 2359/279 2371/279 2363/275 2355/275
f 2358/275 2370/275 2371/279 2359/279
f 2357/274 2367/274 2370/275 2358/275
f 2362/276 2377/276 2367/274 2357/274
f 2361/280 2376/280 2377/276 2362/276
f 2360/276 2374/276 2376/280 2361/280
f 2354/277 2353/276 2400/280 2401/276
f 2352/274 2354/277 2401/276 2402/274
f 2349/273 2352/274 2402/274 2403/275
f 2350/275 2349/273 2403/275 2404/279
f 2399/273 2350/275 2404/279 2405/275
f 2397/274 2399/273 2405/275 2395/274
f 2398/277 2397/274 2395/274 2394/276
f 2400/280 2353/276 2398/277 2394/276
f 2223/279 2197/355 2221/362 2047/278
f 2221/362 2197/355 2175/279 2228/363
f 2055/279 2222/279 2220/279 2054/279
f 1809/367 1820/318 2156/319 2204/358
f 1773/3279 1820/43 1809/39 1784/10
f 1783/11 1774/4 1773/3279 1784/10
f 1790/19 1785/14 1774/4 1783/18
f 1938/170 1936/3287 1785/14 1790/19
f 1879/95 1874/92 1936/3287 1938/170
f 1878/96 1875/93 1874/92 1879/95
f 2203/357 1810/368 1809/367 2204/358
f 2157/321 1811/320 1810/368 2203/357
f 2190/280 2037/276 2168/280 2189/280
f 2168/280 2037/276 2029/269 2166/274
f 2166/274 2029/269 2032/270 2167/369
f 2230/355 2102/279 2099/275 2220/279
f 2104/284 2102/279 2230/355 2229/364
f 2031/271 2097/281 2104/284 2229/364
f 2175/279 2167/369 2032/270 2228/363
f 1824/4 2406/370 1828/43 1827/176
f 2407/371 2408/374 2409/373 2410/372
f 2408/374 2411/376 2412/375 2409/373
f 2411/376 2413/378 2414/377 2412/375
f 2413/378 26/380 25/379 2414/377
f 27/381 2415/384 2416/383 28/382
f 2415/384 2417/386 2418/385 2416/383
f 2417/386 2419/388 2420/387 2418/385
f 2419/388 2421/390 2422/389 2420/387
f 2421/390 2423/392 2424/391 2422/389
f 2425/393 2407/396 2410/395 2426/394
f 2410/176 2409/370 2427/397 2428/4
f 2409/176 2412/370 2429/397 2427/4
f 2412/176 2414/370 2430/397 2429/4
f 2414/176 25/370 29/397 2430/4
f 28/176 2416/370 2431/397 1772/4
f 2416/176 2418/370 2432/397 2431/4
f 2418/176 2420/370 2433/397 2432/4
f 2420/176 2422/370 2434/397 2433/4
f 2422/176 2424/370 2435/397 2434/4
f 2426/398 2410/370 2428/397 2436/399
f 2428/176 2427/370 2437/397 2438/4
f 2427/176 2429/370 2439/397 2437/4
f 2429/176 2430/370 2440/397 2439/4
f 2430/176 29/370 31/400 2440/4
f 1772/176 2431/370 2441/397 32/401
f 2431/176 2432/370 2442/397 2441/4
f 2432/176 2433/370 2443/397 2442/4
f 2433/176 2434/370 2444/397 2443/4
f 2434/176 2435/370 2445/397 2444/4
f 2436/402 2428/370 2438/397 2446/403
f 33/404 2447/3305 2448/406 34/405
g Group46480
f 2449/408 2450/3306 36/410 35/409
g Group2
f 2451/412 2452/415 2453/414 2454/413
f 2455/416 2456/419 2457/418 2458/3307
f 37/420 2459/423 2460/422 38/421
f 2461/424 2462/3308 2463/426 2464/425
f 2465/428 2466/431 2467/430 2468/429
f 2469/432 2470/3309 2471/434 2472/433
f 2473/3310 2474/3311 2475/3312 2476/437
f 2454/413 2453/414 2470/3309 2469/432
g Group46480
f 2477/440 2478/443 2479/442 2480/441
f 39/444 2481/447 2482/446 40/445
g Group2
f 2483/3313 2484/451 42/450 41/449
g Group46480
f 39/444 43/453 2485/452 2481/447
f 2478/443 2477/440 2486/455 2487/454
g Group2
f 2488/456 2489/459 2490/458 2491/3314
f 2492/3315 2493/463 45/462 44/461
f 2494/3316 2495/3317 47/466 46/465
f 2496/468 2497/471 2498/470 2499/469
f 2500/472 2501/475 2502/3318 2503/473
f 2504/476 2505/3319 2506/3320 2507/477
f 2508/480 2509/481 2505/3319 2504/476
f 2510/482 2511/483 2509/481 2508/480
f 2512/3321 2513/3322 2514/3323 2515/485
f 2516/488 2517/3324 2518/3325 2519/489
f 2520/492 2521/495 2522/494 2523/3326
f 1821/496 2524/499 2525/498 1822/497
f 2524/499 1821/496 1840/501 2526/3327
f 2527/502 2467/430 2466/431 2528/503
f 2529/504 2458/3307 2467/430 2527/502
f 2530/505 2455/416 2458/3307 2529/504
f 2531/506 2532/509 2533/3328 2534/507
f 2535/510 2536/513 2537/512 2538/511
f 48/514 2539/515 2447/3305 33/404
g Group46480
f 2485/452 2540/518 2541/517 2542/516
f 2543/519 2544/3329 2487/454 2486/455
g Group2
f 2545/521 2546/524 2547/523 2548/3330
g Group46480
f 2549/3331 2550/526 2544/3329 2543/519
g Group2
f 2551/527 2552/3332 2553/529 2554/528
f 2555/531 2551/527 2556/533 2557/3333
f 2558/534 2559/537 2560/536 2561/535
g Group46480
f 2562/538 2563/541 2564/540 2565/539
f 2566/542 2481/447 2485/452 2542/516
f 2482/446 2481/447 2566/542 2567/3334
g Group2
f 2460/422 2459/544 2552/3332 2551/527
f 2447/3305 2539/515 2555/531 2568/545
f 2448/406 2447/3305 2568/545 2569/546
f 2570/547 2571/550 2572/549 2573/548
g Group46480
f 2574/551 2477/440 2480/441 2575/552
f 2576/3335 2486/455 2477/440 2574/551
g Group2
f 2577/3336 2578/557 2579/3337 2580/3338
f 2581/558 2582/561 2583/560 2584/559
f 3455/3339 2586/3340 2587/3341 3454/3342
f 2589/3343 2590/3344 2591/567 2572/549
f 2591/567 2592/3345 2573/548 2572/549
f 2580/3338 2593/3346 2594/570 2577/3336
f 2582/561 2595/573 2596/572 2583/560
f 2587/3341 2597/3347 3462/3348 3454/3342
f 2597/3347 2599/3349 3461/3350 3462/3348
f 2601/3351 2602/3352 3457/3353 3458/3354
f 2603/3355 2586/3340 3455/3339 3456/3356
f 2605/584 2606/3357 2596/572 2595/573
f 2607/3358 2493/463 2492/3315 2608/587
f 2609/588 2495/3317 2494/3316 2610/589
f 2473/3310 2611/592 50/591 49/590
f 2612/593 2607/3358 2608/587 2613/594
f 2609/588 2610/589 2606/3357 2605/584
f 2614/595 2615/596 2484/451 2483/3313
g Group46480
f 2616/597 2617/3359 2450/3306 2449/408
f 2485/452 43/453 51/599 2540/518
g Group2
f 2611/592 2494/3316 46/465 50/591
f 2610/589 2494/3316 2611/592 2618/3360
f 2606/3357 2610/589 2618/3360 2619/601
f 2596/572 2606/3357 2619/601 2620/602
f 2583/560 2596/572 2588/3361 2598/3362
f 2584/559 2583/560 2598/3362 2600/3363
f 2619/601 2618/3360 2476/437 2604/3364
f 2596/572 2620/602 2585/3365 2588/3361
f 2493/463 2483/3313 41/449 45/462
f 2621/608 2622/609 2615/596 2614/595
g Group46480
f 2623/610 2624/611 2617/3359 2616/597
g Group2
f 2625/612 2626/615 2627/614 2628/3366
f 2629/616 2628/3366 2627/614 2630/617
f 2631/3367 2629/616 2630/617 2632/619
f 2633/620 2634/623 2635/3368 2636/3369
f 2637/3370 2638/627 2639/626 2640/3371
f 2641/628 2642/629 2638/627 2637/3370
f 2643/630 2644/631 2642/629 2641/628
f 2645/3372 2646/635 2647/634 2648/633
f 2649/3373 2650/3374 2651/638 2652/3375
f 2653/640 2654/643 2655/642 2656/641
f 1860/644 2657/647 2658/646 1919/645
f 2497/471 2659/648 2581/558 2498/470
f 2659/648 2660/649 2582/561 2581/558
f 2660/649 2661/3376 2595/573 2582/561
f 2613/594 2605/584 2595/573 2661/3376
f 2608/587 2609/588 2605/584 2613/594
f 2608/587 2492/3315 2495/3317 2609/588
f 47/466 2495/3317 2492/3315 44/3377
f 2662/651 2489/459 2548/3330 2663/652
f 2658/646 2657/647 2654/643 2653/640
f 2664/653 2665/3378 2626/615 2625/612
f 2621/608 2614/595 2607/3358 2612/593
f 3503/3379 3504/3380 3505/3381 3506/3382
f 2607/3358 2614/595 2670/660 2671/659
f 2614/595 2483/3313 2672/661 2670/660
f 2483/3313 2493/463 2673/662 2672/661
f 2493/463 2607/3358 2671/659 2673/662
f 2671/659 2670/660 2667/664 2666/3379
f 2670/660 2672/661 2668/665 2667/664
f 2672/661 2673/662 2669/3382 2668/665
f 2673/662 2671/659 2666/3379 2669/3382
f 2665/3378 2664/653 2475/3312 2474/3311
f 2573/548 2592/3345 2674/3383 2675/3384
f 2570/547 2573/548 2675/3384 2676/669
f 2640/3371 2639/626 2677/671 2678/3385
f 2457/418 2468/429 2467/430 2458/3307
f 3459/3386 2680/3387 2601/3351 3458/3354
f 2571/550 2679/3388 2589/3343 2572/549
f 2580/3338 2579/3337 2457/418 2456/419
f 2456/419 2498/470 2593/3346 2580/3338
g Group46480
f 2681/675 52/676 36/410 2450/3306
f 2682/677 2681/675 2450/3306 2617/3359
f 2683/678 2682/677 2617/3359 2624/611
f 2562/538 2684/680 2685/679 2563/541
f 2686/681 2687/683 2688/682 2558/534
g Group2
f 2615/596 2622/609 2689/685 2690/3389
f 2484/451 2615/596 2690/3389 2691/686
f 42/450 2484/451 2691/686 53/687
f 2692/688 2574/551 2575/552 2693/689
f 2694/690 2576/3335 2574/551 2692/688
g Group46480
f 2554/528 2553/529 2549/3331 2543/519
f 2695/691 2696/692 2549/3331 2553/529
f 54/693 2696/692 2695/691 55/694
f 2543/519 2486/455 2576/3335 2554/528
g Group2
f 2694/690 2692/688 2537/512 2536/513
f 2539/515 2460/422 2551/527 2555/531
f 38/421 2460/422 2539/515 48/514
f 2464/425 2463/426 2501/475 2500/472
f 2697/695 2698/698 2699/3390 2700/696
f 2503/473 2502/3318 2452/415 2451/412
f 2490/458 2489/459 2662/651 2701/699
f 2702/700 2703/701 2531/506 2534/507
f 2704/702 2705/705 2706/3391 2707/703
f 2453/414 2452/415 2530/505 2529/504
f 2496/468 2499/469 2708/707 2709/3392
f 2710/3393 2538/511 2537/512 2711/3394
f 2712/710 2496/468 2709/3392 2713/3395
f 2499/469 2455/416 2714/712 2708/707
f 2455/416 2530/505 2715/713 2714/712
f 2463/426 2462/3308 2716/715 2717/714
f 2501/475 2463/426 2717/714 2718/716
f 2502/3318 2501/475 2718/716 2719/717
f 2452/415 2502/3318 2719/717 2720/718
f 2715/713 2530/505 2452/415 2720/718
f 2721/3396 2722/722 2723/721 2724/3397
f 2725/723 2710/3393 2726/725 2727/724
f 2710/3393 2713/3395 2728/3398 2726/725
f 2713/3395 2709/3392 2729/727 2728/3398
f 2708/707 2714/712 2730/729 2731/728
f 2714/712 2715/713 2732/3399 2730/729
f 2717/714 2716/715 2733/732 2734/731
f 2716/715 2725/723 2727/724 2733/732
f 2718/716 2717/714 2734/731 2735/733
f 2719/717 2718/716 2735/733 2736/734
f 2720/718 2719/717 2736/734 2737/735
f 2715/713 2720/718 2737/735 2732/3399
f 2707/703 2738/737 2723/721 2739/3400
f 2727/724 2726/725 2532/509 2531/506
f 2726/725 2728/3398 2533/3328 2532/509
f 2740/738 2741/741 2742/740 2743/739
f 2744/742 2745/745 2746/744 2747/3401
f 2745/745 2748/747 2749/746 2746/744
f 2750/748 2751/751 2752/750 2753/749
f 2754/3402 2750/748 2753/749 2755/753
f 2756/754 2754/3402 2755/753 2757/3403
f 2758/756 2756/754 2757/3403 2759/757
f 2748/747 2758/756 2759/757 2749/746
f 2406/758 2760/759 2547/523 2546/524
f 2547/523 2761/760 2663/652 2548/3330
f 2760/759 2762/761 2761/760 2547/523
f 2448/406 2569/546 2762/761 2763/762
f 2761/760 2762/761 2569/546 2568/545
f 2663/652 2761/760 2568/545 2764/763
f 2662/651 2765/765 2766/764 2701/699
f 2662/651 2663/652 2764/763 2765/765
f 2557/3333 2556/533 2536/513 2535/510
f 2551/527 2694/690 2536/513 2556/533
f 2554/528 2576/3335 2694/690 2551/527
f 2763/762 2762/761 2760/759 2767/766
f 2768/767 1839/770 1828/769 2769/3404
f 1828/769 2406/758 2546/524 2769/3404
f 2489/459 2488/456 2545/521 2548/3330
g Group46480
f 2479/442 2478/443 2770/772 2771/771
g Group2
f 2701/699 2766/764 2725/723 2716/715
f 2519/489 2518/3325 2513/3322 2512/3321
f 2652/3375 2651/638 2646/635 2645/3372
f 2462/3308 2490/458 2701/699 2716/715
f 2491/3314 2490/458 2462/3308 2461/424
f 2523/3326 2522/494 2517/3324 2516/488
f 2656/641 2655/642 2650/3374 2649/3373
f 2545/521 2768/767 2769/3404 2546/524
f 2524/499 2521/495 2520/492 2525/498
f 2526/3327 1840/501 1839/770 2768/767
f 2488/456 2526/3327 2768/767 2545/521
f 2524/499 2526/3327 2488/456 2521/495
f 2522/494 2521/495 2488/456 2491/3314
f 2517/3324 2522/494 2491/3314 2461/424
f 2518/3325 2517/3324 2461/424 2464/425
f 2513/3322 2518/3325 2464/425 2500/472
f 2514/3323 2513/3322 2500/472 2503/473
f 2509/481 2511/483 2451/412 2454/413
f 2505/3319 2509/481 2454/413 2469/432
f 2506/3320 2505/3319 2469/432 2472/433
f 2678/3385 2677/671 2633/620 2636/3369
g Group46480
f 2772/773 2449/408 35/409 56/774
f 2773/775 2616/597 2449/408 2772/773
f 2774/776 2623/610 2616/597 2773/775
g Group2
f 53/687 2691/686 2775/778 57/777
f 2776/779 2775/778 2691/686 2690/3389
f 2777/780 2776/779 2690/3389 2689/685
f 2778/781 2779/3405 2744/742 2747/3401
f 2457/418 2579/3337 2571/550 2570/547
f 2579/3337 2578/557 2679/3388 2571/550
f 3460/3406 2780/784 2680/3387 3459/3386
f 2499/469 2498/470 2456/419 2455/416
f 2593/3346 2498/470 2581/558 2584/559
f 2594/570 2593/3346 2584/559 2600/3363
g Group46480
f 2563/541 2685/679 2683/678 2624/611
f 2564/540 2563/541 2624/611 2623/610
g Group2
f 2560/536 2777/780 2689/685 2561/535
f 2781/785 2479/442 2771/771 2782/786
f 2480/441 2479/442 2781/785 2783/3407
f 2575/552 2480/441 2783/3407 2784/788
f 2693/689 2575/552 2784/788 2785/789
f 2711/3394 2693/689 2785/789 2712/710
f 2710/3393 2711/3394 2712/710 2713/3395
f 2661/3376 2786/790 2612/593 2613/594
f 2783/3407 2781/785 2661/3376 2660/649
f 2784/788 2783/3407 2660/649 2659/648
f 2785/789 2784/788 2659/648 2497/471
f 2712/710 2785/789 2497/471 2496/468
f 2561/535 2787/791 2686/681 2558/534
f 2661/3376 2781/785 2782/786 2786/790
f 2689/685 2622/609 2787/791 2561/535
f 2511/483 2514/3323 2503/473 2451/412
f 2515/485 2514/3323 2511/483 2510/482
f 2648/633 2647/634 2644/631 2643/630
g Group46480
f 2558/534 2688/682 2788/792 2559/537
f 2688/682 2562/538 2565/539 2788/792
f 2688/682 2687/683 2684/680 2562/538
f 2770/772 2478/443 2487/454 2789/793
f 2544/3329 2790/794 2789/793 2487/454
f 2791/795 2564/540 2623/610 2774/776
f 2565/539 2564/540 2791/795 2788/792
g Group2
f 2599/3349 2597/3347 2792/797 2793/796
f 2597/3347 2587/3341 2794/798 2792/797
f 2587/3341 2586/3340 2795/799 2794/798
f 2586/3340 2603/3355 2796/800 2795/799
f 2603/3355 2602/3352 2797/801 2796/800
f 2602/3352 2601/3351 2798/802 2797/801
f 2601/3351 2680/3387 2799/803 2798/802
f 2680/3387 2780/784 2800/804 2799/803
f 2780/784 2599/3349 2793/796 2800/804
f 2525/498 2657/647 1860/644 1822/497
f 2520/492 2654/643 2657/647 2525/498
f 2523/3326 2655/642 2654/643 2520/492
f 2516/488 2650/3374 2655/642 2523/3326
f 2519/489 2651/638 2650/3374 2516/488
f 2512/3321 2646/635 2651/638 2519/489
f 2515/485 2647/634 2646/635 2512/3321
f 2510/482 2644/631 2647/634 2515/485
f 2508/480 2642/629 2644/631 2510/482
f 2504/476 2638/627 2642/629 2508/480
f 2507/477 2639/626 2638/627 2504/476
f 2506/3320 2677/671 2639/626 2507/477
f 2633/620 2677/671 2506/3320 2472/433
f 2471/434 2634/623 2633/620 2472/433
f 2629/616 2631/3367 2528/503 2466/431
f 2628/3366 2629/616 2466/431 2465/428
f 2801/805 2625/612 2628/3366 2465/428
f 2664/653 2625/612 2801/805 2674/3383
f 2475/3312 2664/653 2674/3383 2592/3345
f 2476/437 2475/3312 2592/3345 2591/567
f 2590/3344 2604/3364 2476/437 2591/567
f 2603/3355 3456/3356 3457/3353 2602/3352
f 2626/615 2665/3378 59/807 58/806
f 2627/614 2626/615 58/806 60/808
f 2630/617 2627/614 60/810 61/809
f 2632/619 2630/617 61/809 62/811
f 2636/3369 2635/3368 64/813 63/812
f 65/814 2678/3385 2636/3369 63/812
f 66/815 2640/3371 2678/3385 65/814
f 67/816 2637/3370 2640/3371 66/815
f 68/817 2641/628 2637/3370 67/816
f 69/818 2643/630 2641/628 68/817
f 70/819 2648/633 2643/630 69/818
f 71/820 2645/3372 2648/633 70/819
f 72/821 2652/3375 2645/3372 71/820
f 73/822 2649/3373 2652/3375 72/821
f 74/823 2656/641 2649/3373 73/822
f 75/824 2653/640 2656/641 74/823
f 2453/414 2529/504 2527/502 2470/3309
f 2471/434 2470/3309 2527/502 2528/503
f 2528/503 2631/3367 2634/623 2471/434
f 2635/3368 2634/623 2631/3367 2632/619
f 64/813 2635/3368 2632/619 62/811
f 2731/728 2730/729 2745/745 2744/742
f 2802/3408 2747/3401 2803/827 2804/826
f 2730/729 2732/3399 2748/747 2745/745
f 2805/3409 2806/829 2746/744 2749/746
f 2734/731 2733/732 2751/751 2750/748
f 2727/724 2752/750 2751/751 2733/732
f 2703/701 2702/700 2753/749 2752/750
f 2735/733 2734/731 2750/748 2754/3402
f 2702/700 2807/830 2755/753 2753/749
f 2736/734 2735/733 2754/3402 2756/754
f 2807/830 2808/831 2757/3403 2755/753
f 2737/735 2736/734 2756/754 2758/756
f 2808/831 2809/3410 2759/757 2757/3403
f 2732/3399 2737/735 2758/756 2748/747
f 2809/3410 2805/3409 2749/746 2759/757
f 2810/833 2811/834 2779/3405 2778/781
f 2811/834 2731/728 2744/742 2779/3405
f 2802/3408 2810/833 2778/781 2747/3401
f 2703/701 2752/750 2727/724 2531/506
f 2534/507 2533/3328 2743/739 2742/740
f 2810/833 2802/3408 2804/826 2812/835
f 2806/829 2805/3409 2813/836 2803/827
f 2807/830 2702/700 2814/838 2815/837
f 2702/700 2534/507 2742/740 2814/838
f 2808/831 2807/830 2815/837 2816/839
f 2811/834 2810/833 2812/835 2817/3411
f 2809/3410 2808/831 2816/839 2818/841
f 2805/3409 2809/3410 2818/841 2813/836
f 2724/3397 2723/721 2738/737 2819/3412
f 2728/3398 2729/727 2741/741 2740/738
f 2533/3328 2728/3398 2740/738 2743/739
f 2819/3412 2738/737 2707/703 2706/3391
f 2801/805 2676/669 2675/3384 2674/3383
f 2801/805 2465/428 2468/429 2676/669
f 2812/835 2804/826 2698/698 2697/695
f 2804/826 2803/827 2699/3390 2698/698
f 2803/827 2813/836 2700/696 2699/3390
f 2815/837 2814/838 2705/705 2704/702
f 2814/838 2742/740 2706/3391 2705/705
f 2813/836 2818/841 2820/843 2700/696
f 2709/3392 2708/707 2722/722 2721/3396
f 2708/707 2731/728 2723/721 2722/722
f 2729/727 2709/3392 2721/3396 2724/3397
f 2731/728 2811/834 2739/3400 2723/721
f 2811/834 2817/3411 2707/703 2739/3400
f 2741/741 2729/727 2724/3397 2819/3412
f 2742/740 2741/741 2819/3412 2706/3391
f 2457/418 2570/547 2676/669 2468/429
f 2817/3411 2812/835 2704/702 2707/703
f 2704/702 2812/835 2697/695 2815/837
f 2820/843 2815/837 2697/695 2700/696
f 2816/839 2815/837 2820/843 2818/841
f 2746/744 2806/829 2803/827 2747/3401
g Group46480
f 2821/844 2822/3413 2790/794 2544/3329
f 2550/526 2567/3334 2821/844 2544/3329
f 2823/846 2482/446 2567/3334 2550/526
f 40/445 2482/446 2823/846 76/847
f 2542/516 2541/517 2822/3413 2821/844
f 2567/3334 2566/542 2542/516 2821/844
g Group2
f 59/807 2665/3378 2474/3311 77/848
f 2474/3311 2473/3310 49/590 77/848
f 2786/790 2622/609 2621/608 2612/593
f 2686/681 2787/791 2782/786 2771/771
g Group46480
f 2687/683 2686/681 2771/771 2770/772
f 2684/680 2687/683 2770/772 2789/793
f 2685/679 2684/680 2789/793 2790/794
f 2683/678 2685/679 2790/794 2822/3413
f 2682/677 2683/678 2822/3413 2541/517
f 2681/675 2682/677 2541/517 2540/518
f 52/676 2681/675 2540/518 51/599
g Group2
f 78/849 2658/646 2653/640 75/824
f 1919/645 2658/646 78/849 22/850
f 2448/176 1899/4 2/397 34/370
f 2406/176 1824/4 1823/397 2760/370
f 2763/176 1863/4 1899/397 2448/370
f 2760/176 1823/4 1864/851 2767/182
f 2767/182 1864/851 1863/397 2763/370
f 2780/784 3460/3414 3461/3350 2599/3349
f 2786/790 2782/786 2787/791 2622/609
f 2473/3310 2476/437 2618/3360 2611/592
f 2620/602 2619/601 2604/3364 2585/3365
g Group46480
f 76/847 2823/846 2696/692 54/693
f 2696/692 2823/846 2550/526 2549/3331
g Group2
f 2568/545 2555/531 2557/3333 2764/763
f 2764/763 2557/3333 2535/510 2765/765
f 2765/765 2535/510 2538/511 2766/764
f 2766/764 2538/511 2710/3393 2725/723
f 2537/512 2692/688 2693/689 2711/3394
f 2459/544 2695/691 2553/529 2552/3332
f 55/853 2695/854 2459/423 37/420
g Group46480
f 56/176 79/856 2824/855 2772/370
f 2772/176 2824/858 2825/857 2773/370
f 2773/176 2825/860 2826/859 2774/370
f 2827/861 2826/859 2443/397 2444/4
f 2828/862 2827/863 2444/397 2445/4
g Group2
f 2775/778 2829/865 80/864 57/777
f 2776/779 2830/866 2829/865 2775/778
f 2777/780 2831/867 2830/866 2776/779
g Group46480
f 2559/537 2832/537 2833/868 2560/536
g Group2
f 2560/536 2833/868 2831/867 2777/780
g Group46480
f 2788/176 2791/370 2827/863 2828/862
f 2791/176 2774/370 2826/859 2827/861
f 2825/860 2442/4 2443/397 2826/859
f 2824/858 2441/4 2442/397 2825/857
f 79/856 32/401 2441/397 2824/855
g Group2
f 2829/176 2440/4 31/400 80/370
f 2830/176 2439/4 2440/397 2829/370
f 2831/176 2437/4 2439/397 2830/370
f 2833/176 2438/4 2437/397 2831/370
f 2832/869 2446/403 2438/397 2833/370
f 2435/176 2436/402 2446/403 2445/4
f 2424/176 2426/398 2436/399 2435/4
f 2423/392 2425/393 2426/394 2424/391
g Group46480
f 2788/176 2828/4 2832/397 2559/370
f 2445/370 2446/403 2832/869 2828/870
g Group2
f 1864/83 1823/47 1826/48 1865/83
f 1799/29 1847/67 1865/178 1826/177
f 1805/35 1841/63 1842/64 2834/871
f 1804/36 1843/65 1841/63 1805/35
f 1845/66 1843/65 1804/36 1837/60
f 1808/37 1844/37 1845/66 1837/60
f 1791/21 1894/113 1844/37 1808/37
f 1894/113 1791/21 1794/22 1895/112
f 1861/3281 1897/114 1898/115 1793/23
f 1918/150 1897/114 1861/3281 1920/151
f 21/152 20/149 1918/150 1920/151
f 16/139 13/139 1912/140 1913/143
f 1925/158 1866/85 1869/86 1926/161
f 1927/160 1926/161 1869/86 1882/100
f 1942/173 1927/160 1882/100 1940/172
f 1924/155 1942/173 1940/172 1787/16
f 1921/154 1924/155 1787/16 1780/6
f 1779/7 1929/162 1921/154 1780/6
f 1931/164 1930/163 1929/162 1779/7
f 1895/112 1898/115 1858/78 1896/111
f 1794/22 1793/23 1898/115 1895/112
f 1868/87 2835/872 1881/99 1880/98
f 1867/88 2836/873 2835/872 1868/87
f 14/139 81/139 2837/874 1911/141
f 2838/875 2839/877 2840/156 2841/876
f 82/878 11/135 1910/136 2842/879
f 2843/880 83/881 10/134 1907/131
f 2844/882 2845/3415 1871/3282 1870/89
f 1875/93 2846/884 2844/882 1870/89
f 2847/885 2846/884 1875/93 1878/96
f 1877/3283 2848/17 2847/885 1878/96
f 1881/99 2849/886 2848/17 1877/3283
f 2835/872 2841/876 2849/886 1881/99
f 2836/873 2838/875 2841/876 2835/872
f 81/139 82/878 2842/879 2837/874
f 2845/3415 2844/882 2850/888 2851/887
f 2845/3415 2843/880 1907/131 1871/3282
f 1871/3282 1907/131 1908/3285 1872/90
f 1872/90 1908/3285 1946/174 1934/3286
f 1906/130 1853/73 1934/3286 1946/174
f 1904/125 1851/72 1853/73 1906/130
f 1851/72 1904/125 1905/3284 1852/71
f 1903/123 1884/101 1852/71 1905/3284
f 1884/101 1903/123 1901/119 1849/69
f 1849/69 1901/119 1902/120 1850/68
f 1862/179 1850/68 1902/120 1900/181
f 1899/118 1863/84 1862/82 1900/117
f 84/889 83/881 2843/880 2852/890
f 2849/886 2841/876 2840/156 2853/891
f 1825/49 1824/49 1827/52 1806/50
f 1805/35 1800/32 1825/176 1806/34
f 2142/304 2144/305 2182/354 2161/325
f 2842/879 1910/136 2839/877 2838/875
f 2837/874 2842/879 2838/875 2836/873
f 1911/141 2837/874 2836/873 1867/88
f 1912/140 1911/141 1867/88 1866/85
f 1913/143 1912/140 1866/85 1925/158
f 1913/143 1925/158 1928/159 1933/166
f 1944/76 1933/166 1928/159 1941/156
f 1856/76 1944/76 1941/156 1923/156
f 1922/157 1857/75 1856/76 1923/156
f 1930/163 1858/78 1857/75 1922/157
f 1896/111 1858/78 1930/163 1931/164
f 1892/109 1893/110 1896/111 1931/164
f 1893/110 1892/109 1891/107 1846/58
f 1889/107 1834/58 1846/58 1891/107
f 1834/58 1889/107 1890/108 1835/57
f 1888/106 1796/28 1835/57 1890/108
f 1796/28 1888/106 1887/105 1797/27
f 1797/27 1887/105 1885/103 1842/64
f 1842/64 1885/103 1886/104 2834/871
f 1802/30 1801/31 2834/871 1886/104
f 1801/31 1800/32 1805/35 2834/871
f 1847/67 1799/29 1802/30 1947/180
f 1947/180 1883/102 1848/70 1847/67
f 2859/892 2858/895 2860/894 2861/893
f 2863/896 2862/899 2866/898 2867/897
f 2864/900 3444/903 2863/902 2867/901
f 2868/904 2869/907 2865/906 2864/905
f 2868/908 2864/911 2867/910 2866/909
f 2866/912 2870/915 2871/914 2868/913
f 2872/916 2873/919 2870/918 2866/917
f 2872/920 2874/923 2875/922 2873/921
f 2873/924 2875/927 2876/926 2877/925
f 2878/928 2871/931 2870/930 2879/929
f 2879/932 2870/935 2873/934 2877/933
f 2877/936 2880/939 2881/938 2879/937
f 2871/940 2878/943 2882/942 2883/941
f 2883/944 2869/947 2868/946 2871/945
f 2883/948 2884/951 2885/950 2869/949
f 2884/952 2883/955 2882/954 2886/953
f 2884/956 2886/959 2887/958 2888/957
f 2865/960 2869/963 2885/962 2889/961
f 2893/964 2892/967 2889/966 2885/965
f 2885/968 2884/971 2888/970 2893/969
f 2894/972 2895/975 2896/974 2897/973
f 2897/976 2896/979 2893/978 2888/977
f 2890/980 2892/983 2893/982 2896/981
f 2895/984 2891/987 2890/986 2896/985
f 2897/988 2888/991 2887/990 2898/989
f 2899/992 2894/995 2897/994 2898/993
f 2900/996 2901/999 2902/998 2903/997
f 2900/1000 2903/1003 2904/1002 2905/1001
f 2900/1004 2905/1007 2906/1006 2907/1005
f 2901/1008 2900/1011 2907/1010 2908/1009
f 2901/1012 2908/1015 2909/1014 2910/1013
f 2901/1016 2910/1019 2911/1018 2902/1017
f 2898/1020 2911/1023 2910/1022 2899/1021
f 2899/1024 2910/1027 2909/1026 2912/1025
f 2913/1028 2914/1031 2912/1030 2909/1029
f 2915/1032 2913/1035 2909/1034 2908/1033
f 2916/1036 2894/1039 2899/1038 2912/1037
f 2916/1040 2912/1043 2914/1042 2917/1041
f 2918/1044 2854/1047 2891/1046 2895/1045
f 2894/1048 2916/1051 2918/1050 2895/1049
f 2917/1052 2919/1055 2918/1054 2916/1053
f 2855/1056 2854/1059 2918/1058 2919/1057
f 2856/1060 2855/1063 2919/1062 2920/1061
f 2856/1064 2920/1067 2921/1066 2857/1065
f 2858/1068 2857/1071 2921/1070 2860/1069
f 2921/1072 2922/1075 2923/1074 2860/1073
f 2920/1076 2924/1079 2922/1078 2921/1077
f 2917/1080 2924/1083 2920/1082 2919/1081
f 2924/1084 2925/1087 2926/1086 2922/1085
f 2927/1088 2924/1091 2917/1090 2914/1089
f 2928/1092 2927/1095 2914/1094 2913/1093
f 2913/1096 2915/1099 2929/1098 2928/1097
f 2927/1100 2928/1103 2930/1102 2931/1101
f 2931/1104 2925/1107 2924/1106 2927/1105
f 2932/1108 2925/1111 2931/1110 2930/1109
f 2929/1112 2933/1115 2930/1114 2928/1113
f 2915/1116 2908/1119 2907/1118 2934/1117
f 2935/1120 2929/1123 2915/1122 2934/1121
f 85/1124 86/1127 2935/1126 2934/1125
f 87/1128 85/1131 2934/1130 2907/1129
f 2906/1132 88/1135 87/1134 2907/1133
f 2936/1136 2862/1139 2861/1138 2937/1137
f 2937/1140 2861/1143 2860/1142 2923/1141
f 2872/1144 2866/1147 2862/1146 2874/1145
f 2936/1148 2875/1151 2874/1150 2862/1149
f 2938/1152 2876/1155 2875/1154 2936/1153
f 2939/1156 2938/1159 2936/1158 2937/1157
f 2923/1160 2940/1163 2939/1162 2937/1161
f 2940/1164 2923/1167 2922/1166 2926/1165
f 2876/1168 2938/1171 2941/1170 2942/1169
f 2880/1172 2877/1175 2876/1174 2942/1173
f 2943/1176 2880/1179 2942/1178 2944/1177
f 2945/1180 2944/1183 2942/1182 2941/1181
f 2946/1184 2933/1187 2929/1186 2935/1185
f 2935/1188 86/1191 89/1190 2946/1189
f 2946/1192 89/1195 90/1194 2947/1193
f 2948/1196 2932/1199 2930/1198 2933/1197
f 2948/1200 2933/1203 2946/1202 2947/1201
f 90/1204 91/1207 2949/1206 2947/1205
f 2925/1208 2932/1211 2950/1210 2926/1209
f 2926/1212 2950/1215 2951/1214 2940/1213
f 2941/1216 2952/1219 2953/1218 2945/1217
f 2954/1220 2952/1223 2941/1222 2938/1221
f 2939/1224 2955/1227 2954/1226 2938/1225
f 2939/1228 2940/1231 2951/1230 2955/1229
f 2956/1232 2950/1235 2932/1234 2948/1233
f 2957/1236 2956/1239 2948/1238 2947/1237
f 2958/1240 2957/1243 2947/1242 2949/1241
f 2958/1244 2949/1247 91/1246 92/1245
f 2958/1248 92/1251 93/1250 2959/1249
f 2957/1252 2958/1255 2959/1254 2960/1253
f 2956/1256 2957/1259 2960/1258 2961/1257
f 2950/1260 2956/1263 2961/1262 2951/1261
f 2962/1264 2955/1267 2951/1266 2961/1265
f 2963/1268 2962/1271 2961/1270 2960/1269
f 2963/1272 2960/1275 2959/1274 2964/1273
f 2955/1276 2962/1279 2965/1278 2954/1277
f 2963/1280 2966/1283 2965/1282 2962/1281
f 2964/1284 2967/1287 2966/1286 2963/1285
f 2964/1288 2959/1291 93/1290 94/1289
f 2966/1292 2967/1295 2968/1294 2969/1293
f 2965/1296 2966/1299 2969/1298 2970/1297
f 2954/1300 2965/1303 2970/1302 2952/1301
f 2971/1304 2953/1307 2952/1306 2970/1305
f 2972/1308 2973/1311 2971/1310 2970/1309
f 2974/1312 2972/1315 2970/1314 2969/1313
f 2975/1316 2974/1319 2969/1318 2968/1317
f 2976/1320 2977/1323 2972/1322 2974/1321
f 2978/1324 2976/1327 2974/1326 2975/1325
f 2979/1328 2980/1331 2945/1330 2953/1329
f 2943/1332 2944/1335 2945/1334 2980/1333
f 2881/1336 2880/1339 2943/1338 2980/1337
f 2976/1340 2978/1343 2847/1342 2981/1341
f 2977/1344 2976/1347 2981/1346 2982/1345
f 2977/1348 2982/1351 2983/1350 2984/1349
f 2973/1352 2972/1355 2977/1354 2984/1353
f 2973/1356 2984/1359 2985/1358 2986/1357
f 2987/1360 2979/1363 2953/1362 2971/1361
f 2986/1364 2987/1367 2971/1366 2973/1365
f 2988/1368 2989/1371 2882/1370 2878/1369
f 2990/1372 2988/1375 2878/1374 2879/1373
f 2990/1376 2879/1379 2881/1378 2991/1377
f 2979/1380 2991/1383 2881/1382 2980/1381
f 2992/1384 2991/1387 2979/1386 2987/1385
f 2993/1388 2992/1391 2987/1390 2986/1389
f 2994/1392 2993/1395 2986/1394 2985/1393
f 2983/1396 2994/1399 2985/1398 2984/1397
f 2886/1400 2882/1403 2989/1402 2995/1401
f 2887/1404 2886/1407 2995/1406 2996/1405
f 2911/1408 2898/1411 2887/1410 2996/1409
f 2902/1412 2911/1415 2996/1414 2995/1413
f 2997/1416 2903/1419 2902/1418 2995/1417
f 2997/1420 2995/1423 2989/1422 2998/1421
f 2999/1424 2998/1427 2989/1426 2988/1425
f 2999/1428 2988/1431 2990/1430 3000/1429
f 3000/1432 2990/1435 2991/1434 2992/1433
f 3000/1436 2992/1439 2993/1438 3001/1437
f 3002/1440 2999/1443 3000/1442 3001/1441
f 2993/1444 2994/1447 3003/1446 3001/1445
f 3004/1448 3002/1451 3001/1450 3003/1449
f 3005/1452 3002/1455 3004/1454 3006/1453
f 3006/1456 3007/1459 3008/1458 3005/1457
f 2998/1460 2999/1463 3002/1462 3005/1461
f 3008/1464 2997/1467 2998/1466 3005/1465
f 3004/1468 3003/1471 3009/1470 3010/1469
f 3003/1472 2994/1475 2983/1474 3009/1473
f 3009/1476 3011/1479 3012/1478 3010/1477
f 3011/1480 3009/1483 2983/1482 2982/1481
f 3011/1484 2982/1487 2981/1486 3013/1485
f 3012/1488 3011/1491 3013/1490 2853/1489
f 3006/1492 3004/1495 3010/1494 3014/1493
f 3015/1496 3007/1499 3006/1498 3014/1497
f 3016/1500 3017/1503 3015/1502 3014/1501
f 3016/1504 3014/1507 3010/1506 3012/1505
f 3018/1508 3016/1511 3012/1510 2853/1509
f 2853/1512 2840/1515 2839/1514 3018/1513
f 2904/1516 2903/1519 2997/1518 3008/1517
f 2904/1520 3008/1523 3007/1522 3019/1521
f 2905/1524 2904/1527 3019/1526 3020/1525
f 2906/1528 2905/1531 3020/1530 3021/1529
f 88/1532 2906/1535 3021/1534 95/1533
f 95/1536 3021/1539 3022/1538 96/1537
f 3023/1540 97/1543 96/1542 3022/1541
f 3024/1544 3023/1547 3022/1546 3025/1545
f 3025/1548 3022/1551 3021/1550 3020/1549
f 3019/1552 3026/1555 3025/1554 3020/1553
f 3026/1556 3019/1559 3007/1558 3015/1557
f 3026/1560 3015/1563 3017/1562 3027/1561
f 3027/1564 3024/1567 3025/1566 3026/1565
f 3017/1568 3016/1571 3028/1570 3027/1569
f 3024/1572 3027/1575 3028/1574 3029/1573
f 3023/1576 3024/1579 3029/1578 3030/1577
f 3030/1580 98/1583 97/1582 3023/1581
f 3031/1584 98/1587 3030/1586 3029/1585
f 3032/1588 3031/1591 3029/1590 3028/1589
f 3032/1592 3028/1595 3016/1594 3018/1593
f 3018/1596 2839/1599 1910/1598 3032/1597
f 3032/1600 1910/1603 1909/1602 3031/1601
f 12/1604 98/1607 3031/1606 1909/1605
f 99/851 84/889 2852/890 3033/1608
f 2850/888 3033/1608 2852/890 2851/887
f 2843/880 2845/3415 2851/887 2852/890
f 2849/176 2853/176 3013/1610 2848/1609
f 3013/1610 2981/1612 2847/1611 2848/1609
f 2847/1613 2978/1324 2975/1325 2846/1614
f 2846/1615 2975/1316 2968/1317 2844/1616
f 2967/1295 2850/1618 2844/1617 2968/1294
f 3033/1619 2850/1620 2967/1287 2964/1284
f 3033/1621 2964/1288 94/1289 99/1622
f 3034/1623 3035/1626 3036/1625 3037/1624
f 3038/1627 3034/1630 3037/1629 3039/1628
f 3040/1631 3038/1634 3039/1633 3041/1632
f 3042/1635 3040/1638 3041/1637 3043/1636
f 3044/1639 3042/1642 3043/1641 3045/1640
f 3046/1643 3044/1646 3045/1645 3047/1644
f 3048/1647 3049/1650 3047/1649 3045/1648
f 3045/1651 3043/1654 3050/1653 3048/1652
f 3051/1655 3052/1658 3053/1657 3054/1656
f 3042/1659 3044/1662 3055/1661 3056/1660
f 3040/1663 3042/1666 3056/1665 3057/1664
f 3057/1667 3058/1670 3038/1669 3040/1668
f 3044/1671 3046/1674 3059/1673 3055/1672
f 3055/1675 3059/1678 3060/1677 3061/1676
f 3056/1679 3055/1682 3061/1681 3062/1680
f 3062/1683 3063/1686 3064/1685 3065/1684
f 3057/1687 3056/1690 3062/1689 3065/1688
f 3058/1691 3057/1694 3065/1693 3066/1692
f 3061/1695 3060/1698 3067/1697 3068/1696
f 3063/1699 3062/1702 3061/1701 3068/1700
f 3069/1703 3070/1706 3068/1705 3067/1704
f 3070/1707 3069/1710 3054/1709 3053/1708
f 3071/1711 3063/1714 3068/1713 3070/1712
f 3071/1715 3070/1718 3053/1717 3072/1716
f 3071/1719 3072/1722 3073/1721 3074/1720
f 3063/1723 3071/1726 3074/1725 3064/1724
f 3075/1727 3066/1730 3065/1729 3064/1728
f 3076/1731 3075/1734 3064/1733 3074/1732
f 3074/1735 3073/1738 3077/1737 3076/1736
f 3078/1739 3049/1742 3048/1741 3079/1740
f 3078/1743 3079/1746 3052/1745 3051/1744
f 3072/1747 3053/1750 3052/1749 3080/1748
f 3073/1751 3072/1754 3080/1753 3081/1752
f 3081/1755 3082/1758 3077/1757 3073/1756
f 3083/1759 3080/1762 3052/1761 3079/1760
f 3084/1763 3083/1766 3079/1765 3048/1764
f 3084/1767 3048/1770 3050/1769 3085/1768
f 3084/1771 3085/1774 3086/1773 3087/1772
f 3083/1775 3084/1778 3087/1777 3088/1776
f 3081/1779 3080/1782 3083/1781 3088/1780
f 3082/1783 3081/1786 3088/1785 3089/1784
f 3090/1787 3086/1790 3085/1789 3050/1788
f 3090/1791 3050/1794 3043/1793 3041/1792
f 3090/1795 3041/1798 3039/1797 3091/1796
f 3086/1799 3090/1802 3091/1801 3092/1800
f 3087/1803 3086/1806 3092/1805 3093/1804
f 3093/1807 3089/1810 3088/1809 3087/1808
f 3094/1811 3095/1814 3089/1813 3093/1812
f 3096/1815 3094/1818 3093/1817 3092/1816
f 3096/1819 3092/1822 3091/1821 3097/1820
f 3097/1823 3091/1826 3039/1825 3037/1824
f 3097/1827 3037/1830 3036/1829 3098/1828
f 3096/1831 3097/1834 3098/1833 3099/1832
f 3094/1835 3096/1838 3099/1837 3100/1836
f 3095/1839 3094/1842 3100/1841 3101/1840
f 3102/1843 3103/1846 3101/1845 3100/1844
f 3104/1847 3102/1850 3100/1849 3099/1848
f 3099/1851 3098/1854 3105/1853 3104/1852
f 3103/1855 3102/1858 3106/1857 3107/1856
f 3082/1859 3089/1862 3095/1861 3108/1860
f 3077/1863 3082/1866 3108/1865 3109/1864
f 3110/1867 3111/1870 3109/1869 3108/1868
f 3110/1871 3108/1874 3095/1873 3101/1872
f 3110/1875 3101/1878 3103/1877 3112/1876
f 3113/1879 3111/1882 3110/1881 3112/1880
f 3103/1883 3107/1886 3114/1885 3112/1884
f 3114/1887 3115/1890 3113/1889 3112/1888
f 3116/1891 3114/1894 3117/1893 3118/1892
f 2865/1895 3442/1898 3441/1897 2864/1896
f 2864/1899 3441/1902 3440/1901 3444/1900
f 3442/1903 2865/1906 2889/1905 3443/1904
f 3115/1907 3114/1910 3116/1909 3120/1908
f 3120/1911 3121/1914 3122/1913 3115/1912
f 2889/1915 3121/1918 3120/1917 3443/1916
f 3113/1919 3115/1922 3122/1921 3123/1920
f 3111/1923 3113/1926 3123/1925 3124/1924
f 3109/1927 3111/1930 3124/1929 3125/1928
f 3076/1931 3077/1934 3109/1933 3125/1932
f 3075/1935 3076/1938 3125/1937 3126/1936
f 3066/1939 3075/1942 3126/1941 3127/1940
f 3034/1943 3038/1946 3058/1945 3128/1944
f 3128/1947 3058/1950 3066/1949 3127/1948
f 3128/1951 3127/1954 3129/1953 3130/1952
f 3035/1955 3034/1958 3128/1957 3130/1956
f 3130/1959 3131/1962 3132/1961 3035/1960
f 3133/1963 3131/1966 3130/1965 3129/1964
f 3134/1967 3133/1970 3129/1969 3135/1968
f 3135/1971 3129/1974 3127/1973 3126/1972
f 3135/1975 3126/1978 3125/1977 3124/1976
f 3134/1979 3135/1982 3124/1981 3123/1980
f 3136/1983 3134/1986 3123/1985 3122/1984
f 3137/1987 3136/1990 3122/1989 3121/1988
f 3137/1991 3121/1994 2889/1993 2892/1992
f 2890/1995 2891/1998 3138/1997 3139/1996
f 3137/1999 2892/2002 2890/2001 3139/2000
f 3136/2003 3137/2006 3139/2005 3140/2004
f 3133/2007 3134/2010 3136/2009 3140/2008
f 3141/2011 3131/2014 3133/2013 3140/2012
f 3141/2015 3140/2018 3139/2017 3138/2016
f 3142/2019 3132/2022 3131/2021 3141/2020
f 3138/2023 3143/2026 3142/2025 3141/2024
f 2854/2027 3143/2030 3138/2029 2891/2028
f 2855/2031 3144/2034 3143/2033 2854/2032
f 3145/2035 3142/2038 3143/2037 3144/2036
f 3146/2039 3105/2042 3098/2041 3036/2040
f 3146/2043 3036/2046 3035/2045 3132/2044
f 3146/2047 3132/2050 3142/2049 3145/2048
f 3105/2051 3146/2054 3145/2053 3147/2052
f 3105/2055 3147/2058 3148/2057 3104/2056
f 3102/2059 3104/2062 3148/2061 3106/2060
f 3149/2063 3106/2066 3148/2065 3150/2064
f 3148/2067 3147/2070 3151/2069 3150/2068
f 3151/2071 3147/2074 3145/2073 3144/2072
f 3151/2075 3144/2078 2855/2077 2856/2076
f 2858/2079 3149/2082 3150/2081 2857/2080
f 2856/2083 2857/2086 3150/2085 3151/2084
f 3149/2087 2858/2090 2859/2089 3152/2088
f 3107/2091 3106/2094 3149/2093 3152/2092
f 3117/2095 3114/2098 3107/2097 3153/2096
f 3119/2099 3118/2102 3117/2101 3153/2100
f 3119/2103 3153/2106 3107/2105 3152/2104
f 3154/2107 3046/2110 3047/2109 3155/2108
f 3156/2111 3157/2114 3154/2113 3155/2112
f 3158/2115 3159/2118 3156/2117 3155/2116
f 3049/2119 3158/2122 3155/2121 3047/2120
f 3160/2123 3161/2126 3157/2125 3156/2124
f 3160/2127 3156/2130 3159/2129 3162/2128
f 3160/2131 3162/2134 3163/2133 3164/2132
f 3165/2135 3161/2138 3160/2137 3164/2136
f 3166/2139 3167/2142 3165/2141 3164/2140
f 3166/2143 3164/2146 3163/2145 3168/2144
f 3169/2147 3170/2150 3171/2149 3172/2148
f 3166/2151 3168/2154 3169/2153 3172/2152
f 3173/2155 3167/2158 3166/2157 3172/2156
f 3174/2159 3173/2162 3172/2161 3171/2160
f 3175/2163 3176/2166 3174/2165 3171/2164
f 3177/2167 3175/2170 3171/2169 3170/2168
f 3178/2171 3179/2174 3177/2173 3170/2172
f 3180/2175 3181/2178 3178/2177 3182/2176
f 3183/2179 3184/2182 3185/2181 3186/2180
f 3187/2183 3183/2186 3186/2185 3180/2184
f 3187/2187 3180/2190 3182/2189 3188/2188
f 3182/2191 3178/2194 3170/2193 3169/2192
f 3188/2195 3182/2198 3169/2197 3168/2196
f 3189/2199 3188/2202 3168/2201 3163/2200
f 3190/2203 3189/2206 3163/2205 3162/2204
f 3191/2207 3190/2210 3162/2209 3159/2208
f 3192/2211 3191/2214 3159/2213 3158/2212
f 3054/2215 3193/2218 3194/2217 3051/2216
f 3193/2219 3195/2222 3196/2221 3194/2220
f 3195/2223 3193/2226 3197/2225 3198/2224
f 3199/2227 3200/2230 3201/2229 3202/2228
f 3195/2231 3198/2234 3199/2233 3202/2232
f 3203/2235 3196/2238 3195/2237 3202/2236
f 3204/2239 3203/2242 3202/2241 3201/2240
f 3205/2243 3206/2246 3204/2245 3201/2244
f 3205/2247 3201/2250 3200/2249 3207/2248
f 3208/2251 3209/2254 3210/2253 3211/2252
f 3205/2255 3207/2258 3208/2257 3211/2256
f 3211/2259 3212/2262 3206/2261 3205/2260
f 3209/2263 3208/2266 3213/2265 3214/2264
f 3209/2267 3214/2270 3215/2269 3216/2268
f 3210/2271 3209/2274 3216/2273 3217/2272
f 3218/2275 3184/2278 3183/2277 3219/2276
f 3210/2279 3217/2282 3218/2281 3219/2280
f 3211/2283 3210/2286 3219/2285 3212/2284
f 3220/2287 3221/2290 3215/2289 3214/2288
f 3220/2291 3214/2294 3213/2293 3222/2292
f 3220/2295 3222/2298 3223/2297 3224/2296
f 3221/2299 3220/2302 3224/2301 3225/2300
f 3226/2303 3225/2306 3224/2305 3227/2304
f 3228/2307 3226/2310 3227/2309 3229/2308
f 3230/2311 3228/2314 3229/2313 3231/2312
f 3232/2315 3181/2318 3180/2317 3186/2316
f 3232/2319 3186/2322 3185/2321 3233/2320
f 3232/2323 3233/2326 3230/2325 3231/2324
f 3234/2327 3179/2330 3178/2329 3181/2328
f 3234/2331 3181/2334 3232/2333 3231/2332
f 3235/2335 3234/2338 3231/2337 3229/2336
f 3227/2339 3224/2342 3223/2341 3236/2340
f 3227/2343 3236/2346 3235/2345 3229/2344
f 3237/2347 3238/2350 3175/2349 3177/2348
f 3239/2351 3237/2354 3177/2353 3179/2352
f 3239/2355 3179/2358 3234/2357 3235/2356
f 3240/2359 3239/2362 3235/2361 3236/2360
f 3223/2363 3241/2366 3240/2365 3236/2364
f 3240/2367 3241/2370 3242/2369 3243/2368
f 3237/2371 3239/2374 3240/2373 3243/2372
f 3238/2375 3237/2378 3243/2377 3244/2376
f 3176/2379 3175/2382 3238/2381 3244/2380
f 3174/2383 3176/2386 3244/2385 3245/2384
f 3245/2387 3244/2390 3243/2389 3242/2388
f 3246/2391 3247/2394 3242/2393 3241/2392
f 3241/2395 3223/2398 3222/2397 3246/2396
f 3246/2399 3222/2402 3213/2401 3248/2400
f 3248/2403 3213/2406 3208/2405 3207/2404
f 3248/2407 3207/2410 3200/2409 3249/2408
f 3250/2411 3247/2414 3246/2413 3248/2412
f 3251/2415 3250/2418 3248/2417 3249/2416
f 3252/2419 3253/2422 3251/2421 3249/2420
f 3252/2423 3249/2426 3200/2425 3199/2424
f 3198/2427 3197/2430 3254/2429 3255/2428
f 3252/2431 3199/2434 3198/2433 3255/2432
f 3256/2435 3253/2438 3252/2437 3255/2436
f 3255/2439 3254/2442 3257/2441 3256/2440
f 3251/2443 3253/2446 3258/2445 3259/2444
f 3250/2447 3251/2450 3259/2449 3260/2448
f 3247/2451 3250/2454 3260/2453 3261/2452
f 3245/2455 3242/2458 3247/2457 3261/2456
f 3173/2459 3174/2462 3245/2461 3261/2460
f 3167/2463 3173/2466 3261/2465 3260/2464
f 3165/2467 3167/2470 3260/2469 3259/2468
f 3161/2471 3165/2474 3259/2473 3258/2472
f 3262/2475 3157/2478 3161/2477 3258/2476
f 3262/2479 3258/2482 3253/2481 3256/2480
f 3262/2483 3256/2486 3257/2485 3263/2484
f 3154/2487 3157/2490 3262/2489 3263/2488
f 3059/2491 3046/2494 3154/2493 3263/2492
f 3059/2495 3263/2498 3257/2497 3060/2496
f 3197/2499 3193/2502 3054/2501 3069/2500
f 3254/2503 3197/2506 3069/2505 3067/2504
f 3060/2507 3257/2510 3254/2509 3067/2508
f 3212/2511 3219/2514 3183/2513 3187/2512
f 3206/2515 3212/2518 3187/2517 3188/2516
f 3204/2519 3206/2522 3188/2521 3189/2520
f 3203/2523 3204/2526 3189/2525 3190/2524
f 3196/2527 3203/2530 3190/2529 3191/2528
f 3196/2531 3191/2534 3192/2533 3194/2532
f 3194/2535 3192/2538 3078/2537 3051/2536
f 3192/2539 3158/2542 3049/2541 3078/2540
f 3264/2543 3265/2546 3266/2545 3267/2544
f 3268/2547 3269/2550 3270/2549 3271/2548
f 3272/2551 3273/2554 3274/2553 3275/2552
f 3276/2555 3277/2558 3278/2557 3279/2556
f 3280/2559 3281/2562 3282/2561 3283/2560
f 3233/2563 3284/2566 3285/2565 3218/2564
f 3218/2567 3285/2570 3286/2569 3184/2568
f 3184/2571 3286/2574 3287/2573 3185/2572
f 3185/2575 3287/2578 3284/2577 3233/2576
f 3284/2579 3288/2582 3289/2581 3285/2580
f 3285/2583 3289/2586 3290/2585 3286/2584
f 3286/2587 3290/2590 3291/2589 3287/2588
f 3287/2591 3291/2594 3288/2593 3284/2592
f 3292/2595 3293/2598 3294/2597 3295/2596
f 3295/2599 3294/2602 3296/2601 3297/2600
f 3297/2603 3296/2606 3298/2605 3299/2604
f 3299/2607 3298/2610 3293/2609 3292/2608
f 3217/2611 3300/2614 3301/2613 3218/2612
f 3218/2615 3301/2618 3302/2617 3233/2616
f 3233/2619 3302/2622 3303/2621 3230/2620
f 3230/2623 3303/2626 3300/2625 3217/2624
f 3300/2627 3304/2630 3305/2629 3301/2628
f 3301/2631 3305/2634 3306/2633 3302/2632
f 3302/2635 3306/2638 3307/2637 3303/2636
f 3303/2639 3307/2642 3304/2641 3300/2640
f 3308/2643 3309/2646 3310/2645 3311/2644
f 3311/2647 3310/2650 3312/2649 3313/2648
f 3313/2651 3312/2654 3314/2653 3315/2652
f 3315/2655 3314/2658 3309/2657 3308/2656
f 3316/2659 3317/2662 3318/2661 3319/2660
f 3319/2663 3318/2666 3320/2665 3321/2664
f 3321/2667 3320/2670 3322/2669 3323/2668
f 3323/2671 3322/2674 3317/2673 3316/2672
f 3217/2675 3324/2678 3325/2677 3230/2676
f 3230/2679 3325/2682 3326/2681 3228/2680
f 3228/2683 3326/2686 3327/2685 3216/2684
f 3216/2687 3327/2690 3324/2689 3217/2688
f 3324/2691 3328/2694 3329/2693 3325/2692
f 3325/2695 3329/2698 3330/2697 3326/2696
f 3326/2699 3330/2702 3331/2701 3327/2700
f 3327/2703 3331/2706 3328/2705 3324/2704
f 3332/2707 3333/2710 3334/2709 3335/2708
f 3335/2711 3334/2714 3336/2713 3337/2712
f 3337/2715 3336/2718 3338/2717 3339/2716
f 3339/2719 3338/2722 3333/2721 3332/2720
f 3340/2723 3341/2726 3342/2725 3343/2724
f 3343/2727 3342/2730 3344/2729 3345/2728
f 3345/2731 3344/2734 3346/2733 3347/2732
f 3347/2735 3346/2738 3341/2737 3340/2736
f 3216/2739 3348/2742 3349/2741 3228/2740
f 3228/2743 3349/2746 3350/2745 3226/2744
f 3226/2747 3350/2750 3351/2749 3215/2748
f 3215/2751 3351/2754 3348/2753 3216/2752
f 3351/2755 3352/2758 3353/2757 3348/2756
f 3350/2759 3354/2762 3352/2761 3351/2760
f 3349/2763 3355/2766 3354/2765 3350/2764
f 3348/2767 3353/2770 3355/2769 3349/2768
f 3356/2771 3357/2774 3358/2773 3359/2772
f 3359/2775 3358/2778 3360/2777 3361/2776
f 3361/2779 3360/2782 3362/2781 3363/2780
f 3363/2783 3362/2786 3357/2785 3356/2784
f 3364/2787 3365/2790 3366/2789 3367/2788
f 3367/2791 3366/2794 3368/2793 3369/2792
f 3369/2795 3368/2798 3370/2797 3371/2796
f 3371/2799 3370/2802 3365/2801 3364/2800
f 3215/2803 3372/2806 3373/2805 3226/2804
f 3226/2807 3373/2810 3374/2809 3225/2808
f 3225/2811 3374/2814 3375/2813 3221/2812
f 3221/2815 3375/2818 3372/2817 3215/2816
f 3372/2819 3376/2822 3377/2821 3373/2820
f 3373/2823 3377/2826 3378/2825 3374/2824
f 3374/2827 3378/2830 3379/2829 3375/2828
f 3375/2831 3379/2834 3376/2833 3372/2832
f 3380/2835 3381/2838 3382/2837 3383/2836
f 3383/2839 3382/2842 3384/2841 3385/2840
f 3385/2843 3384/2846 3386/2845 3387/2844
f 3387/2847 3386/2850 3381/2849 3380/2848
f 3288/2851 3388/2854 3389/2853 3289/2852
f 3291/2855 3390/2858 3388/2857 3288/2856
f 3290/2859 3391/2862 3390/2861 3291/2860
f 3289/2863 3389/2866 3391/2865 3290/2864
f 3388/2867 3292/2870 3295/2869 3389/2868
f 3390/2871 3299/2874 3292/2873 3388/2872
f 3391/2875 3297/2878 3299/2877 3390/2876
f 3389/2879 3295/2882 3297/2881 3391/2880
f 3293/2883 3280/2886 3283/2885 3294/2884
f 3298/2887 3281/2890 3280/2889 3293/2888
f 3296/2891 3282/2894 3281/2893 3298/2892
f 3392/2895 3393/2898 3394/2897 3395/2896
f 3304/2899 3396/2902 3397/2901 3305/2900
f 3307/2903 3398/2906 3396/2905 3304/2904
f 3306/2907 3399/2910 3398/2909 3307/2908
f 3305/2911 3397/2914 3399/2913 3306/2912
f 3331/2915 3400/2918 3401/2917 3328/2916
f 3330/2919 3402/2922 3400/2921 3331/2920
f 3329/2923 3403/2926 3402/2925 3330/2924
f 3328/2927 3401/2930 3403/2929 3329/2928
f 3352/2931 3404/2934 3405/2933 3353/2932
f 3354/2935 3406/2938 3404/2937 3352/2936
f 3355/2939 3407/2942 3406/2941 3354/2940
f 3353/2943 3405/2946 3407/2945 3355/2944
f 3379/2947 3408/2950 3409/2949 3376/2948
f 3378/2951 3410/2954 3408/2953 3379/2952
f 3377/2955 3411/2958 3410/2957 3378/2956
f 3376/2959 3409/2962 3411/2961 3377/2960
f 3396/2963 3308/2966 3311/2965 3397/2964
f 3398/2967 3315/2970 3308/2969 3396/2968
f 3399/2971 3313/2974 3315/2973 3398/2972
f 3397/2975 3311/2978 3313/2977 3399/2976
f 3309/2979 3412/2982 3413/2981 3310/2980
f 3314/2983 3414/2986 3412/2985 3309/2984
f 3312/2987 3415/2990 3414/2989 3314/2988
f 3310/2991 3413/2994 3415/2993 3312/2992
f 3400/2995 3339/2998 3332/2997 3401/2996
f 3402/2999 3337/3002 3339/3001 3400/3000
f 3403/3003 3335/3006 3337/3005 3402/3004
f 3401/3007 3332/3010 3335/3009 3403/3008
f 3338/3011 3416/3014 3417/3013 3333/3012
f 3336/3015 3418/3018 3416/3017 3338/3016
f 3334/3019 3419/3022 3418/3021 3336/3020
f 3333/3023 3417/3026 3419/3025 3334/3024
f 3404/3027 3363/3030 3356/3029 3405/3028
f 3406/3031 3361/3034 3363/3033 3404/3032
f 3407/3035 3359/3038 3361/3037 3406/3036
f 3405/3039 3356/3042 3359/3041 3407/3040
f 3362/3043 3420/3046 3421/3045 3357/3044
f 3360/3047 3422/3050 3420/3049 3362/3048
f 3358/3051 3423/3054 3422/3053 3360/3052
f 3357/3055 3421/3058 3423/3057 3358/3056
f 3408/3059 3387/3062 3380/3061 3409/3060
f 3410/3063 3385/3066 3387/3065 3408/3064
f 3411/3067 3383/3070 3385/3069 3410/3068
f 3409/3071 3380/3074 3383/3073 3411/3072
f 3424/3075 3425/3078 3426/3077 3427/3076
f 3384/3079 3266/3082 3265/3081 3386/3080
f 3382/3083 3267/3086 3266/3085 3384/3084
f 3381/3087 3264/3090 3267/3089 3382/3088
f 3420/3091 3371/3094 3364/3093 3421/3092
f 3422/3095 3369/3098 3371/3097 3420/3096
f 3423/3099 3367/3102 3369/3101 3422/3100
f 3421/3103 3364/3106 3367/3105 3423/3104
f 3428/3107 3429/3110 3430/3109 3431/3108
f 3368/3111 3270/3114 3269/3113 3370/3112
f 3366/3115 3271/3118 3270/3117 3368/3116
f 3365/3119 3268/3122 3271/3121 3366/3120
f 3416/3123 3347/3126 3340/3125 3417/3124
f 3418/3127 3345/3130 3347/3129 3416/3128
f 3419/3131 3343/3134 3345/3133 3418/3132
f 3417/3135 3340/3138 3343/3137 3419/3136
f 3432/3139 3433/3142 3434/3141 3435/3140
f 3344/3143 3274/3146 3273/3145 3346/3144
f 3342/3147 3275/3150 3274/3149 3344/3148
f 3341/3151 3272/3154 3275/3153 3342/3152
f 3436/3155 3437/3158 3438/3157 3439/3156
f 3322/3159 3277/3162 3276/3161 3317/3160
f 3320/3163 3278/3166 3277/3165 3322/3164
f 3318/3167 3279/3170 3278/3169 3320/3168
f 3412/3171 3316/3174 3319/3173 3413/3172
f 3414/3175 3323/3178 3316/3177 3412/3176
f 3415/3179 3321/3182 3323/3181 3414/3180
f 3413/3183 3319/3186 3321/3185 3415/3184
f 3294/3187 3392/3190 3395/3189 3296/3188
f 3296/3191 3395/3194 3394/3193 3282/3192
f 3282/3195 3394/3198 3393/3197 3283/3196
f 3283/3199 3393/3202 3392/3201 3294/3200
f 3317/3203 3436/3206 3439/3205 3318/3204
f 3318/3207 3439/3210 3438/3209 3279/3208
f 3279/3211 3438/3214 3437/3213 3276/3212
f 3276/3215 3437/3218 3436/3217 3317/3216
f 3346/3219 3432/3222 3435/3221 3341/3220
f 3341/3223 3435/3226 3434/3225 3272/3224
f 3272/3227 3434/3230 3433/3229 3273/3228
f 3273/3231 3433/3234 3432/3233 3346/3232
f 3370/3235 3428/3238 3431/3237 3365/3236
f 3365/3239 3431/3242 3430/3241 3268/3240
f 3268/3243 3430/3246 3429/3245 3269/3244
f 3269/3247 3429/3250 3428/3249 3370/3248
f 3386/3251 3424/3254 3427/3253 3381/3252
f 3381/3255 3427/3258 3426/3257 3264/3256
f 3264/3259 3426/3262 3425/3261 3265/3260
f 3265/3263 3425/3266 3424/3265 3386/3264
f 3441/1902 3118/3268 3119/3267 3440/1901
f 3442/1898 3116/3270 3118/3269 3441/1897
f 3116/3271 3442/1903 3443/1904 3120/3272
f 2861/3273 2862/3275 2863/3274 3444/903
f 3444/903 3440/1901 2859/3276 2861/3273
f 3440/1901 3119/3278 3152/3277 2859/3276
f 3445/574 925/603 927/605 3446/576
f 3447/852 3446/576 927/605 921/570
f 904/554 905/557 3447/3416 921/570
f 905/557 1006/674 3448/672 3447/783
f 1006/674 916/566 3449/579 3448/672
f 3450/580 3449/579 916/566 917/568
f 3451/583 3450/580 917/568 931/606
f 3452/562 3451/583 931/606 912/607
f 912/607 915/604 3453/563 3452/562
f 3445/574 3453/563 915/604 925/603
f 2585/3365 3455/3339 3454/3342 2588/3361
f 3456/3356 3455/3339 2585/3365 2604/3364
f 3457/3353 3456/3356 2604/3364 2590/3344
f 3458/3354 3457/3353 2590/3344 2589/3343
f 2679/3388 3459/3386 3458/3354 2589/3343
f 2578/557 3460/3406 3459/3386 2679/3388
f 2577/3336 2594/570 3460/3417 2578/557
f 3461/3350 3460/3414 2594/570 2600/3363
f 3462/3348 3461/3350 2600/3363 2598/3362
f 3454/3342 3462/3348 2598/3362 2588/3361
f 1119/176 1120/370 3464/397 3463/4
f 1121/176 1119/370 3463/397 3465/4
f 1122/176 1121/370 3465/397 3466/4
f 1123/176 1122/370 3466/397 3467/4
f 1124/176 1123/370 3467/397 3468/4
f 1125/176 1124/370 3468/397 3469/4
f 1126/176 1125/370 3469/397 3470/4
f 1127/176 1126/370 3470/397 3471/4
f 1120/176 1127/370 3471/397 3464/4
f 2793/176 2792/370 3472/397 3473/4
f 2792/176 2794/370 3474/397 3472/4
f 2794/176 2795/370 3475/397 3474/4
f 2795/176 2796/370 3476/397 3475/4
f 2796/176 2797/370 3477/397 3476/4
f 2797/176 2798/370 3478/397 3477/4
f 2798/176 2799/370 3479/397 3478/4
f 2799/176 2800/370 3480/397 3479/4
f 2800/176 2793/370 3473/397 3480/4
f 3463/176 3464/370 3482/397 3481/4
f 3465/176 3463/370 3481/397 3483/4
f 3466/176 3465/370 3483/397 3484/4
f 3467/176 3466/370 3484/397 3485/4
f 3468/176 3467/370 3485/397 3486/4
f 3469/176 3468/370 3486/397 3487/4
f 3470/176 3469/370 3487/397 3488/4
f 3471/176 3470/370 3488/397 3489/4
f 3464/176 3471/370 3489/397 3482/4
f 3473/176 3472/370 3490/397 3491/4
f 3472/176 3474/370 3492/397 3490/4
f 3474/176 3475/370 3493/397 3492/4
f 3475/176 3476/370 3494/397 3493/4
f 3476/176 3477/370 3495/397 3494/4
f 3477/176 3478/370 3496/397 3495/4
f 3478/176 3479/370 3497/397 3496/4
f 3479/176 3480/370 3498/397 3497/4
f 3480/176 3473/370 3491/397 3498/4
f 993/663 996/666 3499/656 3500/655
f 996/666 995/665 3501/657 3499/656
f 995/665 994/664 3502/658 3501/657
f 994/664 993/663 3500/655 3502/658
f 2666/3379 2667/664 3504/3380 3503/3379
f 2667/664 2668/665 3505/3381 3504/3380
f 2668/665 2669/3382 3506/3382 3505/3381
f 2669/3382 2666/3379 3503/3418 3506/176

 